source_family,method,variant,preprocessing,dataset,status,report_value,report_time_s,report_time_rule,python_e2e_time_s,time_taken_s,total_time_s,time_taken_role,timeout_limit_s,log_path
current,cardinality,bitwise,off,scen01,timeout,,600.0,runlim_timeout_cap,4.67,,4.67,intermediate_before_runlim_timeout,600.0,D:\Research\FrequencyAssignment\SourceCode\SAT\pairwise\results\no_preprocessing\matched_bitwise\scen01.log
current,cardinality,bitwise,off,scen02,timeout,,600.0,runlim_timeout_cap,0.95,,0.95,intermediate_before_runlim_timeout,600.0,D:\Research\FrequencyAssignment\SourceCode\SAT\pairwise\results\no_preprocessing\matched_bitwise\scen02.log
current,cardinality,bitwise,off,scen03,timeout,,600.0,runlim_timeout_cap,9.95,,9.95,intermediate_before_runlim_timeout,600.0,D:\Research\FrequencyAssignment\SourceCode\SAT\pairwise\results\no_preprocessing\matched_bitwise\scen03.log
current,cardinality,bitwise,off,scen04,optimal,46,2.83,python_total_time,2.83,2.85,2.83,intermediate_or_final_unsat_step,,D:\Research\FrequencyAssignment\SourceCode\SAT\pairwise\results\no_preprocessing\matched_bitwise\scen04.log
current,cardinality,bitwise,off,scen05,optimal,40,12.57,python_total_time,12.57,,12.57,,,D:\Research\FrequencyAssignment\SourceCode\SAT\pairwise\results\no_preprocessing\matched_bitwise\scen05.log
current,cardinality,bitwise,off,scen06,infeasible,,3.64,python_early_exit_time_taken,3.64,3.64,,early_exit,,D:\Research\FrequencyAssignment\SourceCode\SAT\pairwise\results\no_preprocessing\matched_bitwise\scen06.log
current,cardinality,bitwise,off,scen07,infeasible,,7.83,python_early_exit_time_taken,7.83,7.83,,early_exit,,D:\Research\FrequencyAssignment\SourceCode\SAT\pairwise\results\no_preprocessing\matched_bitwise\scen07.log
current,cardinality,bitwise,off,scen08,infeasible,,14.99,python_early_exit_time_taken,14.99,14.99,,early_exit,,D:\Research\FrequencyAssignment\SourceCode\SAT\pairwise\results\no_preprocessing\matched_bitwise\scen08.log
current,cardinality,bitwise,off,scen09,infeasible,,0.31,python_early_exit_time_taken,0.31,0.31,,early_exit,,D:\Research\FrequencyAssignment\SourceCode\SAT\pairwise\results\no_preprocessing\matched_bitwise\scen09.log
current,cardinality,bitwise,off,scen10,infeasible,,0.31,python_early_exit_time_taken,0.31,0.31,,early_exit,,D:\Research\FrequencyAssignment\SourceCode\SAT\pairwise\results\no_preprocessing\matched_bitwise\scen10.log
current,cardinality,bitwise,off,scen11,timeout,,600.0,runlim_timeout_cap,13.84,,13.84,intermediate_before_runlim_timeout,600.0,D:\Research\FrequencyAssignment\SourceCode\SAT\pairwise\results\no_preprocessing\matched_bitwise\scen11.log
current,cardinality,bitwise,off,graph01,timeout,,600.0,runlim_timeout_cap,0.49,,0.49,intermediate_before_runlim_timeout,600.0,D:\Research\FrequencyAssignment\SourceCode\SAT\pairwise\results\no_preprocessing\matched_bitwise\graph01.log
current,cardinality,bitwise,off,graph02,timeout,,600.0,runlim_timeout_cap,1.33,,1.33,intermediate_before_runlim_timeout,600.0,D:\Research\FrequencyAssignment\SourceCode\SAT\pairwise\results\no_preprocessing\matched_bitwise\graph02.log
current,cardinality,bitwise,off,graph03,optimal,20,83.03,python_total_time,83.03,,83.03,,,D:\Research\FrequencyAssignment\SourceCode\SAT\pairwise\results\no_preprocessing\matched_bitwise\graph03.log
current,cardinality,bitwise,off,graph04,optimal,22,177.75,python_total_time,177.75,,177.75,,,D:\Research\FrequencyAssignment\SourceCode\SAT\pairwise\results\no_preprocessing\matched_bitwise\graph04.log
current,cardinality,bitwise,off,graph05,infeasible,,2.09,python_early_exit_time_taken,2.09,2.09,,early_exit,,D:\Research\FrequencyAssignment\SourceCode\SAT\pairwise\results\no_preprocessing\matched_bitwise\graph05.log
current,cardinality,bitwise,off,graph06,infeasible,,4.24,python_early_exit_time_taken,4.24,4.24,,early_exit,,D:\Research\FrequencyAssignment\SourceCode\SAT\pairwise\results\no_preprocessing\matched_bitwise\graph06.log
current,cardinality,bitwise,off,graph07,infeasible,,0.3,python_early_exit_time_taken,0.3,0.3,,early_exit,,D:\Research\FrequencyAssignment\SourceCode\SAT\pairwise\results\no_preprocessing\matched_bitwise\graph07.log
current,cardinality,bitwise,off,graph08,timeout,,600.0,runlim_timeout_cap,2.95,,2.95,intermediate_before_runlim_timeout,600.0,D:\Research\FrequencyAssignment\SourceCode\SAT\pairwise\results\no_preprocessing\matched_bitwise\graph08.log
current,cardinality,bitwise,off,graph09,timeout,,600.0,runlim_timeout_cap,10.1,,10.1,intermediate_before_runlim_timeout,600.0,D:\Research\FrequencyAssignment\SourceCode\SAT\pairwise\results\no_preprocessing\matched_bitwise\graph09.log
current,cardinality,bitwise,off,graph10,timeout,,600.0,runlim_timeout_cap,235.27,,235.27,intermediate_before_runlim_timeout,600.0,D:\Research\FrequencyAssignment\SourceCode\SAT\pairwise\results\no_preprocessing\matched_bitwise\graph10.log
current,cardinality,bitwise,off,graph11,infeasible,,7.61,python_early_exit_time_taken,7.61,7.61,,early_exit,,D:\Research\FrequencyAssignment\SourceCode\SAT\pairwise\results\no_preprocessing\matched_bitwise\graph11.log
current,cardinality,bitwise,off,graph12,infeasible,,0.59,python_early_exit_time_taken,0.59,0.59,,early_exit,,D:\Research\FrequencyAssignment\SourceCode\SAT\pairwise\results\no_preprocessing\matched_bitwise\graph12.log
current,cardinality,bitwise,off,graph13,infeasible,,11.23,python_early_exit_time_taken,11.23,11.23,,early_exit,,D:\Research\FrequencyAssignment\SourceCode\SAT\pairwise\results\no_preprocessing\matched_bitwise\graph13.log
current,cardinality,bitwise,off,graph14,optimal,8,41.76,python_total_time,41.76,,41.76,,,D:\Research\FrequencyAssignment\SourceCode\SAT\pairwise\results\no_preprocessing\matched_bitwise\graph14.log
current,cardinality,bitwise,off,TUD200.1,optimal,12,55.36,python_total_time,55.36,,55.36,,,D:\Research\FrequencyAssignment\SourceCode\SAT\pairwise\results\no_preprocessing\matched_bitwise\TUD200.1.log
current,cardinality,bitwise,off,TUD200.2,optimal,46,3.02,python_total_time,3.02,3.24,3.02,intermediate_or_final_unsat_step,,D:\Research\FrequencyAssignment\SourceCode\SAT\pairwise\results\no_preprocessing\matched_bitwise\TUD200.2.log
current,cardinality,bitwise,off,TUD200.3,optimal,14,7.6,python_total_time,7.6,,7.6,,,D:\Research\FrequencyAssignment\SourceCode\SAT\pairwise\results\no_preprocessing\matched_bitwise\TUD200.3.log
current,cardinality,bitwise,off,TUD200.4,optimal,20,2.07,python_total_time,2.07,,2.07,,,D:\Research\FrequencyAssignment\SourceCode\SAT\pairwise\results\no_preprocessing\matched_bitwise\TUD200.4.log
current,cardinality,bitwise,off,TUD200.5,infeasible,,2.41,python_early_exit_time_taken,2.41,2.41,,early_exit,,D:\Research\FrequencyAssignment\SourceCode\SAT\pairwise\results\no_preprocessing\matched_bitwise\TUD200.5.log
current,cardinality,bitwise,off,TUD916.1,optimal,18,91.63,python_total_time,91.63,,91.63,,,D:\Research\FrequencyAssignment\SourceCode\SAT\pairwise\results\no_preprocessing\matched_bitwise\TUD916.1.log
current,cardinality,bitwise,off,TUD916.2,optimal,48,12.74,python_total_time,12.74,12.98,12.74,intermediate_or_final_unsat_step,,D:\Research\FrequencyAssignment\SourceCode\SAT\pairwise\results\no_preprocessing\matched_bitwise\TUD916.2.log
current,cardinality,bitwise,off,TUD916.3,optimal,24,25.74,python_total_time,25.74,,25.74,,,D:\Research\FrequencyAssignment\SourceCode\SAT\pairwise\results\no_preprocessing\matched_bitwise\TUD916.3.log
current,cardinality,bitwise,off,TUD916.4,optimal,26,15.26,python_total_time,15.26,,15.26,,,D:\Research\FrequencyAssignment\SourceCode\SAT\pairwise\results\no_preprocessing\matched_bitwise\TUD916.4.log
current,cardinality,bitwise,off,TUD916.5,infeasible,,10.28,python_early_exit_time_taken,10.28,10.28,,early_exit,,D:\Research\FrequencyAssignment\SourceCode\SAT\pairwise\results\no_preprocessing\matched_bitwise\TUD916.5.log
current,cardinality,bitwise,on,scen01,timeout,,600.0,runlim_timeout_cap,4.97,,4.97,intermediate_before_runlim_timeout,600.0,D:\Research\FrequencyAssignment\SourceCode\SAT\pairwise\results\preprocessing\matched_bitwise\scen01.log
current,cardinality,bitwise,on,scen02,timeout,,600.0,runlim_timeout_cap,1.01,,1.01,intermediate_before_runlim_timeout,600.0,D:\Research\FrequencyAssignment\SourceCode\SAT\pairwise\results\preprocessing\matched_bitwise\scen02.log
current,cardinality,bitwise,on,scen03,timeout,,600.0,runlim_timeout_cap,9.98,,9.98,intermediate_before_runlim_timeout,600.0,D:\Research\FrequencyAssignment\SourceCode\SAT\pairwise\results\preprocessing\matched_bitwise\scen03.log
current,cardinality,bitwise,on,scen04,optimal,46,0.12,python_total_time,0.12,0.12,0.12,intermediate_or_final_unsat_step,,D:\Research\FrequencyAssignment\SourceCode\SAT\pairwise\results\preprocessing\matched_bitwise\scen04.log
current,cardinality,bitwise,on,scen05,optimal,40,0.76,python_total_time,0.76,,0.76,,,D:\Research\FrequencyAssignment\SourceCode\SAT\pairwise\results\preprocessing\matched_bitwise\scen05.log
current,cardinality,bitwise,on,scen06,infeasible,,0.23,python_early_exit_time_taken,0.23,0.23,,early_exit,,D:\Research\FrequencyAssignment\SourceCode\SAT\pairwise\results\preprocessing\matched_bitwise\scen06.log
current,cardinality,bitwise,on,scen07,infeasible,,0.2,python_early_exit_time_taken,0.2,0.2,,early_exit,,D:\Research\FrequencyAssignment\SourceCode\SAT\pairwise\results\preprocessing\matched_bitwise\scen07.log
current,cardinality,bitwise,on,scen08,infeasible,,0.28,python_early_exit_time_taken,0.28,0.28,,early_exit,,D:\Research\FrequencyAssignment\SourceCode\SAT\pairwise\results\preprocessing\matched_bitwise\scen08.log
current,cardinality,bitwise,on,scen09,infeasible,,0.01,python_early_exit_time_taken,0.01,0.01,,early_exit,,D:\Research\FrequencyAssignment\SourceCode\SAT\pairwise\results\preprocessing\matched_bitwise\scen09.log
current,cardinality,bitwise,on,scen10,infeasible,,0.02,python_early_exit_time_taken,0.02,0.02,,early_exit,,D:\Research\FrequencyAssignment\SourceCode\SAT\pairwise\results\preprocessing\matched_bitwise\scen10.log
current,cardinality,bitwise,on,scen11,timeout,,600.0,runlim_timeout_cap,13.98,,13.98,intermediate_before_runlim_timeout,600.0,D:\Research\FrequencyAssignment\SourceCode\SAT\pairwise\results\preprocessing\matched_bitwise\scen11.log
current,cardinality,bitwise,on,graph01,timeout,,600.0,runlim_timeout_cap,0.54,,0.54,intermediate_before_runlim_timeout,600.0,D:\Research\FrequencyAssignment\SourceCode\SAT\pairwise\results\preprocessing\matched_bitwise\graph01.log
current,cardinality,bitwise,on,graph02,timeout,,600.0,runlim_timeout_cap,1.42,,1.42,intermediate_before_runlim_timeout,600.0,D:\Research\FrequencyAssignment\SourceCode\SAT\pairwise\results\preprocessing\matched_bitwise\graph02.log
current,cardinality,bitwise,on,graph03,optimal,20,78.74,python_total_time,78.74,,78.74,,,D:\Research\FrequencyAssignment\SourceCode\SAT\pairwise\results\preprocessing\matched_bitwise\graph03.log
current,cardinality,bitwise,on,graph04,optimal,22,162.32,python_total_time,162.32,,162.32,,,D:\Research\FrequencyAssignment\SourceCode\SAT\pairwise\results\preprocessing\matched_bitwise\graph04.log
current,cardinality,bitwise,on,graph05,infeasible,,0.05,python_early_exit_time_taken,0.05,0.05,,early_exit,,D:\Research\FrequencyAssignment\SourceCode\SAT\pairwise\results\preprocessing\matched_bitwise\graph05.log
current,cardinality,bitwise,on,graph06,infeasible,,0.09,python_early_exit_time_taken,0.09,0.09,,early_exit,,D:\Research\FrequencyAssignment\SourceCode\SAT\pairwise\results\preprocessing\matched_bitwise\graph06.log
current,cardinality,bitwise,on,graph07,infeasible,,0.01,python_early_exit_time_taken,0.01,0.01,,early_exit,,D:\Research\FrequencyAssignment\SourceCode\SAT\pairwise\results\preprocessing\matched_bitwise\graph07.log
current,cardinality,bitwise,on,graph08,timeout,,600.0,runlim_timeout_cap,3.06,,3.06,intermediate_before_runlim_timeout,600.0,D:\Research\FrequencyAssignment\SourceCode\SAT\pairwise\results\preprocessing\matched_bitwise\graph08.log
current,cardinality,bitwise,on,graph09,timeout,,600.0,runlim_timeout_cap,10.25,,10.25,intermediate_before_runlim_timeout,600.0,D:\Research\FrequencyAssignment\SourceCode\SAT\pairwise\results\preprocessing\matched_bitwise\graph09.log
current,cardinality,bitwise,on,graph10,timeout,,600.0,runlim_timeout_cap,204.39,,204.39,intermediate_before_runlim_timeout,600.0,D:\Research\FrequencyAssignment\SourceCode\SAT\pairwise\results\preprocessing\matched_bitwise\graph10.log
current,cardinality,bitwise,on,graph11,infeasible,,0.16,python_early_exit_time_taken,0.16,0.16,,early_exit,,D:\Research\FrequencyAssignment\SourceCode\SAT\pairwise\results\preprocessing\matched_bitwise\graph11.log
current,cardinality,bitwise,on,graph12,infeasible,,0.01,python_early_exit_time_taken,0.01,0.01,,early_exit,,D:\Research\FrequencyAssignment\SourceCode\SAT\pairwise\results\preprocessing\matched_bitwise\graph12.log
current,cardinality,bitwise,on,graph13,infeasible,,0.3,python_early_exit_time_taken,0.3,0.3,,early_exit,,D:\Research\FrequencyAssignment\SourceCode\SAT\pairwise\results\preprocessing\matched_bitwise\graph13.log
current,cardinality,bitwise,on,graph14,optimal,8,41.62,python_total_time,41.62,,41.62,,,D:\Research\FrequencyAssignment\SourceCode\SAT\pairwise\results\preprocessing\matched_bitwise\graph14.log
current,cardinality,bitwise,on,TUD200.1,optimal,12,60.13,python_total_time,60.13,,60.13,,,D:\Research\FrequencyAssignment\SourceCode\SAT\pairwise\results\preprocessing\matched_bitwise\TUD200.1.log
current,cardinality,bitwise,on,TUD200.2,optimal,46,0.08,python_total_time,0.08,0.09,0.08,intermediate_or_final_unsat_step,,D:\Research\FrequencyAssignment\SourceCode\SAT\pairwise\results\preprocessing\matched_bitwise\TUD200.2.log
current,cardinality,bitwise,on,TUD200.3,optimal,14,4.23,python_total_time,4.23,,4.23,,,D:\Research\FrequencyAssignment\SourceCode\SAT\pairwise\results\preprocessing\matched_bitwise\TUD200.3.log
current,cardinality,bitwise,on,TUD200.4,optimal,20,0.12,python_total_time,0.12,,0.12,,,D:\Research\FrequencyAssignment\SourceCode\SAT\pairwise\results\preprocessing\matched_bitwise\TUD200.4.log
current,cardinality,bitwise,on,TUD200.5,infeasible,,0.06,python_early_exit_time_taken,0.06,0.06,,early_exit,,D:\Research\FrequencyAssignment\SourceCode\SAT\pairwise\results\preprocessing\matched_bitwise\TUD200.5.log
current,cardinality,bitwise,on,TUD916.1,optimal,18,54.08,python_total_time,54.08,,54.08,,,D:\Research\FrequencyAssignment\SourceCode\SAT\pairwise\results\preprocessing\matched_bitwise\TUD916.1.log
current,cardinality,bitwise,on,TUD916.2,optimal,48,0.35,python_total_time,0.35,0.35,0.35,intermediate_or_final_unsat_step,,D:\Research\FrequencyAssignment\SourceCode\SAT\pairwise\results\preprocessing\matched_bitwise\TUD916.2.log
current,cardinality,bitwise,on,TUD916.3,optimal,24,19.85,python_total_time,19.85,,19.85,,,D:\Research\FrequencyAssignment\SourceCode\SAT\pairwise\results\preprocessing\matched_bitwise\TUD916.3.log
current,cardinality,bitwise,on,TUD916.4,optimal,26,0.59,python_total_time,0.59,,0.59,,,D:\Research\FrequencyAssignment\SourceCode\SAT\pairwise\results\preprocessing\matched_bitwise\TUD916.4.log
current,cardinality,bitwise,on,TUD916.5,infeasible,,0.2,python_early_exit_time_taken,0.2,0.2,,early_exit,,D:\Research\FrequencyAssignment\SourceCode\SAT\pairwise\results\preprocessing\matched_bitwise\TUD916.5.log
current,cardinality,cardnetwrk,off,scen01,timeout,,600.0,runlim_timeout_cap,8.67,,8.67,intermediate_before_runlim_timeout,600.0,D:\Research\FrequencyAssignment\SourceCode\SAT\pairwise\results\no_preprocessing\matched_cardnetwrk\scen01.log
current,cardinality,cardnetwrk,off,scen02,timeout,,600.0,runlim_timeout_cap,1.59,,1.59,intermediate_before_runlim_timeout,600.0,D:\Research\FrequencyAssignment\SourceCode\SAT\pairwise\results\no_preprocessing\matched_cardnetwrk\scen02.log
current,cardinality,cardnetwrk,off,scen03,timeout,,600.0,runlim_timeout_cap,4.12,,4.12,intermediate_before_runlim_timeout,600.0,D:\Research\FrequencyAssignment\SourceCode\SAT\pairwise\results\no_preprocessing\matched_cardnetwrk\scen03.log
current,cardinality,cardnetwrk,off,scen04,optimal,46,4.41,python_total_time,4.41,4.44,4.41,intermediate_or_final_unsat_step,,D:\Research\FrequencyAssignment\SourceCode\SAT\pairwise\results\no_preprocessing\matched_cardnetwrk\scen04.log
current,cardinality,cardnetwrk,off,scen05,optimal,40,34.73,python_total_time,34.73,,34.73,,,D:\Research\FrequencyAssignment\SourceCode\SAT\pairwise\results\no_preprocessing\matched_cardnetwrk\scen05.log
current,cardinality,cardnetwrk,off,scen06,infeasible,,4.85,python_early_exit_time_taken,4.85,4.85,,early_exit,,D:\Research\FrequencyAssignment\SourceCode\SAT\pairwise\results\no_preprocessing\matched_cardnetwrk\scen06.log
current,cardinality,cardnetwrk,off,scen07,infeasible,,10.53,python_early_exit_time_taken,10.53,10.53,,early_exit,,D:\Research\FrequencyAssignment\SourceCode\SAT\pairwise\results\no_preprocessing\matched_cardnetwrk\scen07.log
current,cardinality,cardnetwrk,off,scen08,infeasible,,19.27,python_early_exit_time_taken,19.27,19.27,,early_exit,,D:\Research\FrequencyAssignment\SourceCode\SAT\pairwise\results\no_preprocessing\matched_cardnetwrk\scen08.log
current,cardinality,cardnetwrk,off,scen09,infeasible,,0.38,python_early_exit_time_taken,0.38,0.38,,early_exit,,D:\Research\FrequencyAssignment\SourceCode\SAT\pairwise\results\no_preprocessing\matched_cardnetwrk\scen09.log
current,cardinality,cardnetwrk,off,scen10,infeasible,,0.38,python_early_exit_time_taken,0.38,0.38,,early_exit,,D:\Research\FrequencyAssignment\SourceCode\SAT\pairwise\results\no_preprocessing\matched_cardnetwrk\scen10.log
current,cardinality,cardnetwrk,off,scen11,timeout,,600.0,runlim_timeout_cap,27.07,,27.07,intermediate_before_runlim_timeout,600.0,D:\Research\FrequencyAssignment\SourceCode\SAT\pairwise\results\no_preprocessing\matched_cardnetwrk\scen11.log
current,cardinality,cardnetwrk,off,graph01,timeout,,600.0,runlim_timeout_cap,0.9,,0.9,intermediate_before_runlim_timeout,600.0,D:\Research\FrequencyAssignment\SourceCode\SAT\pairwise\results\no_preprocessing\matched_cardnetwrk\graph01.log
current,cardinality,cardnetwrk,off,graph02,timeout,,600.0,runlim_timeout_cap,1.72,,1.72,intermediate_before_runlim_timeout,600.0,D:\Research\FrequencyAssignment\SourceCode\SAT\pairwise\results\no_preprocessing\matched_cardnetwrk\graph02.log
current,cardinality,cardnetwrk,off,graph03,optimal,20,75.47,python_total_time,75.47,,75.47,,,D:\Research\FrequencyAssignment\SourceCode\SAT\pairwise\results\no_preprocessing\matched_cardnetwrk\graph03.log
current,cardinality,cardnetwrk,off,graph04,optimal,22,158.86,python_total_time,158.86,,158.86,,,D:\Research\FrequencyAssignment\SourceCode\SAT\pairwise\results\no_preprocessing\matched_cardnetwrk\graph04.log
current,cardinality,cardnetwrk,off,graph05,infeasible,,2.86,python_early_exit_time_taken,2.86,2.86,,early_exit,,D:\Research\FrequencyAssignment\SourceCode\SAT\pairwise\results\no_preprocessing\matched_cardnetwrk\graph05.log
current,cardinality,cardnetwrk,off,graph06,infeasible,,5.83,python_early_exit_time_taken,5.83,5.83,,early_exit,,D:\Research\FrequencyAssignment\SourceCode\SAT\pairwise\results\no_preprocessing\matched_cardnetwrk\graph06.log
current,cardinality,cardnetwrk,off,graph07,infeasible,,0.36,python_early_exit_time_taken,0.36,0.36,,early_exit,,D:\Research\FrequencyAssignment\SourceCode\SAT\pairwise\results\no_preprocessing\matched_cardnetwrk\graph07.log
current,cardinality,cardnetwrk,off,graph08,timeout,,600.0,runlim_timeout_cap,9.89,,9.89,intermediate_before_runlim_timeout,600.0,D:\Research\FrequencyAssignment\SourceCode\SAT\pairwise\results\no_preprocessing\matched_cardnetwrk\graph08.log
current,cardinality,cardnetwrk,off,graph09,timeout,,600.0,runlim_timeout_cap,12.51,,12.51,intermediate_before_runlim_timeout,600.0,D:\Research\FrequencyAssignment\SourceCode\SAT\pairwise\results\no_preprocessing\matched_cardnetwrk\graph09.log
current,cardinality,cardnetwrk,off,graph10,timeout,,600.0,runlim_timeout_cap,222.33,,222.33,intermediate_before_runlim_timeout,600.0,D:\Research\FrequencyAssignment\SourceCode\SAT\pairwise\results\no_preprocessing\matched_cardnetwrk\graph10.log
current,cardinality,cardnetwrk,off,graph11,infeasible,,9.69,python_early_exit_time_taken,9.69,9.69,,early_exit,,D:\Research\FrequencyAssignment\SourceCode\SAT\pairwise\results\no_preprocessing\matched_cardnetwrk\graph11.log
current,cardinality,cardnetwrk,off,graph12,infeasible,,0.73,python_early_exit_time_taken,0.73,0.73,,early_exit,,D:\Research\FrequencyAssignment\SourceCode\SAT\pairwise\results\no_preprocessing\matched_cardnetwrk\graph12.log
current,cardinality,cardnetwrk,off,graph13,infeasible,,15.03,python_early_exit_time_taken,15.03,15.03,,early_exit,,D:\Research\FrequencyAssignment\SourceCode\SAT\pairwise\results\no_preprocessing\matched_cardnetwrk\graph13.log
current,cardinality,cardnetwrk,off,graph14,optimal,8,32.49,python_total_time,32.49,,32.49,,,D:\Research\FrequencyAssignment\SourceCode\SAT\pairwise\results\no_preprocessing\matched_cardnetwrk\graph14.log
current,cardinality,cardnetwrk,off,TUD200.1,optimal,12,42.59,python_total_time,42.59,,42.59,,,D:\Research\FrequencyAssignment\SourceCode\SAT\pairwise\results\no_preprocessing\matched_cardnetwrk\TUD200.1.log
current,cardinality,cardnetwrk,off,TUD200.2,optimal,46,4.08,python_total_time,4.08,4.64,4.08,intermediate_or_final_unsat_step,,D:\Research\FrequencyAssignment\SourceCode\SAT\pairwise\results\no_preprocessing\matched_cardnetwrk\TUD200.2.log
current,cardinality,cardnetwrk,off,TUD200.3,optimal,14,15.13,python_total_time,15.13,,15.13,,,D:\Research\FrequencyAssignment\SourceCode\SAT\pairwise\results\no_preprocessing\matched_cardnetwrk\TUD200.3.log
current,cardinality,cardnetwrk,off,TUD200.4,optimal,20,2.94,python_total_time,2.94,,2.94,,,D:\Research\FrequencyAssignment\SourceCode\SAT\pairwise\results\no_preprocessing\matched_cardnetwrk\TUD200.4.log
current,cardinality,cardnetwrk,off,TUD200.5,infeasible,,3.25,python_early_exit_time_taken,3.25,3.25,,early_exit,,D:\Research\FrequencyAssignment\SourceCode\SAT\pairwise\results\no_preprocessing\matched_cardnetwrk\TUD200.5.log
current,cardinality,cardnetwrk,off,TUD916.1,optimal,18,108.6,python_total_time,108.6,,108.6,,,D:\Research\FrequencyAssignment\SourceCode\SAT\pairwise\results\no_preprocessing\matched_cardnetwrk\TUD916.1.log
current,cardinality,cardnetwrk,off,TUD916.2,optimal,48,17.16,python_total_time,17.16,20.51,17.16,intermediate_or_final_unsat_step,,D:\Research\FrequencyAssignment\SourceCode\SAT\pairwise\results\no_preprocessing\matched_cardnetwrk\TUD916.2.log
current,cardinality,cardnetwrk,off,TUD916.3,optimal,24,36.41,python_total_time,36.41,,36.41,,,D:\Research\FrequencyAssignment\SourceCode\SAT\pairwise\results\no_preprocessing\matched_cardnetwrk\TUD916.3.log
current,cardinality,cardnetwrk,off,TUD916.4,optimal,26,44.31,python_total_time,44.31,,44.31,,,D:\Research\FrequencyAssignment\SourceCode\SAT\pairwise\results\no_preprocessing\matched_cardnetwrk\TUD916.4.log
current,cardinality,cardnetwrk,off,TUD916.5,infeasible,,13.81,python_early_exit_time_taken,13.81,13.81,,early_exit,,D:\Research\FrequencyAssignment\SourceCode\SAT\pairwise\results\no_preprocessing\matched_cardnetwrk\TUD916.5.log
current,cardinality,cardnetwrk,on,scen01,timeout,,600.0,runlim_timeout_cap,8.69,,8.69,intermediate_before_runlim_timeout,600.0,D:\Research\FrequencyAssignment\SourceCode\SAT\pairwise\results\preprocessing\matched_cardnetwrk\scen01.log
current,cardinality,cardnetwrk,on,scen02,timeout,,600.0,runlim_timeout_cap,1.66,,1.66,intermediate_before_runlim_timeout,600.0,D:\Research\FrequencyAssignment\SourceCode\SAT\pairwise\results\preprocessing\matched_cardnetwrk\scen02.log
current,cardinality,cardnetwrk,on,scen03,timeout,,600.0,runlim_timeout_cap,4.22,,4.22,intermediate_before_runlim_timeout,600.0,D:\Research\FrequencyAssignment\SourceCode\SAT\pairwise\results\preprocessing\matched_cardnetwrk\scen03.log
current,cardinality,cardnetwrk,on,scen04,optimal,46,0.09,python_total_time,0.09,0.1,0.09,intermediate_or_final_unsat_step,,D:\Research\FrequencyAssignment\SourceCode\SAT\pairwise\results\preprocessing\matched_cardnetwrk\scen04.log
current,cardinality,cardnetwrk,on,scen05,optimal,40,0.93,python_total_time,0.93,,0.93,,,D:\Research\FrequencyAssignment\SourceCode\SAT\pairwise\results\preprocessing\matched_cardnetwrk\scen05.log
current,cardinality,cardnetwrk,on,scen06,infeasible,,0.18,python_early_exit_time_taken,0.18,0.18,,early_exit,,D:\Research\FrequencyAssignment\SourceCode\SAT\pairwise\results\preprocessing\matched_cardnetwrk\scen06.log
current,cardinality,cardnetwrk,on,scen07,infeasible,,0.16,python_early_exit_time_taken,0.16,0.16,,early_exit,,D:\Research\FrequencyAssignment\SourceCode\SAT\pairwise\results\preprocessing\matched_cardnetwrk\scen07.log
current,cardinality,cardnetwrk,on,scen08,infeasible,,0.22,python_early_exit_time_taken,0.22,0.22,,early_exit,,D:\Research\FrequencyAssignment\SourceCode\SAT\pairwise\results\preprocessing\matched_cardnetwrk\scen08.log
current,cardinality,cardnetwrk,on,scen09,infeasible,,0.01,python_early_exit_time_taken,0.01,0.01,,early_exit,,D:\Research\FrequencyAssignment\SourceCode\SAT\pairwise\results\preprocessing\matched_cardnetwrk\scen09.log
current,cardinality,cardnetwrk,on,scen10,infeasible,,0.01,python_early_exit_time_taken,0.01,0.01,,early_exit,,D:\Research\FrequencyAssignment\SourceCode\SAT\pairwise\results\preprocessing\matched_cardnetwrk\scen10.log
current,cardinality,cardnetwrk,on,scen11,timeout,,600.0,runlim_timeout_cap,27.57,,27.57,intermediate_before_runlim_timeout,600.0,D:\Research\FrequencyAssignment\SourceCode\SAT\pairwise\results\preprocessing\matched_cardnetwrk\scen11.log
current,cardinality,cardnetwrk,on,graph01,timeout,,600.0,runlim_timeout_cap,0.94,,0.94,intermediate_before_runlim_timeout,600.0,D:\Research\FrequencyAssignment\SourceCode\SAT\pairwise\results\preprocessing\matched_cardnetwrk\graph01.log
current,cardinality,cardnetwrk,on,graph02,timeout,,600.0,runlim_timeout_cap,1.82,,1.82,intermediate_before_runlim_timeout,600.0,D:\Research\FrequencyAssignment\SourceCode\SAT\pairwise\results\preprocessing\matched_cardnetwrk\graph02.log
current,cardinality,cardnetwrk,on,graph03,optimal,20,64.51,python_total_time,64.51,,64.51,,,D:\Research\FrequencyAssignment\SourceCode\SAT\pairwise\results\preprocessing\matched_cardnetwrk\graph03.log
current,cardinality,cardnetwrk,on,graph04,optimal,22,164.72,python_total_time,164.72,,164.72,,,D:\Research\FrequencyAssignment\SourceCode\SAT\pairwise\results\preprocessing\matched_cardnetwrk\graph04.log
current,cardinality,cardnetwrk,on,graph05,infeasible,,0.03,python_early_exit_time_taken,0.03,0.03,,early_exit,,D:\Research\FrequencyAssignment\SourceCode\SAT\pairwise\results\preprocessing\matched_cardnetwrk\graph05.log
current,cardinality,cardnetwrk,on,graph06,infeasible,,0.07,python_early_exit_time_taken,0.07,0.07,,early_exit,,D:\Research\FrequencyAssignment\SourceCode\SAT\pairwise\results\preprocessing\matched_cardnetwrk\graph06.log
current,cardinality,cardnetwrk,on,graph07,infeasible,,0.0,python_early_exit_time_taken,0.0,0.0,,early_exit,,D:\Research\FrequencyAssignment\SourceCode\SAT\pairwise\results\preprocessing\matched_cardnetwrk\graph07.log
current,cardinality,cardnetwrk,on,graph08,timeout,,600.0,runlim_timeout_cap,10.11,,10.11,intermediate_before_runlim_timeout,600.0,D:\Research\FrequencyAssignment\SourceCode\SAT\pairwise\results\preprocessing\matched_cardnetwrk\graph08.log
current,cardinality,cardnetwrk,on,graph09,timeout,,600.0,runlim_timeout_cap,12.86,,12.86,intermediate_before_runlim_timeout,600.0,D:\Research\FrequencyAssignment\SourceCode\SAT\pairwise\results\preprocessing\matched_cardnetwrk\graph09.log
current,cardinality,cardnetwrk,on,graph10,timeout,,600.0,runlim_timeout_cap,128.15,,128.15,intermediate_before_runlim_timeout,600.0,D:\Research\FrequencyAssignment\SourceCode\SAT\pairwise\results\preprocessing\matched_cardnetwrk\graph10.log
current,cardinality,cardnetwrk,on,graph11,infeasible,,0.12,python_early_exit_time_taken,0.12,0.12,,early_exit,,D:\Research\FrequencyAssignment\SourceCode\SAT\pairwise\results\preprocessing\matched_cardnetwrk\graph11.log
current,cardinality,cardnetwrk,on,graph12,infeasible,,0.01,python_early_exit_time_taken,0.01,0.01,,early_exit,,D:\Research\FrequencyAssignment\SourceCode\SAT\pairwise\results\preprocessing\matched_cardnetwrk\graph12.log
current,cardinality,cardnetwrk,on,graph13,infeasible,,0.19,python_early_exit_time_taken,0.19,0.19,,early_exit,,D:\Research\FrequencyAssignment\SourceCode\SAT\pairwise\results\preprocessing\matched_cardnetwrk\graph13.log
current,cardinality,cardnetwrk,on,graph14,optimal,8,33.39,python_total_time,33.39,,33.39,,,D:\Research\FrequencyAssignment\SourceCode\SAT\pairwise\results\preprocessing\matched_cardnetwrk\graph14.log
current,cardinality,cardnetwrk,on,TUD200.1,optimal,12,46.56,python_total_time,46.56,,46.56,,,D:\Research\FrequencyAssignment\SourceCode\SAT\pairwise\results\preprocessing\matched_cardnetwrk\TUD200.1.log
current,cardinality,cardnetwrk,on,TUD200.2,optimal,46,0.07,python_total_time,0.07,0.07,0.07,intermediate_or_final_unsat_step,,D:\Research\FrequencyAssignment\SourceCode\SAT\pairwise\results\preprocessing\matched_cardnetwrk\TUD200.2.log
current,cardinality,cardnetwrk,on,TUD200.3,optimal,14,8.01,python_total_time,8.01,,8.01,,,D:\Research\FrequencyAssignment\SourceCode\SAT\pairwise\results\preprocessing\matched_cardnetwrk\TUD200.3.log
current,cardinality,cardnetwrk,on,TUD200.4,optimal,20,0.1,python_total_time,0.1,,0.1,,,D:\Research\FrequencyAssignment\SourceCode\SAT\pairwise\results\preprocessing\matched_cardnetwrk\TUD200.4.log
current,cardinality,cardnetwrk,on,TUD200.5,infeasible,,0.04,python_early_exit_time_taken,0.04,0.04,,early_exit,,D:\Research\FrequencyAssignment\SourceCode\SAT\pairwise\results\preprocessing\matched_cardnetwrk\TUD200.5.log
current,cardinality,cardnetwrk,on,TUD916.1,optimal,18,67.73,python_total_time,67.73,,67.73,,,D:\Research\FrequencyAssignment\SourceCode\SAT\pairwise\results\preprocessing\matched_cardnetwrk\TUD916.1.log
current,cardinality,cardnetwrk,on,TUD916.2,optimal,48,0.28,python_total_time,0.28,0.28,0.28,intermediate_or_final_unsat_step,,D:\Research\FrequencyAssignment\SourceCode\SAT\pairwise\results\preprocessing\matched_cardnetwrk\TUD916.2.log
current,cardinality,cardnetwrk,on,TUD916.3,optimal,24,30.8,python_total_time,30.8,,30.8,,,D:\Research\FrequencyAssignment\SourceCode\SAT\pairwise\results\preprocessing\matched_cardnetwrk\TUD916.3.log
current,cardinality,cardnetwrk,on,TUD916.4,optimal,26,0.47,python_total_time,0.47,,0.47,,,D:\Research\FrequencyAssignment\SourceCode\SAT\pairwise\results\preprocessing\matched_cardnetwrk\TUD916.4.log
current,cardinality,cardnetwrk,on,TUD916.5,infeasible,,0.15,python_early_exit_time_taken,0.15,0.15,,early_exit,,D:\Research\FrequencyAssignment\SourceCode\SAT\pairwise\results\preprocessing\matched_cardnetwrk\TUD916.5.log
current,cardinality,kmtotalizer,off,scen01,timeout,,600.0,runlim_timeout_cap,11.8,,11.8,intermediate_before_runlim_timeout,600.0,D:\Research\FrequencyAssignment\SourceCode\SAT\pairwise\results\no_preprocessing\matched_kmtotalizer\scen01.log
current,cardinality,kmtotalizer,off,scen02,timeout,,600.0,runlim_timeout_cap,1.15,,1.15,intermediate_before_runlim_timeout,600.0,D:\Research\FrequencyAssignment\SourceCode\SAT\pairwise\results\no_preprocessing\matched_kmtotalizer\scen02.log
current,cardinality,kmtotalizer,off,scen03,timeout,,600.0,runlim_timeout_cap,3.52,,3.52,intermediate_before_runlim_timeout,600.0,D:\Research\FrequencyAssignment\SourceCode\SAT\pairwise\results\no_preprocessing\matched_kmtotalizer\scen03.log
current,cardinality,kmtotalizer,off,scen04,optimal,46,3.21,python_total_time,3.21,3.24,3.21,intermediate_or_final_unsat_step,,D:\Research\FrequencyAssignment\SourceCode\SAT\pairwise\results\no_preprocessing\matched_kmtotalizer\scen04.log
current,cardinality,kmtotalizer,off,scen05,optimal,40,29.92,python_total_time,29.92,,29.92,,,D:\Research\FrequencyAssignment\SourceCode\SAT\pairwise\results\no_preprocessing\matched_kmtotalizer\scen05.log
current,cardinality,kmtotalizer,off,scen06,infeasible,,3.72,python_early_exit_time_taken,3.72,3.72,,early_exit,,D:\Research\FrequencyAssignment\SourceCode\SAT\pairwise\results\no_preprocessing\matched_kmtotalizer\scen06.log
current,cardinality,kmtotalizer,off,scen07,infeasible,,7.7,python_early_exit_time_taken,7.7,7.7,,early_exit,,D:\Research\FrequencyAssignment\SourceCode\SAT\pairwise\results\no_preprocessing\matched_kmtotalizer\scen07.log
current,cardinality,kmtotalizer,off,scen08,infeasible,,13.85,python_early_exit_time_taken,13.85,13.85,,early_exit,,D:\Research\FrequencyAssignment\SourceCode\SAT\pairwise\results\no_preprocessing\matched_kmtotalizer\scen08.log
current,cardinality,kmtotalizer,off,scen09,infeasible,,0.32,python_early_exit_time_taken,0.32,0.32,,early_exit,,D:\Research\FrequencyAssignment\SourceCode\SAT\pairwise\results\no_preprocessing\matched_kmtotalizer\scen09.log
current,cardinality,kmtotalizer,off,scen10,infeasible,,0.33,python_early_exit_time_taken,0.33,0.33,,early_exit,,D:\Research\FrequencyAssignment\SourceCode\SAT\pairwise\results\no_preprocessing\matched_kmtotalizer\scen10.log
current,cardinality,kmtotalizer,off,scen11,timeout,,600.0,runlim_timeout_cap,28.89,,28.89,intermediate_before_runlim_timeout,600.0,D:\Research\FrequencyAssignment\SourceCode\SAT\pairwise\results\no_preprocessing\matched_kmtotalizer\scen11.log
current,cardinality,kmtotalizer,off,graph01,timeout,,600.0,runlim_timeout_cap,0.62,,0.62,intermediate_before_runlim_timeout,600.0,D:\Research\FrequencyAssignment\SourceCode\SAT\pairwise\results\no_preprocessing\matched_kmtotalizer\graph01.log
current,cardinality,kmtotalizer,off,graph02,timeout,,600.0,runlim_timeout_cap,1.51,,1.51,intermediate_before_runlim_timeout,600.0,D:\Research\FrequencyAssignment\SourceCode\SAT\pairwise\results\no_preprocessing\matched_kmtotalizer\graph02.log
current,cardinality,kmtotalizer,off,graph03,optimal,20,86.68,python_total_time,86.68,,86.68,,,D:\Research\FrequencyAssignment\SourceCode\SAT\pairwise\results\no_preprocessing\matched_kmtotalizer\graph03.log
current,cardinality,kmtotalizer,off,graph04,optimal,22,204.53,python_total_time,204.53,,204.53,,,D:\Research\FrequencyAssignment\SourceCode\SAT\pairwise\results\no_preprocessing\matched_kmtotalizer\graph04.log
current,cardinality,kmtotalizer,off,graph05,infeasible,,2.18,python_early_exit_time_taken,2.18,2.18,,early_exit,,D:\Research\FrequencyAssignment\SourceCode\SAT\pairwise\results\no_preprocessing\matched_kmtotalizer\graph05.log
current,cardinality,kmtotalizer,off,graph06,infeasible,,4.28,python_early_exit_time_taken,4.28,4.28,,early_exit,,D:\Research\FrequencyAssignment\SourceCode\SAT\pairwise\results\no_preprocessing\matched_kmtotalizer\graph06.log
current,cardinality,kmtotalizer,off,graph07,infeasible,,0.32,python_early_exit_time_taken,0.32,0.32,,early_exit,,D:\Research\FrequencyAssignment\SourceCode\SAT\pairwise\results\no_preprocessing\matched_kmtotalizer\graph07.log
current,cardinality,kmtotalizer,off,graph08,timeout,,600.0,runlim_timeout_cap,7.32,,7.32,intermediate_before_runlim_timeout,600.0,D:\Research\FrequencyAssignment\SourceCode\SAT\pairwise\results\no_preprocessing\matched_kmtotalizer\graph08.log
current,cardinality,kmtotalizer,off,graph09,timeout,,600.0,runlim_timeout_cap,14.8,,14.8,intermediate_before_runlim_timeout,600.0,D:\Research\FrequencyAssignment\SourceCode\SAT\pairwise\results\no_preprocessing\matched_kmtotalizer\graph09.log
current,cardinality,kmtotalizer,off,graph10,timeout,,600.0,runlim_timeout_cap,308.45,,308.45,intermediate_before_runlim_timeout,600.0,D:\Research\FrequencyAssignment\SourceCode\SAT\pairwise\results\no_preprocessing\matched_kmtotalizer\graph10.log
current,cardinality,kmtotalizer,off,graph11,infeasible,,7.98,python_early_exit_time_taken,7.98,7.98,,early_exit,,D:\Research\FrequencyAssignment\SourceCode\SAT\pairwise\results\no_preprocessing\matched_kmtotalizer\graph11.log
current,cardinality,kmtotalizer,off,graph12,infeasible,,0.62,python_early_exit_time_taken,0.62,0.62,,early_exit,,D:\Research\FrequencyAssignment\SourceCode\SAT\pairwise\results\no_preprocessing\matched_kmtotalizer\graph12.log
current,cardinality,kmtotalizer,off,graph13,infeasible,,11.1,python_early_exit_time_taken,11.1,11.1,,early_exit,,D:\Research\FrequencyAssignment\SourceCode\SAT\pairwise\results\no_preprocessing\matched_kmtotalizer\graph13.log
current,cardinality,kmtotalizer,off,graph14,optimal,8,43.57,python_total_time,43.57,,43.57,,,D:\Research\FrequencyAssignment\SourceCode\SAT\pairwise\results\no_preprocessing\matched_kmtotalizer\graph14.log
current,cardinality,kmtotalizer,off,TUD200.1,optimal,12,47.81,python_total_time,47.81,,47.81,,,D:\Research\FrequencyAssignment\SourceCode\SAT\pairwise\results\no_preprocessing\matched_kmtotalizer\TUD200.1.log
current,cardinality,kmtotalizer,off,TUD200.2,optimal,46,2.91,python_total_time,2.91,3.21,2.91,intermediate_or_final_unsat_step,,D:\Research\FrequencyAssignment\SourceCode\SAT\pairwise\results\no_preprocessing\matched_kmtotalizer\TUD200.2.log
current,cardinality,kmtotalizer,off,TUD200.3,optimal,14,4.97,python_total_time,4.97,,4.97,,,D:\Research\FrequencyAssignment\SourceCode\SAT\pairwise\results\no_preprocessing\matched_kmtotalizer\TUD200.3.log
current,cardinality,kmtotalizer,off,TUD200.4,optimal,20,2.46,python_total_time,2.46,,2.46,,,D:\Research\FrequencyAssignment\SourceCode\SAT\pairwise\results\no_preprocessing\matched_kmtotalizer\TUD200.4.log
current,cardinality,kmtotalizer,off,TUD200.5,infeasible,,2.64,python_early_exit_time_taken,2.64,2.64,,early_exit,,D:\Research\FrequencyAssignment\SourceCode\SAT\pairwise\results\no_preprocessing\matched_kmtotalizer\TUD200.5.log
current,cardinality,kmtotalizer,off,TUD916.1,optimal,18,142.03,python_total_time,142.03,,142.03,,,D:\Research\FrequencyAssignment\SourceCode\SAT\pairwise\results\no_preprocessing\matched_kmtotalizer\TUD916.1.log
current,cardinality,kmtotalizer,off,TUD916.2,optimal,48,12.15,python_total_time,12.15,13.11,12.15,intermediate_or_final_unsat_step,,D:\Research\FrequencyAssignment\SourceCode\SAT\pairwise\results\no_preprocessing\matched_kmtotalizer\TUD916.2.log
current,cardinality,kmtotalizer,off,TUD916.3,optimal,24,39.66,python_total_time,39.66,,39.66,,,D:\Research\FrequencyAssignment\SourceCode\SAT\pairwise\results\no_preprocessing\matched_kmtotalizer\TUD916.3.log
current,cardinality,kmtotalizer,off,TUD916.4,optimal,26,20.73,python_total_time,20.73,,20.73,,,D:\Research\FrequencyAssignment\SourceCode\SAT\pairwise\results\no_preprocessing\matched_kmtotalizer\TUD916.4.log
current,cardinality,kmtotalizer,off,TUD916.5,infeasible,,10.56,python_early_exit_time_taken,10.56,10.56,,early_exit,,D:\Research\FrequencyAssignment\SourceCode\SAT\pairwise\results\no_preprocessing\matched_kmtotalizer\TUD916.5.log
current,cardinality,kmtotalizer,on,scen01,timeout,,600.0,runlim_timeout_cap,11.95,,11.95,intermediate_before_runlim_timeout,600.0,D:\Research\FrequencyAssignment\SourceCode\SAT\pairwise\results\preprocessing\matched_kmtotalizer\scen01.log
current,cardinality,kmtotalizer,on,scen02,timeout,,600.0,runlim_timeout_cap,1.21,,1.21,intermediate_before_runlim_timeout,600.0,D:\Research\FrequencyAssignment\SourceCode\SAT\pairwise\results\preprocessing\matched_kmtotalizer\scen02.log
current,cardinality,kmtotalizer,on,scen03,timeout,,600.0,runlim_timeout_cap,3.64,,3.64,intermediate_before_runlim_timeout,600.0,D:\Research\FrequencyAssignment\SourceCode\SAT\pairwise\results\preprocessing\matched_kmtotalizer\scen03.log
current,cardinality,kmtotalizer,on,scen04,optimal,46,0.14,python_total_time,0.14,0.14,0.14,intermediate_or_final_unsat_step,,D:\Research\FrequencyAssignment\SourceCode\SAT\pairwise\results\preprocessing\matched_kmtotalizer\scen04.log
current,cardinality,kmtotalizer,on,scen05,optimal,40,0.85,python_total_time,0.85,,0.85,,,D:\Research\FrequencyAssignment\SourceCode\SAT\pairwise\results\preprocessing\matched_kmtotalizer\scen05.log
current,cardinality,kmtotalizer,on,scen06,infeasible,,0.23,python_early_exit_time_taken,0.23,0.23,,early_exit,,D:\Research\FrequencyAssignment\SourceCode\SAT\pairwise\results\preprocessing\matched_kmtotalizer\scen06.log
current,cardinality,kmtotalizer,on,scen07,infeasible,,0.21,python_early_exit_time_taken,0.21,0.21,,early_exit,,D:\Research\FrequencyAssignment\SourceCode\SAT\pairwise\results\preprocessing\matched_kmtotalizer\scen07.log
current,cardinality,kmtotalizer,on,scen08,infeasible,,0.28,python_early_exit_time_taken,0.28,0.28,,early_exit,,D:\Research\FrequencyAssignment\SourceCode\SAT\pairwise\results\preprocessing\matched_kmtotalizer\scen08.log
current,cardinality,kmtotalizer,on,scen09,infeasible,,0.01,python_early_exit_time_taken,0.01,0.01,,early_exit,,D:\Research\FrequencyAssignment\SourceCode\SAT\pairwise\results\preprocessing\matched_kmtotalizer\scen09.log
current,cardinality,kmtotalizer,on,scen10,infeasible,,0.02,python_early_exit_time_taken,0.02,0.02,,early_exit,,D:\Research\FrequencyAssignment\SourceCode\SAT\pairwise\results\preprocessing\matched_kmtotalizer\scen10.log
current,cardinality,kmtotalizer,on,scen11,timeout,,600.0,runlim_timeout_cap,29.16,,29.16,intermediate_before_runlim_timeout,600.0,D:\Research\FrequencyAssignment\SourceCode\SAT\pairwise\results\preprocessing\matched_kmtotalizer\scen11.log
current,cardinality,kmtotalizer,on,graph01,timeout,,600.0,runlim_timeout_cap,0.7,,0.7,intermediate_before_runlim_timeout,600.0,D:\Research\FrequencyAssignment\SourceCode\SAT\pairwise\results\preprocessing\matched_kmtotalizer\graph01.log
current,cardinality,kmtotalizer,on,graph02,timeout,,600.0,runlim_timeout_cap,1.59,,1.59,intermediate_before_runlim_timeout,600.0,D:\Research\FrequencyAssignment\SourceCode\SAT\pairwise\results\preprocessing\matched_kmtotalizer\graph02.log
current,cardinality,kmtotalizer,on,graph03,optimal,20,83.13,python_total_time,83.13,,83.13,,,D:\Research\FrequencyAssignment\SourceCode\SAT\pairwise\results\preprocessing\matched_kmtotalizer\graph03.log
current,cardinality,kmtotalizer,on,graph04,optimal,22,186.65,python_total_time,186.65,,186.65,,,D:\Research\FrequencyAssignment\SourceCode\SAT\pairwise\results\preprocessing\matched_kmtotalizer\graph04.log
current,cardinality,kmtotalizer,on,graph05,infeasible,,0.05,python_early_exit_time_taken,0.05,0.05,,early_exit,,D:\Research\FrequencyAssignment\SourceCode\SAT\pairwise\results\preprocessing\matched_kmtotalizer\graph05.log
current,cardinality,kmtotalizer,on,graph06,infeasible,,0.09,python_early_exit_time_taken,0.09,0.09,,early_exit,,D:\Research\FrequencyAssignment\SourceCode\SAT\pairwise\results\preprocessing\matched_kmtotalizer\graph06.log
current,cardinality,kmtotalizer,on,graph07,infeasible,,0.01,python_early_exit_time_taken,0.01,0.01,,early_exit,,D:\Research\FrequencyAssignment\SourceCode\SAT\pairwise\results\preprocessing\matched_kmtotalizer\graph07.log
current,cardinality,kmtotalizer,on,graph08,timeout,,600.0,runlim_timeout_cap,7.57,,7.57,intermediate_before_runlim_timeout,600.0,D:\Research\FrequencyAssignment\SourceCode\SAT\pairwise\results\preprocessing\matched_kmtotalizer\graph08.log
current,cardinality,kmtotalizer,on,graph09,timeout,,600.0,runlim_timeout_cap,15.09,,15.09,intermediate_before_runlim_timeout,600.0,D:\Research\FrequencyAssignment\SourceCode\SAT\pairwise\results\preprocessing\matched_kmtotalizer\graph09.log
current,cardinality,kmtotalizer,on,graph10,timeout,,600.0,runlim_timeout_cap,147.7,,147.7,intermediate_before_runlim_timeout,600.0,D:\Research\FrequencyAssignment\SourceCode\SAT\pairwise\results\preprocessing\matched_kmtotalizer\graph10.log
current,cardinality,kmtotalizer,on,graph11,infeasible,,0.17,python_early_exit_time_taken,0.17,0.17,,early_exit,,D:\Research\FrequencyAssignment\SourceCode\SAT\pairwise\results\preprocessing\matched_kmtotalizer\graph11.log
current,cardinality,kmtotalizer,on,graph12,infeasible,,0.02,python_early_exit_time_taken,0.02,0.02,,early_exit,,D:\Research\FrequencyAssignment\SourceCode\SAT\pairwise\results\preprocessing\matched_kmtotalizer\graph12.log
current,cardinality,kmtotalizer,on,graph13,infeasible,,0.25,python_early_exit_time_taken,0.25,0.25,,early_exit,,D:\Research\FrequencyAssignment\SourceCode\SAT\pairwise\results\preprocessing\matched_kmtotalizer\graph13.log
current,cardinality,kmtotalizer,on,graph14,optimal,8,42.78,python_total_time,42.78,,42.78,,,D:\Research\FrequencyAssignment\SourceCode\SAT\pairwise\results\preprocessing\matched_kmtotalizer\graph14.log
current,cardinality,kmtotalizer,on,TUD200.1,optimal,12,22.82,python_total_time,22.82,,22.82,,,D:\Research\FrequencyAssignment\SourceCode\SAT\pairwise\results\preprocessing\matched_kmtotalizer\TUD200.1.log
current,cardinality,kmtotalizer,on,TUD200.2,optimal,46,0.09,python_total_time,0.09,0.09,0.09,intermediate_or_final_unsat_step,,D:\Research\FrequencyAssignment\SourceCode\SAT\pairwise\results\preprocessing\matched_kmtotalizer\TUD200.2.log
current,cardinality,kmtotalizer,on,TUD200.3,optimal,14,14.48,python_total_time,14.48,,14.48,,,D:\Research\FrequencyAssignment\SourceCode\SAT\pairwise\results\preprocessing\matched_kmtotalizer\TUD200.3.log
current,cardinality,kmtotalizer,on,TUD200.4,optimal,20,0.12,python_total_time,0.12,,0.12,,,D:\Research\FrequencyAssignment\SourceCode\SAT\pairwise\results\preprocessing\matched_kmtotalizer\TUD200.4.log
current,cardinality,kmtotalizer,on,TUD200.5,infeasible,,0.06,python_early_exit_time_taken,0.06,0.06,,early_exit,,D:\Research\FrequencyAssignment\SourceCode\SAT\pairwise\results\preprocessing\matched_kmtotalizer\TUD200.5.log
current,cardinality,kmtotalizer,on,TUD916.1,optimal,18,153.5,python_total_time,153.5,,153.5,,,D:\Research\FrequencyAssignment\SourceCode\SAT\pairwise\results\preprocessing\matched_kmtotalizer\TUD916.1.log
current,cardinality,kmtotalizer,on,TUD916.2,optimal,48,0.35,python_total_time,0.35,0.35,0.35,intermediate_or_final_unsat_step,,D:\Research\FrequencyAssignment\SourceCode\SAT\pairwise\results\preprocessing\matched_kmtotalizer\TUD916.2.log
current,cardinality,kmtotalizer,on,TUD916.3,optimal,24,30.92,python_total_time,30.92,,30.92,,,D:\Research\FrequencyAssignment\SourceCode\SAT\pairwise\results\preprocessing\matched_kmtotalizer\TUD916.3.log
current,cardinality,kmtotalizer,on,TUD916.4,optimal,26,0.59,python_total_time,0.59,,0.59,,,D:\Research\FrequencyAssignment\SourceCode\SAT\pairwise\results\preprocessing\matched_kmtotalizer\TUD916.4.log
current,cardinality,kmtotalizer,on,TUD916.5,infeasible,,0.21,python_early_exit_time_taken,0.21,0.21,,early_exit,,D:\Research\FrequencyAssignment\SourceCode\SAT\pairwise\results\preprocessing\matched_kmtotalizer\TUD916.5.log
current,cardinality,seqcounter,off,scen01,timeout,,600.0,runlim_timeout_cap,8.36,,8.36,intermediate_before_runlim_timeout,600.0,D:\Research\FrequencyAssignment\SourceCode\SAT\pairwise\results\no_preprocessing\matched_seqcounter\scen01.log
current,cardinality,seqcounter,off,scen02,timeout,,600.0,runlim_timeout_cap,0.84,,0.84,intermediate_before_runlim_timeout,600.0,D:\Research\FrequencyAssignment\SourceCode\SAT\pairwise\results\no_preprocessing\matched_seqcounter\scen02.log
current,cardinality,seqcounter,off,scen03,timeout,,600.0,runlim_timeout_cap,1.83,,1.83,intermediate_before_runlim_timeout,600.0,D:\Research\FrequencyAssignment\SourceCode\SAT\pairwise\results\no_preprocessing\matched_seqcounter\scen03.log
current,cardinality,seqcounter,off,scen04,optimal,46,2.01,python_total_time,2.01,2.03,2.01,intermediate_or_final_unsat_step,,D:\Research\FrequencyAssignment\SourceCode\SAT\pairwise\results\no_preprocessing\matched_seqcounter\scen04.log
current,cardinality,seqcounter,off,scen05,optimal,40,20.28,python_total_time,20.28,,20.28,,,D:\Research\FrequencyAssignment\SourceCode\SAT\pairwise\results\no_preprocessing\matched_seqcounter\scen05.log
current,cardinality,seqcounter,off,scen06,infeasible,,2.41,python_early_exit_time_taken,2.41,2.41,,early_exit,,D:\Research\FrequencyAssignment\SourceCode\SAT\pairwise\results\no_preprocessing\matched_seqcounter\scen06.log
current,cardinality,seqcounter,off,scen07,infeasible,,5.01,python_early_exit_time_taken,5.01,5.01,,early_exit,,D:\Research\FrequencyAssignment\SourceCode\SAT\pairwise\results\no_preprocessing\matched_seqcounter\scen07.log
current,cardinality,seqcounter,off,scen08,infeasible,,9.15,python_early_exit_time_taken,9.15,9.15,,early_exit,,D:\Research\FrequencyAssignment\SourceCode\SAT\pairwise\results\no_preprocessing\matched_seqcounter\scen08.log
current,cardinality,seqcounter,off,scen09,infeasible,,0.21,python_early_exit_time_taken,0.21,0.21,,early_exit,,D:\Research\FrequencyAssignment\SourceCode\SAT\pairwise\results\no_preprocessing\matched_seqcounter\scen09.log
current,cardinality,seqcounter,off,scen10,infeasible,,0.21,python_early_exit_time_taken,0.21,0.21,,early_exit,,D:\Research\FrequencyAssignment\SourceCode\SAT\pairwise\results\no_preprocessing\matched_seqcounter\scen10.log
current,cardinality,seqcounter,off,scen11,timeout,,600.0,runlim_timeout_cap,16.44,,16.44,intermediate_before_runlim_timeout,600.0,D:\Research\FrequencyAssignment\SourceCode\SAT\pairwise\results\no_preprocessing\matched_seqcounter\scen11.log
current,cardinality,seqcounter,off,graph01,timeout,,600.0,runlim_timeout_cap,1.09,,1.09,intermediate_before_runlim_timeout,600.0,D:\Research\FrequencyAssignment\SourceCode\SAT\pairwise\results\no_preprocessing\matched_seqcounter\graph01.log
current,cardinality,seqcounter,off,graph02,timeout,,600.0,runlim_timeout_cap,0.94,,0.94,intermediate_before_runlim_timeout,600.0,D:\Research\FrequencyAssignment\SourceCode\SAT\pairwise\results\no_preprocessing\matched_seqcounter\graph02.log
current,cardinality,seqcounter,off,graph03,optimal,20,74.13,python_total_time,74.13,,74.13,,,D:\Research\FrequencyAssignment\SourceCode\SAT\pairwise\results\no_preprocessing\matched_seqcounter\graph03.log
current,cardinality,seqcounter,off,graph04,optimal,22,145.6,python_total_time,145.6,,145.6,,,D:\Research\FrequencyAssignment\SourceCode\SAT\pairwise\results\no_preprocessing\matched_seqcounter\graph04.log
current,cardinality,seqcounter,off,graph05,infeasible,,1.44,python_early_exit_time_taken,1.44,1.44,,early_exit,,D:\Research\FrequencyAssignment\SourceCode\SAT\pairwise\results\no_preprocessing\matched_seqcounter\graph05.log
current,cardinality,seqcounter,off,graph06,infeasible,,3.0,python_early_exit_time_taken,3.0,3.0,,early_exit,,D:\Research\FrequencyAssignment\SourceCode\SAT\pairwise\results\no_preprocessing\matched_seqcounter\graph06.log
current,cardinality,seqcounter,off,graph07,infeasible,,0.2,python_early_exit_time_taken,0.2,0.2,,early_exit,,D:\Research\FrequencyAssignment\SourceCode\SAT\pairwise\results\no_preprocessing\matched_seqcounter\graph07.log
current,cardinality,seqcounter,off,graph08,timeout,,600.0,runlim_timeout_cap,2.19,,2.19,intermediate_before_runlim_timeout,600.0,D:\Research\FrequencyAssignment\SourceCode\SAT\pairwise\results\no_preprocessing\matched_seqcounter\graph08.log
current,cardinality,seqcounter,off,graph09,timeout,,600.0,runlim_timeout_cap,8.3,,8.3,intermediate_before_runlim_timeout,600.0,D:\Research\FrequencyAssignment\SourceCode\SAT\pairwise\results\no_preprocessing\matched_seqcounter\graph09.log
current,cardinality,seqcounter,off,graph10,timeout,,600.0,runlim_timeout_cap,89.73,,89.73,intermediate_before_runlim_timeout,600.0,D:\Research\FrequencyAssignment\SourceCode\SAT\pairwise\results\no_preprocessing\matched_seqcounter\graph10.log
current,cardinality,seqcounter,off,graph11,infeasible,,4.97,python_early_exit_time_taken,4.97,4.97,,early_exit,,D:\Research\FrequencyAssignment\SourceCode\SAT\pairwise\results\no_preprocessing\matched_seqcounter\graph11.log
current,cardinality,seqcounter,off,graph12,infeasible,,0.4,python_early_exit_time_taken,0.4,0.4,,early_exit,,D:\Research\FrequencyAssignment\SourceCode\SAT\pairwise\results\no_preprocessing\matched_seqcounter\graph12.log
current,cardinality,seqcounter,off,graph13,infeasible,,7.47,python_early_exit_time_taken,7.47,7.47,,early_exit,,D:\Research\FrequencyAssignment\SourceCode\SAT\pairwise\results\no_preprocessing\matched_seqcounter\graph13.log
current,cardinality,seqcounter,off,graph14,optimal,8,36.68,python_total_time,36.68,,36.68,,,D:\Research\FrequencyAssignment\SourceCode\SAT\pairwise\results\no_preprocessing\matched_seqcounter\graph14.log
current,cardinality,seqcounter,off,TUD200.1,optimal,12,38.37,python_total_time,38.37,,38.37,,,D:\Research\FrequencyAssignment\SourceCode\SAT\pairwise\results\no_preprocessing\matched_seqcounter\TUD200.1.log
current,cardinality,seqcounter,off,TUD200.2,optimal,46,1.93,python_total_time,1.93,2.01,1.93,intermediate_or_final_unsat_step,,D:\Research\FrequencyAssignment\SourceCode\SAT\pairwise\results\no_preprocessing\matched_seqcounter\TUD200.2.log
current,cardinality,seqcounter,off,TUD200.3,optimal,14,11.53,python_total_time,11.53,,11.53,,,D:\Research\FrequencyAssignment\SourceCode\SAT\pairwise\results\no_preprocessing\matched_seqcounter\TUD200.3.log
current,cardinality,seqcounter,off,TUD200.4,optimal,20,1.58,python_total_time,1.58,,1.58,,,D:\Research\FrequencyAssignment\SourceCode\SAT\pairwise\results\no_preprocessing\matched_seqcounter\TUD200.4.log
current,cardinality,seqcounter,off,TUD200.5,infeasible,,1.64,python_early_exit_time_taken,1.64,1.64,,early_exit,,D:\Research\FrequencyAssignment\SourceCode\SAT\pairwise\results\no_preprocessing\matched_seqcounter\TUD200.5.log
current,cardinality,seqcounter,off,TUD916.1,optimal,18,58.05,python_total_time,58.05,,58.05,,,D:\Research\FrequencyAssignment\SourceCode\SAT\pairwise\results\no_preprocessing\matched_seqcounter\TUD916.1.log
current,cardinality,seqcounter,off,TUD916.2,optimal,48,8.02,python_total_time,8.02,8.51,8.02,intermediate_or_final_unsat_step,,D:\Research\FrequencyAssignment\SourceCode\SAT\pairwise\results\no_preprocessing\matched_seqcounter\TUD916.2.log
current,cardinality,seqcounter,off,TUD916.3,optimal,24,21.82,python_total_time,21.82,,21.82,,,D:\Research\FrequencyAssignment\SourceCode\SAT\pairwise\results\no_preprocessing\matched_seqcounter\TUD916.3.log
current,cardinality,seqcounter,off,TUD916.4,optimal,26,12.9,python_total_time,12.9,,12.9,,,D:\Research\FrequencyAssignment\SourceCode\SAT\pairwise\results\no_preprocessing\matched_seqcounter\TUD916.4.log
current,cardinality,seqcounter,off,TUD916.5,infeasible,,6.97,python_early_exit_time_taken,6.97,6.97,,early_exit,,D:\Research\FrequencyAssignment\SourceCode\SAT\pairwise\results\no_preprocessing\matched_seqcounter\TUD916.5.log
current,cardinality,seqcounter,on,scen01,timeout,,600.0,runlim_timeout_cap,8.58,,8.58,intermediate_before_runlim_timeout,600.0,D:\Research\FrequencyAssignment\SourceCode\SAT\pairwise\results\preprocessing\matched_seqcounter\scen01.log
current,cardinality,seqcounter,on,scen02,timeout,,600.0,runlim_timeout_cap,0.87,,0.87,intermediate_before_runlim_timeout,600.0,D:\Research\FrequencyAssignment\SourceCode\SAT\pairwise\results\preprocessing\matched_seqcounter\scen02.log
current,cardinality,seqcounter,on,scen03,timeout,,600.0,runlim_timeout_cap,1.92,,1.92,intermediate_before_runlim_timeout,600.0,D:\Research\FrequencyAssignment\SourceCode\SAT\pairwise\results\preprocessing\matched_seqcounter\scen03.log
current,cardinality,seqcounter,on,scen04,optimal,46,0.08,python_total_time,0.08,0.08,0.08,intermediate_or_final_unsat_step,,D:\Research\FrequencyAssignment\SourceCode\SAT\pairwise\results\preprocessing\matched_seqcounter\scen04.log
current,cardinality,seqcounter,on,scen05,optimal,40,0.57,python_total_time,0.57,,0.57,,,D:\Research\FrequencyAssignment\SourceCode\SAT\pairwise\results\preprocessing\matched_seqcounter\scen05.log
current,cardinality,seqcounter,on,scen06,infeasible,,0.18,python_early_exit_time_taken,0.18,0.18,,early_exit,,D:\Research\FrequencyAssignment\SourceCode\SAT\pairwise\results\preprocessing\matched_seqcounter\scen06.log
current,cardinality,seqcounter,on,scen07,infeasible,,0.16,python_early_exit_time_taken,0.16,0.16,,early_exit,,D:\Research\FrequencyAssignment\SourceCode\SAT\pairwise\results\preprocessing\matched_seqcounter\scen07.log
current,cardinality,seqcounter,on,scen08,infeasible,,0.22,python_early_exit_time_taken,0.22,0.22,,early_exit,,D:\Research\FrequencyAssignment\SourceCode\SAT\pairwise\results\preprocessing\matched_seqcounter\scen08.log
current,cardinality,seqcounter,on,scen09,infeasible,,0.01,python_early_exit_time_taken,0.01,0.01,,early_exit,,D:\Research\FrequencyAssignment\SourceCode\SAT\pairwise\results\preprocessing\matched_seqcounter\scen09.log
current,cardinality,seqcounter,on,scen10,infeasible,,0.01,python_early_exit_time_taken,0.01,0.01,,early_exit,,D:\Research\FrequencyAssignment\SourceCode\SAT\pairwise\results\preprocessing\matched_seqcounter\scen10.log
current,cardinality,seqcounter,on,scen11,timeout,,600.0,runlim_timeout_cap,16.52,,16.52,intermediate_before_runlim_timeout,600.0,D:\Research\FrequencyAssignment\SourceCode\SAT\pairwise\results\preprocessing\matched_seqcounter\scen11.log
current,cardinality,seqcounter,on,graph01,timeout,,600.0,runlim_timeout_cap,1.14,,1.14,intermediate_before_runlim_timeout,600.0,D:\Research\FrequencyAssignment\SourceCode\SAT\pairwise\results\preprocessing\matched_seqcounter\graph01.log
current,cardinality,seqcounter,on,graph02,timeout,,600.0,runlim_timeout_cap,1.01,,1.01,intermediate_before_runlim_timeout,600.0,D:\Research\FrequencyAssignment\SourceCode\SAT\pairwise\results\preprocessing\matched_seqcounter\graph02.log
current,cardinality,seqcounter,on,graph03,optimal,20,56.14,python_total_time,56.14,,56.14,,,D:\Research\FrequencyAssignment\SourceCode\SAT\pairwise\results\preprocessing\matched_seqcounter\graph03.log
current,cardinality,seqcounter,on,graph04,optimal,22,149.2,python_total_time,149.2,,149.2,,,D:\Research\FrequencyAssignment\SourceCode\SAT\pairwise\results\preprocessing\matched_seqcounter\graph04.log
current,cardinality,seqcounter,on,graph05,infeasible,,0.03,python_early_exit_time_taken,0.03,0.03,,early_exit,,D:\Research\FrequencyAssignment\SourceCode\SAT\pairwise\results\preprocessing\matched_seqcounter\graph05.log
current,cardinality,seqcounter,on,graph06,infeasible,,0.07,python_early_exit_time_taken,0.07,0.07,,early_exit,,D:\Research\FrequencyAssignment\SourceCode\SAT\pairwise\results\preprocessing\matched_seqcounter\graph06.log
current,cardinality,seqcounter,on,graph07,infeasible,,0.0,python_early_exit_time_taken,0.0,0.0,,early_exit,,D:\Research\FrequencyAssignment\SourceCode\SAT\pairwise\results\preprocessing\matched_seqcounter\graph07.log
current,cardinality,seqcounter,on,graph08,timeout,,600.0,runlim_timeout_cap,2.28,,2.28,intermediate_before_runlim_timeout,600.0,D:\Research\FrequencyAssignment\SourceCode\SAT\pairwise\results\preprocessing\matched_seqcounter\graph08.log
current,cardinality,seqcounter,on,graph09,timeout,,600.0,runlim_timeout_cap,8.48,,8.48,intermediate_before_runlim_timeout,600.0,D:\Research\FrequencyAssignment\SourceCode\SAT\pairwise\results\preprocessing\matched_seqcounter\graph09.log
current,cardinality,seqcounter,on,graph10,timeout,,600.0,runlim_timeout_cap,169.43,,169.43,intermediate_before_runlim_timeout,600.0,D:\Research\FrequencyAssignment\SourceCode\SAT\pairwise\results\preprocessing\matched_seqcounter\graph10.log
current,cardinality,seqcounter,on,graph11,infeasible,,0.12,python_early_exit_time_taken,0.12,0.12,,early_exit,,D:\Research\FrequencyAssignment\SourceCode\SAT\pairwise\results\preprocessing\matched_seqcounter\graph11.log
current,cardinality,seqcounter,on,graph12,infeasible,,0.01,python_early_exit_time_taken,0.01,0.01,,early_exit,,D:\Research\FrequencyAssignment\SourceCode\SAT\pairwise\results\preprocessing\matched_seqcounter\graph12.log
current,cardinality,seqcounter,on,graph13,infeasible,,0.19,python_early_exit_time_taken,0.19,0.19,,early_exit,,D:\Research\FrequencyAssignment\SourceCode\SAT\pairwise\results\preprocessing\matched_seqcounter\graph13.log
current,cardinality,seqcounter,on,graph14,optimal,8,36.85,python_total_time,36.85,,36.85,,,D:\Research\FrequencyAssignment\SourceCode\SAT\pairwise\results\preprocessing\matched_seqcounter\graph14.log
current,cardinality,seqcounter,on,TUD200.1,optimal,12,37.41,python_total_time,37.41,,37.41,,,D:\Research\FrequencyAssignment\SourceCode\SAT\pairwise\results\preprocessing\matched_seqcounter\TUD200.1.log
current,cardinality,seqcounter,on,TUD200.2,optimal,46,0.06,python_total_time,0.06,0.07,0.06,intermediate_or_final_unsat_step,,D:\Research\FrequencyAssignment\SourceCode\SAT\pairwise\results\preprocessing\matched_seqcounter\TUD200.2.log
current,cardinality,seqcounter,on,TUD200.3,optimal,14,4.98,python_total_time,4.98,,4.98,,,D:\Research\FrequencyAssignment\SourceCode\SAT\pairwise\results\preprocessing\matched_seqcounter\TUD200.3.log
current,cardinality,seqcounter,on,TUD200.4,optimal,20,0.09,python_total_time,0.09,,0.09,,,D:\Research\FrequencyAssignment\SourceCode\SAT\pairwise\results\preprocessing\matched_seqcounter\TUD200.4.log
current,cardinality,seqcounter,on,TUD200.5,infeasible,,0.04,python_early_exit_time_taken,0.04,0.04,,early_exit,,D:\Research\FrequencyAssignment\SourceCode\SAT\pairwise\results\preprocessing\matched_seqcounter\TUD200.5.log
current,cardinality,seqcounter,on,TUD916.1,optimal,18,76.92,python_total_time,76.92,,76.92,,,D:\Research\FrequencyAssignment\SourceCode\SAT\pairwise\results\preprocessing\matched_seqcounter\TUD916.1.log
current,cardinality,seqcounter,on,TUD916.2,optimal,48,0.27,python_total_time,0.27,0.28,0.27,intermediate_or_final_unsat_step,,D:\Research\FrequencyAssignment\SourceCode\SAT\pairwise\results\preprocessing\matched_seqcounter\TUD916.2.log
current,cardinality,seqcounter,on,TUD916.3,optimal,24,22.14,python_total_time,22.14,,22.14,,,D:\Research\FrequencyAssignment\SourceCode\SAT\pairwise\results\preprocessing\matched_seqcounter\TUD916.3.log
current,cardinality,seqcounter,on,TUD916.4,optimal,26,0.44,python_total_time,0.44,,0.44,,,D:\Research\FrequencyAssignment\SourceCode\SAT\pairwise\results\preprocessing\matched_seqcounter\TUD916.4.log
current,cardinality,seqcounter,on,TUD916.5,infeasible,,0.14,python_early_exit_time_taken,0.14,0.14,,early_exit,,D:\Research\FrequencyAssignment\SourceCode\SAT\pairwise\results\preprocessing\matched_seqcounter\TUD916.5.log
current,cardinality,totalizer,off,scen01,timeout,,600.0,runlim_timeout_cap,21.72,,21.72,intermediate_before_runlim_timeout,600.0,D:\Research\FrequencyAssignment\SourceCode\SAT\pairwise\results\no_preprocessing\matched_totalizer\scen01.log
current,cardinality,totalizer,off,scen02,timeout,,600.0,runlim_timeout_cap,4.86,,4.86,intermediate_before_runlim_timeout,600.0,D:\Research\FrequencyAssignment\SourceCode\SAT\pairwise\results\no_preprocessing\matched_totalizer\scen02.log
current,cardinality,totalizer,off,scen03,timeout,,600.0,runlim_timeout_cap,11.16,,11.16,intermediate_before_runlim_timeout,600.0,D:\Research\FrequencyAssignment\SourceCode\SAT\pairwise\results\no_preprocessing\matched_totalizer\scen03.log
current,cardinality,totalizer,off,scen04,optimal,46,10.62,python_total_time,10.62,10.65,10.62,intermediate_or_final_unsat_step,,D:\Research\FrequencyAssignment\SourceCode\SAT\pairwise\results\no_preprocessing\matched_totalizer\scen04.log
current,cardinality,totalizer,off,scen05,optimal,40,94.62,python_total_time,94.62,,94.62,,,D:\Research\FrequencyAssignment\SourceCode\SAT\pairwise\results\no_preprocessing\matched_totalizer\scen05.log
current,cardinality,totalizer,off,scen06,infeasible,,11.71,python_early_exit_time_taken,11.71,11.71,,early_exit,,D:\Research\FrequencyAssignment\SourceCode\SAT\pairwise\results\no_preprocessing\matched_totalizer\scen06.log
current,cardinality,totalizer,off,scen07,infeasible,,25.66,python_early_exit_time_taken,25.66,25.66,,early_exit,,D:\Research\FrequencyAssignment\SourceCode\SAT\pairwise\results\no_preprocessing\matched_totalizer\scen07.log
current,cardinality,totalizer,off,scen08,infeasible,,46.04,python_early_exit_time_taken,46.04,46.04,,early_exit,,D:\Research\FrequencyAssignment\SourceCode\SAT\pairwise\results\no_preprocessing\matched_totalizer\scen08.log
current,cardinality,totalizer,off,scen09,infeasible,,0.78,python_early_exit_time_taken,0.78,0.78,,early_exit,,D:\Research\FrequencyAssignment\SourceCode\SAT\pairwise\results\no_preprocessing\matched_totalizer\scen09.log
current,cardinality,totalizer,off,scen10,infeasible,,0.77,python_early_exit_time_taken,0.77,0.77,,early_exit,,D:\Research\FrequencyAssignment\SourceCode\SAT\pairwise\results\no_preprocessing\matched_totalizer\scen10.log
current,cardinality,totalizer,off,scen11,timeout,,600.0,runlim_timeout_cap,43.71,,43.71,intermediate_before_runlim_timeout,600.0,D:\Research\FrequencyAssignment\SourceCode\SAT\pairwise\results\no_preprocessing\matched_totalizer\scen11.log
current,cardinality,totalizer,off,graph01,timeout,,600.0,runlim_timeout_cap,0.8,,0.8,intermediate_before_runlim_timeout,600.0,D:\Research\FrequencyAssignment\SourceCode\SAT\pairwise\results\no_preprocessing\matched_totalizer\graph01.log
current,cardinality,totalizer,off,graph02,timeout,,600.0,runlim_timeout_cap,2.09,,2.09,intermediate_before_runlim_timeout,600.0,D:\Research\FrequencyAssignment\SourceCode\SAT\pairwise\results\no_preprocessing\matched_totalizer\graph02.log
current,cardinality,totalizer,off,graph03,optimal,20,114.39,python_total_time,114.39,,114.39,,,D:\Research\FrequencyAssignment\SourceCode\SAT\pairwise\results\no_preprocessing\matched_totalizer\graph03.log
current,cardinality,totalizer,off,graph04,optimal,22,254.79,python_total_time,254.79,,254.79,,,D:\Research\FrequencyAssignment\SourceCode\SAT\pairwise\results\no_preprocessing\matched_totalizer\graph04.log
current,cardinality,totalizer,off,graph05,infeasible,,6.25,python_early_exit_time_taken,6.25,6.25,,early_exit,,D:\Research\FrequencyAssignment\SourceCode\SAT\pairwise\results\no_preprocessing\matched_totalizer\graph05.log
current,cardinality,totalizer,off,graph06,infeasible,,12.57,python_early_exit_time_taken,12.57,12.57,,early_exit,,D:\Research\FrequencyAssignment\SourceCode\SAT\pairwise\results\no_preprocessing\matched_totalizer\graph06.log
current,cardinality,totalizer,off,graph07,infeasible,,0.75,python_early_exit_time_taken,0.75,0.75,,early_exit,,D:\Research\FrequencyAssignment\SourceCode\SAT\pairwise\results\no_preprocessing\matched_totalizer\graph07.log
current,cardinality,totalizer,off,graph08,timeout,,600.0,runlim_timeout_cap,12.3,,12.3,intermediate_before_runlim_timeout,600.0,D:\Research\FrequencyAssignment\SourceCode\SAT\pairwise\results\no_preprocessing\matched_totalizer\graph08.log
current,cardinality,totalizer,off,graph09,timeout,,600.0,runlim_timeout_cap,27.25,,27.25,intermediate_before_runlim_timeout,600.0,D:\Research\FrequencyAssignment\SourceCode\SAT\pairwise\results\no_preprocessing\matched_totalizer\graph09.log
current,cardinality,totalizer,off,graph10,timeout,,600.0,runlim_timeout_cap,477.75,,477.75,intermediate_before_runlim_timeout,600.0,D:\Research\FrequencyAssignment\SourceCode\SAT\pairwise\results\no_preprocessing\matched_totalizer\graph10.log
current,cardinality,totalizer,off,graph11,infeasible,,22.48,python_early_exit_time_taken,22.48,22.48,,early_exit,,D:\Research\FrequencyAssignment\SourceCode\SAT\pairwise\results\no_preprocessing\matched_totalizer\graph11.log
current,cardinality,totalizer,off,graph12,infeasible,,1.53,python_early_exit_time_taken,1.53,1.53,,early_exit,,D:\Research\FrequencyAssignment\SourceCode\SAT\pairwise\results\no_preprocessing\matched_totalizer\graph12.log
current,cardinality,totalizer,off,graph13,infeasible,,33.23,python_early_exit_time_taken,33.23,33.23,,early_exit,,D:\Research\FrequencyAssignment\SourceCode\SAT\pairwise\results\no_preprocessing\matched_totalizer\graph13.log
current,cardinality,totalizer,off,graph14,optimal,8,52.28,python_total_time,52.28,,52.28,,,D:\Research\FrequencyAssignment\SourceCode\SAT\pairwise\results\no_preprocessing\matched_totalizer\graph14.log
current,cardinality,totalizer,off,TUD200.1,optimal,12,48.14,python_total_time,48.14,,48.14,,,D:\Research\FrequencyAssignment\SourceCode\SAT\pairwise\results\no_preprocessing\matched_totalizer\TUD200.1.log
current,cardinality,totalizer,off,TUD200.2,optimal,46,9.71,python_total_time,9.71,10.96,9.71,intermediate_or_final_unsat_step,,D:\Research\FrequencyAssignment\SourceCode\SAT\pairwise\results\no_preprocessing\matched_totalizer\TUD200.2.log
current,cardinality,totalizer,off,TUD200.3,optimal,14,7.84,python_total_time,7.84,,7.84,,,D:\Research\FrequencyAssignment\SourceCode\SAT\pairwise\results\no_preprocessing\matched_totalizer\TUD200.3.log
current,cardinality,totalizer,off,TUD200.4,optimal,20,7.22,python_total_time,7.22,,7.22,,,D:\Research\FrequencyAssignment\SourceCode\SAT\pairwise\results\no_preprocessing\matched_totalizer\TUD200.4.log
current,cardinality,totalizer,off,TUD200.5,infeasible,,7.09,python_early_exit_time_taken,7.09,7.09,,early_exit,,D:\Research\FrequencyAssignment\SourceCode\SAT\pairwise\results\no_preprocessing\matched_totalizer\TUD200.5.log
current,cardinality,totalizer,off,TUD916.1,optimal,18,79.0,python_total_time,79.0,,79.0,,,D:\Research\FrequencyAssignment\SourceCode\SAT\pairwise\results\no_preprocessing\matched_totalizer\TUD916.1.log
current,cardinality,totalizer,off,TUD916.2,optimal,48,40.46,python_total_time,40.46,45.53,40.46,intermediate_or_final_unsat_step,,D:\Research\FrequencyAssignment\SourceCode\SAT\pairwise\results\no_preprocessing\matched_totalizer\TUD916.2.log
current,cardinality,totalizer,off,TUD916.3,optimal,24,55.7,python_total_time,55.7,,55.7,,,D:\Research\FrequencyAssignment\SourceCode\SAT\pairwise\results\no_preprocessing\matched_totalizer\TUD916.3.log
current,cardinality,totalizer,off,TUD916.4,optimal,26,72.62,python_total_time,72.62,,72.62,,,D:\Research\FrequencyAssignment\SourceCode\SAT\pairwise\results\no_preprocessing\matched_totalizer\TUD916.4.log
current,cardinality,totalizer,off,TUD916.5,infeasible,,29.34,python_early_exit_time_taken,29.34,29.34,,early_exit,,D:\Research\FrequencyAssignment\SourceCode\SAT\pairwise\results\no_preprocessing\matched_totalizer\TUD916.5.log
current,cardinality,totalizer,on,scen01,timeout,,600.0,runlim_timeout_cap,21.9,,21.9,intermediate_before_runlim_timeout,600.0,D:\Research\FrequencyAssignment\SourceCode\SAT\pairwise\results\preprocessing\matched_totalizer\scen01.log
current,cardinality,totalizer,on,scen02,timeout,,600.0,runlim_timeout_cap,4.92,,4.92,intermediate_before_runlim_timeout,600.0,D:\Research\FrequencyAssignment\SourceCode\SAT\pairwise\results\preprocessing\matched_totalizer\scen02.log
current,cardinality,totalizer,on,scen03,timeout,,600.0,runlim_timeout_cap,11.22,,11.22,intermediate_before_runlim_timeout,600.0,D:\Research\FrequencyAssignment\SourceCode\SAT\pairwise\results\preprocessing\matched_totalizer\scen03.log
current,cardinality,totalizer,on,scen04,optimal,46,0.1,python_total_time,0.1,0.1,0.1,intermediate_or_final_unsat_step,,D:\Research\FrequencyAssignment\SourceCode\SAT\pairwise\results\preprocessing\matched_totalizer\scen04.log
current,cardinality,totalizer,on,scen05,optimal,40,1.18,python_total_time,1.18,,1.18,,,D:\Research\FrequencyAssignment\SourceCode\SAT\pairwise\results\preprocessing\matched_totalizer\scen05.log
current,cardinality,totalizer,on,scen06,infeasible,,0.18,python_early_exit_time_taken,0.18,0.18,,early_exit,,D:\Research\FrequencyAssignment\SourceCode\SAT\pairwise\results\preprocessing\matched_totalizer\scen06.log
current,cardinality,totalizer,on,scen07,infeasible,,0.16,python_early_exit_time_taken,0.16,0.16,,early_exit,,D:\Research\FrequencyAssignment\SourceCode\SAT\pairwise\results\preprocessing\matched_totalizer\scen07.log
current,cardinality,totalizer,on,scen08,infeasible,,0.22,python_early_exit_time_taken,0.22,0.22,,early_exit,,D:\Research\FrequencyAssignment\SourceCode\SAT\pairwise\results\preprocessing\matched_totalizer\scen08.log
current,cardinality,totalizer,on,scen09,infeasible,,0.01,python_early_exit_time_taken,0.01,0.01,,early_exit,,D:\Research\FrequencyAssignment\SourceCode\SAT\pairwise\results\preprocessing\matched_totalizer\scen09.log
current,cardinality,totalizer,on,scen10,infeasible,,0.01,python_early_exit_time_taken,0.01,0.01,,early_exit,,D:\Research\FrequencyAssignment\SourceCode\SAT\pairwise\results\preprocessing\matched_totalizer\scen10.log
current,cardinality,totalizer,on,scen11,timeout,,600.0,runlim_timeout_cap,43.85,,43.85,intermediate_before_runlim_timeout,600.0,D:\Research\FrequencyAssignment\SourceCode\SAT\pairwise\results\preprocessing\matched_totalizer\scen11.log
current,cardinality,totalizer,on,graph01,timeout,,600.0,runlim_timeout_cap,0.83,,0.83,intermediate_before_runlim_timeout,600.0,D:\Research\FrequencyAssignment\SourceCode\SAT\pairwise\results\preprocessing\matched_totalizer\graph01.log
current,cardinality,totalizer,on,graph02,timeout,,600.0,runlim_timeout_cap,2.14,,2.14,intermediate_before_runlim_timeout,600.0,D:\Research\FrequencyAssignment\SourceCode\SAT\pairwise\results\preprocessing\matched_totalizer\graph02.log
current,cardinality,totalizer,on,graph03,optimal,20,118.41,python_total_time,118.41,,118.41,,,D:\Research\FrequencyAssignment\SourceCode\SAT\pairwise\results\preprocessing\matched_totalizer\graph03.log
current,cardinality,totalizer,on,graph04,optimal,22,241.8,python_total_time,241.8,,241.8,,,D:\Research\FrequencyAssignment\SourceCode\SAT\pairwise\results\preprocessing\matched_totalizer\graph04.log
current,cardinality,totalizer,on,graph05,infeasible,,0.03,python_early_exit_time_taken,0.03,0.03,,early_exit,,D:\Research\FrequencyAssignment\SourceCode\SAT\pairwise\results\preprocessing\matched_totalizer\graph05.log
current,cardinality,totalizer,on,graph06,infeasible,,0.07,python_early_exit_time_taken,0.07,0.07,,early_exit,,D:\Research\FrequencyAssignment\SourceCode\SAT\pairwise\results\preprocessing\matched_totalizer\graph06.log
current,cardinality,totalizer,on,graph07,infeasible,,0.0,python_early_exit_time_taken,0.0,0.0,,early_exit,,D:\Research\FrequencyAssignment\SourceCode\SAT\pairwise\results\preprocessing\matched_totalizer\graph07.log
current,cardinality,totalizer,on,graph08,timeout,,600.0,runlim_timeout_cap,12.45,,12.45,intermediate_before_runlim_timeout,600.0,D:\Research\FrequencyAssignment\SourceCode\SAT\pairwise\results\preprocessing\matched_totalizer\graph08.log
current,cardinality,totalizer,on,graph09,timeout,,600.0,runlim_timeout_cap,27.81,,27.81,intermediate_before_runlim_timeout,600.0,D:\Research\FrequencyAssignment\SourceCode\SAT\pairwise\results\preprocessing\matched_totalizer\graph09.log
current,cardinality,totalizer,on,graph10,timeout,,600.0,runlim_timeout_cap,340.02,,340.02,intermediate_before_runlim_timeout,600.0,D:\Research\FrequencyAssignment\SourceCode\SAT\pairwise\results\preprocessing\matched_totalizer\graph10.log
current,cardinality,totalizer,on,graph11,infeasible,,0.12,python_early_exit_time_taken,0.12,0.12,,early_exit,,D:\Research\FrequencyAssignment\SourceCode\SAT\pairwise\results\preprocessing\matched_totalizer\graph11.log
current,cardinality,totalizer,on,graph12,infeasible,,0.01,python_early_exit_time_taken,0.01,0.01,,early_exit,,D:\Research\FrequencyAssignment\SourceCode\SAT\pairwise\results\preprocessing\matched_totalizer\graph12.log
current,cardinality,totalizer,on,graph13,infeasible,,0.19,python_early_exit_time_taken,0.19,0.19,,early_exit,,D:\Research\FrequencyAssignment\SourceCode\SAT\pairwise\results\preprocessing\matched_totalizer\graph13.log
current,cardinality,totalizer,on,graph14,optimal,8,52.42,python_total_time,52.42,,52.42,,,D:\Research\FrequencyAssignment\SourceCode\SAT\pairwise\results\preprocessing\matched_totalizer\graph14.log
current,cardinality,totalizer,on,TUD200.1,optimal,12,29.43,python_total_time,29.43,,29.43,,,D:\Research\FrequencyAssignment\SourceCode\SAT\pairwise\results\preprocessing\matched_totalizer\TUD200.1.log
current,cardinality,totalizer,on,TUD200.2,optimal,46,0.06,python_total_time,0.06,0.07,0.06,intermediate_or_final_unsat_step,,D:\Research\FrequencyAssignment\SourceCode\SAT\pairwise\results\preprocessing\matched_totalizer\TUD200.2.log
current,cardinality,totalizer,on,TUD200.3,optimal,14,8.2,python_total_time,8.2,,8.2,,,D:\Research\FrequencyAssignment\SourceCode\SAT\pairwise\results\preprocessing\matched_totalizer\TUD200.3.log
current,cardinality,totalizer,on,TUD200.4,optimal,20,0.12,python_total_time,0.12,,0.12,,,D:\Research\FrequencyAssignment\SourceCode\SAT\pairwise\results\preprocessing\matched_totalizer\TUD200.4.log
current,cardinality,totalizer,on,TUD200.5,infeasible,,0.04,python_early_exit_time_taken,0.04,0.04,,early_exit,,D:\Research\FrequencyAssignment\SourceCode\SAT\pairwise\results\preprocessing\matched_totalizer\TUD200.5.log
current,cardinality,totalizer,on,TUD916.1,optimal,18,110.03,python_total_time,110.03,,110.03,,,D:\Research\FrequencyAssignment\SourceCode\SAT\pairwise\results\preprocessing\matched_totalizer\TUD916.1.log
current,cardinality,totalizer,on,TUD916.2,optimal,48,0.28,python_total_time,0.28,0.28,0.28,intermediate_or_final_unsat_step,,D:\Research\FrequencyAssignment\SourceCode\SAT\pairwise\results\preprocessing\matched_totalizer\TUD916.2.log
current,cardinality,totalizer,on,TUD916.3,optimal,24,51.12,python_total_time,51.12,,51.12,,,D:\Research\FrequencyAssignment\SourceCode\SAT\pairwise\results\preprocessing\matched_totalizer\TUD916.3.log
current,cardinality,totalizer,on,TUD916.4,optimal,26,0.47,python_total_time,0.47,,0.47,,,D:\Research\FrequencyAssignment\SourceCode\SAT\pairwise\results\preprocessing\matched_totalizer\TUD916.4.log
current,cardinality,totalizer,on,TUD916.5,infeasible,,0.15,python_early_exit_time_taken,0.15,0.15,,early_exit,,D:\Research\FrequencyAssignment\SourceCode\SAT\pairwise\results\preprocessing\matched_totalizer\TUD916.5.log
current,cpsat,mip_style,off,scen01,timeout,,600.0,runlim_timeout_cap,,11.67,,incumbent_callback,600.0,D:\Research\FrequencyAssignment\SourceCode\CPSAT\results\no_preprocessing\scen01.log
current,cpsat,mip_style,off,scen02,optimal,14,10.75,python_total_time,10.75,2.76,10.75,incumbent_callback,,D:\Research\FrequencyAssignment\SourceCode\CPSAT\results\no_preprocessing\scen02.log
current,cpsat,mip_style,off,scen03,timeout,,600.0,runlim_timeout_cap,,6.63,,incumbent_callback,600.0,D:\Research\FrequencyAssignment\SourceCode\CPSAT\results\no_preprocessing\scen03.log
current,cpsat,mip_style,off,scen04,optimal,46,5.33,python_total_time,5.33,5.28,5.33,incumbent_callback,,D:\Research\FrequencyAssignment\SourceCode\CPSAT\results\no_preprocessing\scen04.log
current,cpsat,mip_style,off,scen05,optimal,40,18.07,python_total_time,18.07,18.01,18.07,incumbent_callback,,D:\Research\FrequencyAssignment\SourceCode\CPSAT\results\no_preprocessing\scen05.log
current,cpsat,mip_style,off,scen06,infeasible,,7.63,python_total_time,7.63,,7.63,,,D:\Research\FrequencyAssignment\SourceCode\CPSAT\results\no_preprocessing\scen06.log
current,cpsat,mip_style,off,scen07,infeasible,,13.55,python_total_time,13.55,,13.55,,,D:\Research\FrequencyAssignment\SourceCode\CPSAT\results\no_preprocessing\scen07.log
current,cpsat,mip_style,off,scen08,infeasible,,25.31,python_total_time,25.31,,25.31,,,D:\Research\FrequencyAssignment\SourceCode\CPSAT\results\no_preprocessing\scen08.log
current,cpsat,mip_style,off,scen09,infeasible,,0.43,python_total_time,0.43,,0.43,,,D:\Research\FrequencyAssignment\SourceCode\CPSAT\results\no_preprocessing\scen09.log
current,cpsat,mip_style,off,scen10,infeasible,,0.44,python_total_time,0.44,,0.44,,,D:\Research\FrequencyAssignment\SourceCode\CPSAT\results\no_preprocessing\scen10.log
current,cpsat,mip_style,off,scen11,timeout,,600.0,runlim_timeout_cap,,10.84,,incumbent_callback,600.0,D:\Research\FrequencyAssignment\SourceCode\CPSAT\results\no_preprocessing\scen11.log
current,cpsat,mip_style,off,graph01,optimal,18,1.65,python_total_time,1.65,1.27,1.65,incumbent_callback,,D:\Research\FrequencyAssignment\SourceCode\CPSAT\results\no_preprocessing\graph01.log
current,cpsat,mip_style,off,graph02,optimal,14,53.5,python_total_time,53.5,3.02,53.5,incumbent_callback,,D:\Research\FrequencyAssignment\SourceCode\CPSAT\results\no_preprocessing\graph02.log
current,cpsat,mip_style,off,graph03,optimal,20,29.6,python_total_time,29.6,7.27,29.6,incumbent_callback,,D:\Research\FrequencyAssignment\SourceCode\CPSAT\results\no_preprocessing\graph03.log
current,cpsat,mip_style,off,graph04,optimal,22,58.4,python_total_time,58.4,15.2,58.4,incumbent_callback,,D:\Research\FrequencyAssignment\SourceCode\CPSAT\results\no_preprocessing\graph04.log
current,cpsat,mip_style,off,graph05,infeasible,,4.0,python_total_time,4.0,,4.0,,,D:\Research\FrequencyAssignment\SourceCode\CPSAT\results\no_preprocessing\graph05.log
current,cpsat,mip_style,off,graph06,infeasible,,7.22,python_total_time,7.22,,7.22,,,D:\Research\FrequencyAssignment\SourceCode\CPSAT\results\no_preprocessing\graph06.log
current,cpsat,mip_style,off,graph07,infeasible,,0.43,python_total_time,0.43,,0.43,,,D:\Research\FrequencyAssignment\SourceCode\CPSAT\results\no_preprocessing\graph07.log
current,cpsat,mip_style,off,graph08,optimal,18,78.14,python_total_time,78.14,7.27,78.14,incumbent_callback,,D:\Research\FrequencyAssignment\SourceCode\CPSAT\results\no_preprocessing\graph08.log
current,cpsat,mip_style,off,graph09,optimal,18,74.26,python_total_time,74.26,15.21,74.26,incumbent_callback,,D:\Research\FrequencyAssignment\SourceCode\CPSAT\results\no_preprocessing\graph09.log
current,cpsat,mip_style,off,graph10,optimal,22,349.25,python_total_time,349.25,28.14,349.25,incumbent_callback,,D:\Research\FrequencyAssignment\SourceCode\CPSAT\results\no_preprocessing\graph10.log
current,cpsat,mip_style,off,graph11,infeasible,,12.96,python_total_time,12.96,,12.96,,,D:\Research\FrequencyAssignment\SourceCode\CPSAT\results\no_preprocessing\graph11.log
current,cpsat,mip_style,off,graph12,infeasible,,0.91,python_total_time,0.91,,0.91,,,D:\Research\FrequencyAssignment\SourceCode\CPSAT\results\no_preprocessing\graph12.log
current,cpsat,mip_style,off,graph13,infeasible,,18.18,python_total_time,18.18,,18.18,,,D:\Research\FrequencyAssignment\SourceCode\CPSAT\results\no_preprocessing\graph13.log
current,cpsat,mip_style,off,graph14,optimal,8,43.13,python_total_time,43.13,10.95,43.13,incumbent_callback,,D:\Research\FrequencyAssignment\SourceCode\CPSAT\results\no_preprocessing\graph14.log
current,cpsat,mip_style,off,TUD200.1,optimal,12,8.11,python_total_time,8.11,3.06,8.11,incumbent_callback,,D:\Research\FrequencyAssignment\SourceCode\CPSAT\results\no_preprocessing\TUD200.1.log
current,cpsat,mip_style,off,TUD200.2,optimal,46,5.27,python_total_time,5.27,5.24,5.27,incumbent_callback,,D:\Research\FrequencyAssignment\SourceCode\CPSAT\results\no_preprocessing\TUD200.2.log
current,cpsat,mip_style,off,TUD200.3,optimal,14,5.24,python_total_time,5.24,3.19,5.24,incumbent_callback,,D:\Research\FrequencyAssignment\SourceCode\CPSAT\results\no_preprocessing\TUD200.3.log
current,cpsat,mip_style,off,TUD200.4,optimal,20,4.76,python_total_time,4.76,4.74,4.76,incumbent_callback,,D:\Research\FrequencyAssignment\SourceCode\CPSAT\results\no_preprocessing\TUD200.4.log
current,cpsat,mip_style,off,TUD200.5,infeasible,,4.45,python_total_time,4.45,,4.45,,,D:\Research\FrequencyAssignment\SourceCode\CPSAT\results\no_preprocessing\TUD200.5.log
current,cpsat,mip_style,off,TUD916.1,optimal,18,32.41,python_total_time,32.41,32.04,32.41,incumbent_callback,,D:\Research\FrequencyAssignment\SourceCode\CPSAT\results\no_preprocessing\TUD916.1.log
current,cpsat,mip_style,off,TUD916.2,optimal,48,23.14,python_total_time,23.14,23.02,23.14,incumbent_callback,,D:\Research\FrequencyAssignment\SourceCode\CPSAT\results\no_preprocessing\TUD916.2.log
current,cpsat,mip_style,off,TUD916.3,optimal,24,19.88,python_total_time,19.88,19.58,19.88,incumbent_callback,,D:\Research\FrequencyAssignment\SourceCode\CPSAT\results\no_preprocessing\TUD916.3.log
current,cpsat,mip_style,off,TUD916.4,optimal,26,26.88,python_total_time,26.88,26.79,26.88,incumbent_callback,,D:\Research\FrequencyAssignment\SourceCode\CPSAT\results\no_preprocessing\TUD916.4.log
current,cpsat,mip_style,off,TUD916.5,infeasible,,17.04,python_total_time,17.04,,17.04,,,D:\Research\FrequencyAssignment\SourceCode\CPSAT\results\no_preprocessing\TUD916.5.log
current,cpsat,mip_style,on,scen01,timeout,,600.0,runlim_timeout_cap,,12.68,,incumbent_callback,600.0,D:\Research\FrequencyAssignment\SourceCode\CPSAT\results\preprocessing\scen01.log
current,cpsat,mip_style,on,scen02,optimal,14,10.7,python_total_time,10.7,2.9,10.7,incumbent_callback,,D:\Research\FrequencyAssignment\SourceCode\CPSAT\results\preprocessing\scen02.log
current,cpsat,mip_style,on,scen03,timeout,,600.0,runlim_timeout_cap,,7.25,,incumbent_callback,600.0,D:\Research\FrequencyAssignment\SourceCode\CPSAT\results\preprocessing\scen03.log
current,cpsat,mip_style,on,scen04,optimal,46,0.19,python_total_time,0.19,0.18,0.19,incumbent_callback,,D:\Research\FrequencyAssignment\SourceCode\CPSAT\results\preprocessing\scen04.log
current,cpsat,mip_style,on,scen05,optimal,40,1.49,python_total_time,1.49,1.48,1.49,incumbent_callback,,D:\Research\FrequencyAssignment\SourceCode\CPSAT\results\preprocessing\scen05.log
current,cpsat,mip_style,on,scen06,infeasible,,0.25,python_total_time,0.25,,0.25,,,D:\Research\FrequencyAssignment\SourceCode\CPSAT\results\preprocessing\scen06.log
current,cpsat,mip_style,on,scen07,infeasible,,0.21,python_total_time,0.21,,0.21,,,D:\Research\FrequencyAssignment\SourceCode\CPSAT\results\preprocessing\scen07.log
current,cpsat,mip_style,on,scen08,infeasible,,0.29,python_total_time,0.29,,0.29,,,D:\Research\FrequencyAssignment\SourceCode\CPSAT\results\preprocessing\scen08.log
current,cpsat,mip_style,on,scen09,infeasible,,0.01,python_total_time,0.01,,0.01,,,D:\Research\FrequencyAssignment\SourceCode\CPSAT\results\preprocessing\scen09.log
current,cpsat,mip_style,on,scen10,infeasible,,0.01,python_total_time,0.01,,0.01,,,D:\Research\FrequencyAssignment\SourceCode\CPSAT\results\preprocessing\scen10.log
current,cpsat,mip_style,on,scen11,optimal,22,252.0,python_total_time,252.0,10.66,252.0,incumbent_callback,,D:\Research\FrequencyAssignment\SourceCode\CPSAT\results\preprocessing\scen11.log
current,cpsat,mip_style,on,graph01,optimal,18,1.68,python_total_time,1.68,1.44,1.68,incumbent_callback,,D:\Research\FrequencyAssignment\SourceCode\CPSAT\results\preprocessing\graph01.log
current,cpsat,mip_style,on,graph02,optimal,14,30.86,python_total_time,30.86,3.24,30.86,incumbent_callback,,D:\Research\FrequencyAssignment\SourceCode\CPSAT\results\preprocessing\graph02.log
current,cpsat,mip_style,on,graph03,optimal,20,27.21,python_total_time,27.21,6.97,27.21,incumbent_callback,,D:\Research\FrequencyAssignment\SourceCode\CPSAT\results\preprocessing\graph03.log
current,cpsat,mip_style,on,graph04,optimal,22,59.21,python_total_time,59.21,14.86,59.21,incumbent_callback,,D:\Research\FrequencyAssignment\SourceCode\CPSAT\results\preprocessing\graph04.log
current,cpsat,mip_style,on,graph05,infeasible,,0.04,python_total_time,0.04,,0.04,,,D:\Research\FrequencyAssignment\SourceCode\CPSAT\results\preprocessing\graph05.log
current,cpsat,mip_style,on,graph06,infeasible,,0.1,python_total_time,0.1,,0.1,,,D:\Research\FrequencyAssignment\SourceCode\CPSAT\results\preprocessing\graph06.log
current,cpsat,mip_style,on,graph07,infeasible,,0.01,python_total_time,0.01,,0.01,,,D:\Research\FrequencyAssignment\SourceCode\CPSAT\results\preprocessing\graph07.log
current,cpsat,mip_style,on,graph08,optimal,18,96.06,python_total_time,96.06,7.53,96.06,incumbent_callback,,D:\Research\FrequencyAssignment\SourceCode\CPSAT\results\preprocessing\graph08.log
current,cpsat,mip_style,on,graph09,optimal,18,55.91,python_total_time,55.91,11.4,55.91,incumbent_callback,,D:\Research\FrequencyAssignment\SourceCode\CPSAT\results\preprocessing\graph09.log
current,cpsat,mip_style,on,graph10,optimal,22,386.77,python_total_time,386.77,27.97,386.77,incumbent_callback,,D:\Research\FrequencyAssignment\SourceCode\CPSAT\results\preprocessing\graph10.log
current,cpsat,mip_style,on,graph11,infeasible,,0.17,python_total_time,0.17,,0.17,,,D:\Research\FrequencyAssignment\SourceCode\CPSAT\results\preprocessing\graph11.log
current,cpsat,mip_style,on,graph12,infeasible,,0.01,python_total_time,0.01,,0.01,,,D:\Research\FrequencyAssignment\SourceCode\CPSAT\results\preprocessing\graph12.log
current,cpsat,mip_style,on,graph13,infeasible,,0.26,python_total_time,0.26,,0.26,,,D:\Research\FrequencyAssignment\SourceCode\CPSAT\results\preprocessing\graph13.log
current,cpsat,mip_style,on,graph14,optimal,8,32.92,python_total_time,32.92,11.03,32.92,incumbent_callback,,D:\Research\FrequencyAssignment\SourceCode\CPSAT\results\preprocessing\graph14.log
current,cpsat,mip_style,on,TUD200.1,optimal,12,12.38,python_total_time,12.38,3.44,12.38,incumbent_callback,,D:\Research\FrequencyAssignment\SourceCode\CPSAT\results\preprocessing\TUD200.1.log
current,cpsat,mip_style,on,TUD200.2,optimal,46,0.1,python_total_time,0.1,0.09,0.1,incumbent_callback,,D:\Research\FrequencyAssignment\SourceCode\CPSAT\results\preprocessing\TUD200.2.log
current,cpsat,mip_style,on,TUD200.3,optimal,14,6.0,python_total_time,6.0,3.25,6.0,incumbent_callback,,D:\Research\FrequencyAssignment\SourceCode\CPSAT\results\preprocessing\TUD200.3.log
current,cpsat,mip_style,on,TUD200.4,optimal,20,0.19,python_total_time,0.19,0.19,0.19,incumbent_callback,,D:\Research\FrequencyAssignment\SourceCode\CPSAT\results\preprocessing\TUD200.4.log
current,cpsat,mip_style,on,TUD200.5,infeasible,,0.05,python_total_time,0.05,,0.05,,,D:\Research\FrequencyAssignment\SourceCode\CPSAT\results\preprocessing\TUD200.5.log
current,cpsat,mip_style,on,TUD916.1,optimal,18,34.52,python_total_time,34.52,34.36,34.52,incumbent_callback,,D:\Research\FrequencyAssignment\SourceCode\CPSAT\results\preprocessing\TUD916.1.log
current,cpsat,mip_style,on,TUD916.2,optimal,48,0.4,python_total_time,0.4,0.39,0.4,incumbent_callback,,D:\Research\FrequencyAssignment\SourceCode\CPSAT\results\preprocessing\TUD916.2.log
current,cpsat,mip_style,on,TUD916.3,optimal,24,18.09,python_total_time,18.09,16.9,18.09,incumbent_callback,,D:\Research\FrequencyAssignment\SourceCode\CPSAT\results\preprocessing\TUD916.3.log
current,cpsat,mip_style,on,TUD916.4,optimal,26,0.69,python_total_time,0.69,0.68,0.69,incumbent_callback,,D:\Research\FrequencyAssignment\SourceCode\CPSAT\results\preprocessing\TUD916.4.log
current,cpsat,mip_style,on,TUD916.5,infeasible,,0.19,python_total_time,0.19,,0.19,,,D:\Research\FrequencyAssignment\SourceCode\CPSAT\results\preprocessing\TUD916.5.log
current,cpsat_cp,cp_style,off,scen01,timeout,,600.0,runlim_timeout_cap,,28.52,,incumbent_callback,600.0,D:\Research\FrequencyAssignment\SourceCode\CPSAT_CP\results\no_preprocessing\scen01.log
current,cpsat_cp,cp_style,off,scen02,timeout,,600.0,runlim_timeout_cap,,6.77,,incumbent_callback,600.0,D:\Research\FrequencyAssignment\SourceCode\CPSAT_CP\results\no_preprocessing\scen02.log
current,cpsat_cp,cp_style,off,scen03,timeout,,600.0,runlim_timeout_cap,,25.87,,incumbent_callback,600.0,D:\Research\FrequencyAssignment\SourceCode\CPSAT_CP\results\no_preprocessing\scen03.log
current,cpsat_cp,cp_style,off,scen04,optimal,46,0.98,python_total_time,0.98,0.96,0.98,incumbent_callback,,D:\Research\FrequencyAssignment\SourceCode\CPSAT_CP\results\no_preprocessing\scen04.log
current,cpsat_cp,cp_style,off,scen05,optimal,40,2.09,python_total_time,2.09,2.06,2.09,incumbent_callback,,D:\Research\FrequencyAssignment\SourceCode\CPSAT_CP\results\no_preprocessing\scen05.log
current,cpsat_cp,cp_style,off,scen06,infeasible,,0.64,python_total_time,0.64,,0.64,,,D:\Research\FrequencyAssignment\SourceCode\CPSAT_CP\results\no_preprocessing\scen06.log
current,cpsat_cp,cp_style,off,scen07,infeasible,,1.12,python_total_time,1.12,,1.12,,,D:\Research\FrequencyAssignment\SourceCode\CPSAT_CP\results\no_preprocessing\scen07.log
current,cpsat_cp,cp_style,off,scen08,infeasible,,2.34,python_total_time,2.34,,2.34,,,D:\Research\FrequencyAssignment\SourceCode\CPSAT_CP\results\no_preprocessing\scen08.log
current,cpsat_cp,cp_style,off,scen09,infeasible,,0.15,python_total_time,0.15,,0.15,,,D:\Research\FrequencyAssignment\SourceCode\CPSAT_CP\results\no_preprocessing\scen09.log
current,cpsat_cp,cp_style,off,scen10,infeasible,,0.15,python_total_time,0.15,,0.15,,,D:\Research\FrequencyAssignment\SourceCode\CPSAT_CP\results\no_preprocessing\scen10.log
current,cpsat_cp,cp_style,off,scen11,optimal,22,339.58,python_total_time,339.58,68.7,339.58,incumbent_callback,,D:\Research\FrequencyAssignment\SourceCode\CPSAT_CP\results\no_preprocessing\scen11.log
current,cpsat_cp,cp_style,off,graph01,timeout,,600.0,runlim_timeout_cap,,9.31,,incumbent_callback,600.0,D:\Research\FrequencyAssignment\SourceCode\CPSAT_CP\results\no_preprocessing\graph01.log
current,cpsat_cp,cp_style,off,graph02,timeout,,600.0,runlim_timeout_cap,,12.6,,incumbent_callback,600.0,D:\Research\FrequencyAssignment\SourceCode\CPSAT_CP\results\no_preprocessing\graph02.log
current,cpsat_cp,cp_style,off,graph03,optimal,20,88.95,python_total_time,88.95,19.53,88.95,incumbent_callback,,D:\Research\FrequencyAssignment\SourceCode\CPSAT_CP\results\no_preprocessing\graph03.log
current,cpsat_cp,cp_style,off,graph04,optimal,22,197.79,python_total_time,197.79,32.3,197.79,incumbent_callback,,D:\Research\FrequencyAssignment\SourceCode\CPSAT_CP\results\no_preprocessing\graph04.log
current,cpsat_cp,cp_style,off,graph05,infeasible,,0.48,python_total_time,0.48,,0.48,,,D:\Research\FrequencyAssignment\SourceCode\CPSAT_CP\results\no_preprocessing\graph05.log
current,cpsat_cp,cp_style,off,graph06,infeasible,,0.91,python_total_time,0.91,,0.91,,,D:\Research\FrequencyAssignment\SourceCode\CPSAT_CP\results\no_preprocessing\graph06.log
current,cpsat_cp,cp_style,off,graph07,infeasible,,0.11,python_total_time,0.11,,0.11,,,D:\Research\FrequencyAssignment\SourceCode\CPSAT_CP\results\no_preprocessing\graph07.log
current,cpsat_cp,cp_style,off,graph08,timeout,,600.0,runlim_timeout_cap,,26.83,,incumbent_callback,600.0,D:\Research\FrequencyAssignment\SourceCode\CPSAT_CP\results\no_preprocessing\graph08.log
current,cpsat_cp,cp_style,off,graph09,timeout,,600.0,runlim_timeout_cap,,88.07,,incumbent_callback,600.0,D:\Research\FrequencyAssignment\SourceCode\CPSAT_CP\results\no_preprocessing\graph09.log
current,cpsat_cp,cp_style,off,graph10,timeout,,600.0,runlim_timeout_cap,,33.63,,incumbent_callback,600.0,D:\Research\FrequencyAssignment\SourceCode\CPSAT_CP\results\no_preprocessing\graph10.log
current,cpsat_cp,cp_style,off,graph11,infeasible,,1.61,python_total_time,1.61,,1.61,,,D:\Research\FrequencyAssignment\SourceCode\CPSAT_CP\results\no_preprocessing\graph11.log
current,cpsat_cp,cp_style,off,graph12,infeasible,,0.2,python_total_time,0.2,,0.2,,,D:\Research\FrequencyAssignment\SourceCode\CPSAT_CP\results\no_preprocessing\graph12.log
current,cpsat_cp,cp_style,off,graph13,infeasible,,2.17,python_total_time,2.17,,2.17,,,D:\Research\FrequencyAssignment\SourceCode\CPSAT_CP\results\no_preprocessing\graph13.log
current,cpsat_cp,cp_style,off,graph14,optimal,8,338.01,python_total_time,338.01,337.67,338.01,incumbent_callback,,D:\Research\FrequencyAssignment\SourceCode\CPSAT_CP\results\no_preprocessing\graph14.log
current,cpsat_cp,cp_style,off,TUD200.1,optimal,12,120.69,python_total_time,120.69,8.19,120.69,incumbent_callback,,D:\Research\FrequencyAssignment\SourceCode\CPSAT_CP\results\no_preprocessing\TUD200.1.log
current,cpsat_cp,cp_style,off,TUD200.2,optimal,46,0.6,python_total_time,0.6,0.59,0.6,incumbent_callback,,D:\Research\FrequencyAssignment\SourceCode\CPSAT_CP\results\no_preprocessing\TUD200.2.log
current,cpsat_cp,cp_style,off,TUD200.3,optimal,14,15.88,python_total_time,15.88,7.57,15.88,incumbent_callback,,D:\Research\FrequencyAssignment\SourceCode\CPSAT_CP\results\no_preprocessing\TUD200.3.log
current,cpsat_cp,cp_style,off,TUD200.4,optimal,20,0.75,python_total_time,0.75,0.74,0.75,incumbent_callback,,D:\Research\FrequencyAssignment\SourceCode\CPSAT_CP\results\no_preprocessing\TUD200.4.log
current,cpsat_cp,cp_style,off,TUD200.5,infeasible,,0.48,python_total_time,0.48,,0.48,,,D:\Research\FrequencyAssignment\SourceCode\CPSAT_CP\results\no_preprocessing\TUD200.5.log
current,cpsat_cp,cp_style,off,TUD916.1,optimal,18,117.7,python_total_time,117.7,117.36,117.7,incumbent_callback,,D:\Research\FrequencyAssignment\SourceCode\CPSAT_CP\results\no_preprocessing\TUD916.1.log
current,cpsat_cp,cp_style,off,TUD916.2,optimal,48,3.07,python_total_time,3.07,3.05,3.07,incumbent_callback,,D:\Research\FrequencyAssignment\SourceCode\CPSAT_CP\results\no_preprocessing\TUD916.2.log
current,cpsat_cp,cp_style,off,TUD916.3,optimal,24,39.16,python_total_time,39.16,34.99,39.16,incumbent_callback,,D:\Research\FrequencyAssignment\SourceCode\CPSAT_CP\results\no_preprocessing\TUD916.3.log
current,cpsat_cp,cp_style,off,TUD916.4,optimal,26,3.38,python_total_time,3.38,3.35,3.38,incumbent_callback,,D:\Research\FrequencyAssignment\SourceCode\CPSAT_CP\results\no_preprocessing\TUD916.4.log
current,cpsat_cp,cp_style,off,TUD916.5,infeasible,,1.4,python_total_time,1.4,,1.4,,,D:\Research\FrequencyAssignment\SourceCode\CPSAT_CP\results\no_preprocessing\TUD916.5.log
current,cpsat_cp,cp_style,on,scen01,timeout,,600.0,runlim_timeout_cap,,28.01,,incumbent_callback,600.0,D:\Research\FrequencyAssignment\SourceCode\CPSAT_CP\results\preprocessing\scen01.log
current,cpsat_cp,cp_style,on,scen02,timeout,,600.0,runlim_timeout_cap,,6.8,,incumbent_callback,600.0,D:\Research\FrequencyAssignment\SourceCode\CPSAT_CP\results\preprocessing\scen02.log
current,cpsat_cp,cp_style,on,scen03,timeout,,600.0,runlim_timeout_cap,,15.34,,incumbent_callback,600.0,D:\Research\FrequencyAssignment\SourceCode\CPSAT_CP\results\preprocessing\scen03.log
current,cpsat_cp,cp_style,on,scen04,optimal,46,0.43,python_total_time,0.43,0.41,0.43,incumbent_callback,,D:\Research\FrequencyAssignment\SourceCode\CPSAT_CP\results\preprocessing\scen04.log
current,cpsat_cp,cp_style,on,scen05,optimal,40,1.1,python_total_time,1.1,1.08,1.1,incumbent_callback,,D:\Research\FrequencyAssignment\SourceCode\CPSAT_CP\results\preprocessing\scen05.log
current,cpsat_cp,cp_style,on,scen06,infeasible,,0.24,python_total_time,0.24,,0.24,,,D:\Research\FrequencyAssignment\SourceCode\CPSAT_CP\results\preprocessing\scen06.log
current,cpsat_cp,cp_style,on,scen07,infeasible,,0.22,python_total_time,0.22,,0.22,,,D:\Research\FrequencyAssignment\SourceCode\CPSAT_CP\results\preprocessing\scen07.log
current,cpsat_cp,cp_style,on,scen08,infeasible,,0.3,python_total_time,0.3,,0.3,,,D:\Research\FrequencyAssignment\SourceCode\CPSAT_CP\results\preprocessing\scen08.log
current,cpsat_cp,cp_style,on,scen09,infeasible,,0.02,python_total_time,0.02,,0.02,,,D:\Research\FrequencyAssignment\SourceCode\CPSAT_CP\results\preprocessing\scen09.log
current,cpsat_cp,cp_style,on,scen10,infeasible,,0.02,python_total_time,0.02,,0.02,,,D:\Research\FrequencyAssignment\SourceCode\CPSAT_CP\results\preprocessing\scen10.log
current,cpsat_cp,cp_style,on,scen11,optimal,22,461.56,python_total_time,461.56,68.64,461.56,incumbent_callback,,D:\Research\FrequencyAssignment\SourceCode\CPSAT_CP\results\preprocessing\scen11.log
current,cpsat_cp,cp_style,on,graph01,timeout,,600.0,runlim_timeout_cap,,5.47,,incumbent_callback,600.0,D:\Research\FrequencyAssignment\SourceCode\CPSAT_CP\results\preprocessing\graph01.log
current,cpsat_cp,cp_style,on,graph02,timeout,,600.0,runlim_timeout_cap,,13.19,,incumbent_callback,600.0,D:\Research\FrequencyAssignment\SourceCode\CPSAT_CP\results\preprocessing\graph02.log
current,cpsat_cp,cp_style,on,graph03,optimal,20,69.88,python_total_time,69.88,20.93,69.88,incumbent_callback,,D:\Research\FrequencyAssignment\SourceCode\CPSAT_CP\results\preprocessing\graph03.log
current,cpsat_cp,cp_style,on,graph04,optimal,22,185.22,python_total_time,185.22,33.02,185.22,incumbent_callback,,D:\Research\FrequencyAssignment\SourceCode\CPSAT_CP\results\preprocessing\graph04.log
current,cpsat_cp,cp_style,on,graph05,infeasible,,0.09,python_total_time,0.09,,0.09,,,D:\Research\FrequencyAssignment\SourceCode\CPSAT_CP\results\preprocessing\graph05.log
current,cpsat_cp,cp_style,on,graph06,infeasible,,0.1,python_total_time,0.1,,0.1,,,D:\Research\FrequencyAssignment\SourceCode\CPSAT_CP\results\preprocessing\graph06.log
current,cpsat_cp,cp_style,on,graph07,infeasible,,0.01,python_total_time,0.01,,0.01,,,D:\Research\FrequencyAssignment\SourceCode\CPSAT_CP\results\preprocessing\graph07.log
current,cpsat_cp,cp_style,on,graph08,timeout,,600.0,runlim_timeout_cap,,27.47,,incumbent_callback,600.0,D:\Research\FrequencyAssignment\SourceCode\CPSAT_CP\results\preprocessing\graph08.log
current,cpsat_cp,cp_style,on,graph09,timeout,,600.0,runlim_timeout_cap,,34.95,,incumbent_callback,600.0,D:\Research\FrequencyAssignment\SourceCode\CPSAT_CP\results\preprocessing\graph09.log
current,cpsat_cp,cp_style,on,graph10,timeout,,600.0,runlim_timeout_cap,,35.2,,incumbent_callback,600.0,D:\Research\FrequencyAssignment\SourceCode\CPSAT_CP\results\preprocessing\graph10.log
current,cpsat_cp,cp_style,on,graph11,infeasible,,0.21,python_total_time,0.21,,0.21,,,D:\Research\FrequencyAssignment\SourceCode\CPSAT_CP\results\preprocessing\graph11.log
current,cpsat_cp,cp_style,on,graph12,infeasible,,0.02,python_total_time,0.02,,0.02,,,D:\Research\FrequencyAssignment\SourceCode\CPSAT_CP\results\preprocessing\graph12.log
current,cpsat_cp,cp_style,on,graph13,infeasible,,0.26,python_total_time,0.26,,0.26,,,D:\Research\FrequencyAssignment\SourceCode\CPSAT_CP\results\preprocessing\graph13.log
current,cpsat_cp,cp_style,on,graph14,optimal,8,528.55,python_total_time,528.55,528.2,528.55,incumbent_callback,,D:\Research\FrequencyAssignment\SourceCode\CPSAT_CP\results\preprocessing\graph14.log
current,cpsat_cp,cp_style,on,TUD200.1,optimal,12,111.35,python_total_time,111.35,8.38,111.35,incumbent_callback,,D:\Research\FrequencyAssignment\SourceCode\CPSAT_CP\results\preprocessing\TUD200.1.log
current,cpsat_cp,cp_style,on,TUD200.2,optimal,46,0.13,python_total_time,0.13,0.12,0.13,incumbent_callback,,D:\Research\FrequencyAssignment\SourceCode\CPSAT_CP\results\preprocessing\TUD200.2.log
current,cpsat_cp,cp_style,on,TUD200.3,optimal,14,17.56,python_total_time,17.56,10.88,17.56,incumbent_callback,,D:\Research\FrequencyAssignment\SourceCode\CPSAT_CP\results\preprocessing\TUD200.3.log
current,cpsat_cp,cp_style,on,TUD200.4,optimal,20,0.28,python_total_time,0.28,0.27,0.28,incumbent_callback,,D:\Research\FrequencyAssignment\SourceCode\CPSAT_CP\results\preprocessing\TUD200.4.log
current,cpsat_cp,cp_style,on,TUD200.5,infeasible,,0.05,python_total_time,0.05,,0.05,,,D:\Research\FrequencyAssignment\SourceCode\CPSAT_CP\results\preprocessing\TUD200.5.log
current,cpsat_cp,cp_style,on,TUD916.1,optimal,18,129.99,python_total_time,129.99,129.67,129.99,incumbent_callback,,D:\Research\FrequencyAssignment\SourceCode\CPSAT_CP\results\preprocessing\TUD916.1.log
current,cpsat_cp,cp_style,on,TUD916.2,optimal,48,0.56,python_total_time,0.56,0.55,0.56,incumbent_callback,,D:\Research\FrequencyAssignment\SourceCode\CPSAT_CP\results\preprocessing\TUD916.2.log
current,cpsat_cp,cp_style,on,TUD916.3,optimal,24,41.59,python_total_time,41.59,37.78,41.59,incumbent_callback,,D:\Research\FrequencyAssignment\SourceCode\CPSAT_CP\results\preprocessing\TUD916.3.log
current,cpsat_cp,cp_style,on,TUD916.4,optimal,26,1.1,python_total_time,1.1,1.07,1.1,incumbent_callback,,D:\Research\FrequencyAssignment\SourceCode\CPSAT_CP\results\preprocessing\TUD916.4.log
current,cpsat_cp,cp_style,on,TUD916.5,infeasible,,0.2,python_total_time,0.2,,0.2,,,D:\Research\FrequencyAssignment\SourceCode\CPSAT_CP\results\preprocessing\TUD916.5.log
current,evalmaxsat,dse_1,off,scen01,timeout,,600.0,runlim_timeout_cap,,,,,600.0,D:\Research\FrequencyAssignment\SourceCode\evalmaxsat\results\no_preprocessing\pipeline\DSE_1\scen01.log
current,evalmaxsat,dse_1,off,scen02,timeout,,600.0,runlim_timeout_cap,,,,,600.0,D:\Research\FrequencyAssignment\SourceCode\evalmaxsat\results\no_preprocessing\pipeline\DSE_1\scen02.log
current,evalmaxsat,dse_1,off,scen03,timeout,,600.0,runlim_timeout_cap,,,,,600.0,D:\Research\FrequencyAssignment\SourceCode\evalmaxsat\results\no_preprocessing\pipeline\DSE_1\scen03.log
current,evalmaxsat,dse_1,off,scen04,optimal,46,0.180465,python_total_time,0.180465,,0.180465,,,D:\Research\FrequencyAssignment\SourceCode\evalmaxsat\results\no_preprocessing\pipeline\DSE_1\scen04.log
current,evalmaxsat,dse_1,off,scen05,optimal,40,1.22461,python_total_time,1.22461,,1.22461,,,D:\Research\FrequencyAssignment\SourceCode\evalmaxsat\results\no_preprocessing\pipeline\DSE_1\scen05.log
current,evalmaxsat,dse_1,off,scen06,infeasible,,0.279009,python_total_time,0.279009,,0.279009,,,D:\Research\FrequencyAssignment\SourceCode\evalmaxsat\results\no_preprocessing\pipeline\DSE_1\scen06.log
current,evalmaxsat,dse_1,off,scen07,infeasible,,0.618834,python_total_time,0.618834,,0.618834,,,D:\Research\FrequencyAssignment\SourceCode\evalmaxsat\results\no_preprocessing\pipeline\DSE_1\scen07.log
current,evalmaxsat,dse_1,off,scen08,infeasible,,0.768403,python_total_time,0.768403,,0.768403,,,D:\Research\FrequencyAssignment\SourceCode\evalmaxsat\results\no_preprocessing\pipeline\DSE_1\scen08.log
current,evalmaxsat,dse_1,off,scen09,infeasible,,0.0120687,python_total_time,0.0120687,,0.0120687,,,D:\Research\FrequencyAssignment\SourceCode\evalmaxsat\results\no_preprocessing\pipeline\DSE_1\scen09.log
current,evalmaxsat,dse_1,off,scen10,infeasible,,0.0126949,python_total_time,0.0126949,,0.0126949,,,D:\Research\FrequencyAssignment\SourceCode\evalmaxsat\results\no_preprocessing\pipeline\DSE_1\scen10.log
current,evalmaxsat,dse_1,off,scen11,timeout,,600.0,runlim_timeout_cap,,,,,600.0,D:\Research\FrequencyAssignment\SourceCode\evalmaxsat\results\no_preprocessing\pipeline\DSE_1\scen11.log
current,evalmaxsat,dse_1,off,graph01,timeout,,600.0,runlim_timeout_cap,,,,,600.0,D:\Research\FrequencyAssignment\SourceCode\evalmaxsat\results\no_preprocessing\pipeline\DSE_1\graph01.log
current,evalmaxsat,dse_1,off,graph02,timeout,,600.0,runlim_timeout_cap,,,,,600.0,D:\Research\FrequencyAssignment\SourceCode\evalmaxsat\results\no_preprocessing\pipeline\DSE_1\graph02.log
current,evalmaxsat,dse_1,off,graph03,optimal,20,78.7728,python_total_time,78.7728,,78.7728,,,D:\Research\FrequencyAssignment\SourceCode\evalmaxsat\results\no_preprocessing\pipeline\DSE_1\graph03.log
current,evalmaxsat,dse_1,off,graph04,optimal,22,126.691,python_total_time,126.691,,126.691,,,D:\Research\FrequencyAssignment\SourceCode\evalmaxsat\results\no_preprocessing\pipeline\DSE_1\graph04.log
current,evalmaxsat,dse_1,off,graph05,infeasible,,0.122795,python_total_time,0.122795,,0.122795,,,D:\Research\FrequencyAssignment\SourceCode\evalmaxsat\results\no_preprocessing\pipeline\DSE_1\graph05.log
current,evalmaxsat,dse_1,off,graph06,infeasible,,0.252466,python_total_time,0.252466,,0.252466,,,D:\Research\FrequencyAssignment\SourceCode\evalmaxsat\results\no_preprocessing\pipeline\DSE_1\graph06.log
current,evalmaxsat,dse_1,off,graph07,unknown,,,missing,,,,,,D:\Research\FrequencyAssignment\SourceCode\evalmaxsat\results\no_preprocessing\pipeline\DSE_1\graph07.log
current,evalmaxsat,dse_1,off,graph08,timeout,,600.0,runlim_timeout_cap,,,,,600.0,D:\Research\FrequencyAssignment\SourceCode\evalmaxsat\results\no_preprocessing\pipeline\DSE_1\graph08.log
current,evalmaxsat,dse_1,off,graph09,timeout,,600.0,runlim_timeout_cap,,,,,600.0,D:\Research\FrequencyAssignment\SourceCode\evalmaxsat\results\no_preprocessing\pipeline\DSE_1\graph09.log
current,evalmaxsat,dse_1,off,graph10,timeout,,600.0,runlim_timeout_cap,,,,,600.0,D:\Research\FrequencyAssignment\SourceCode\evalmaxsat\results\no_preprocessing\pipeline\DSE_1\graph10.log
current,evalmaxsat,dse_1,off,graph11,infeasible,,0.4463,python_total_time,0.4463,,0.4463,,,D:\Research\FrequencyAssignment\SourceCode\evalmaxsat\results\no_preprocessing\pipeline\DSE_1\graph11.log
current,evalmaxsat,dse_1,off,graph12,infeasible,,0.0229843,python_total_time,0.0229843,,0.0229843,,,D:\Research\FrequencyAssignment\SourceCode\evalmaxsat\results\no_preprocessing\pipeline\DSE_1\graph12.log
current,evalmaxsat,dse_1,off,graph13,infeasible,,0.66742,python_total_time,0.66742,,0.66742,,,D:\Research\FrequencyAssignment\SourceCode\evalmaxsat\results\no_preprocessing\pipeline\DSE_1\graph13.log
current,evalmaxsat,dse_1,off,graph14,optimal,8,72.9565,python_total_time,72.9565,,72.9565,,,D:\Research\FrequencyAssignment\SourceCode\evalmaxsat\results\no_preprocessing\pipeline\DSE_1\graph14.log
current,evalmaxsat,dse_1,off,TUD200.1,optimal,12,93.4236,python_total_time,93.4236,,93.4236,,,D:\Research\FrequencyAssignment\SourceCode\evalmaxsat\results\no_preprocessing\pipeline\DSE_1\TUD200.1.log
current,evalmaxsat,dse_1,off,TUD200.2,optimal,46,0.22427,python_total_time,0.22427,,0.22427,,,D:\Research\FrequencyAssignment\SourceCode\evalmaxsat\results\no_preprocessing\pipeline\DSE_1\TUD200.2.log
current,evalmaxsat,dse_1,off,TUD200.3,optimal,14,32.0177,python_total_time,32.0177,,32.0177,,,D:\Research\FrequencyAssignment\SourceCode\evalmaxsat\results\no_preprocessing\pipeline\DSE_1\TUD200.3.log
current,evalmaxsat,dse_1,off,TUD200.4,optimal,20,0.163016,python_total_time,0.163016,,0.163016,,,D:\Research\FrequencyAssignment\SourceCode\evalmaxsat\results\no_preprocessing\pipeline\DSE_1\TUD200.4.log
current,evalmaxsat,dse_1,off,TUD200.5,infeasible,,0.136952,python_total_time,0.136952,,0.136952,,,D:\Research\FrequencyAssignment\SourceCode\evalmaxsat\results\no_preprocessing\pipeline\DSE_1\TUD200.5.log
current,evalmaxsat,dse_1,off,TUD916.1,optimal,18,125.101,python_total_time,125.101,,125.101,,,D:\Research\FrequencyAssignment\SourceCode\evalmaxsat\results\no_preprocessing\pipeline\DSE_1\TUD916.1.log
current,evalmaxsat,dse_1,off,TUD916.2,optimal,48,0.980621,python_total_time,0.980621,,0.980621,,,D:\Research\FrequencyAssignment\SourceCode\evalmaxsat\results\no_preprocessing\pipeline\DSE_1\TUD916.2.log
current,evalmaxsat,dse_1,off,TUD916.3,optimal,24,54.2206,python_total_time,54.2206,,54.2206,,,D:\Research\FrequencyAssignment\SourceCode\evalmaxsat\results\no_preprocessing\pipeline\DSE_1\TUD916.3.log
current,evalmaxsat,dse_1,off,TUD916.4,optimal,26,1.30763,python_total_time,1.30763,,1.30763,,,D:\Research\FrequencyAssignment\SourceCode\evalmaxsat\results\no_preprocessing\pipeline\DSE_1\TUD916.4.log
current,evalmaxsat,dse_1,off,TUD916.5,infeasible,,0.718369,python_total_time,0.718369,,0.718369,,,D:\Research\FrequencyAssignment\SourceCode\evalmaxsat\results\no_preprocessing\pipeline\DSE_1\TUD916.5.log
current,evalmaxsat,dse_1,on,scen01,timeout,,600.0,runlim_timeout_cap,,,,,600.0,D:\Research\FrequencyAssignment\SourceCode\evalmaxsat\results\processing\pipeline\DSE_1\scen01.log
current,evalmaxsat,dse_1,on,scen02,timeout,,600.0,runlim_timeout_cap,,,,,600.0,D:\Research\FrequencyAssignment\SourceCode\evalmaxsat\results\processing\pipeline\DSE_1\scen02.log
current,evalmaxsat,dse_1,on,scen03,timeout,,600.0,runlim_timeout_cap,,,,,600.0,D:\Research\FrequencyAssignment\SourceCode\evalmaxsat\results\processing\pipeline\DSE_1\scen03.log
current,evalmaxsat,dse_1,on,scen04,optimal,46,0.004117,python_total_time,0.004117,,0.004117,,,D:\Research\FrequencyAssignment\SourceCode\evalmaxsat\results\processing\pipeline\DSE_1\scen04.log
current,evalmaxsat,dse_1,on,scen05,optimal,40,0.0648173,python_total_time,0.0648173,,0.0648173,,,D:\Research\FrequencyAssignment\SourceCode\evalmaxsat\results\processing\pipeline\DSE_1\scen05.log
current,evalmaxsat,dse_1,on,scen06,unknown,,,missing,,,,,,D:\Research\FrequencyAssignment\SourceCode\evalmaxsat\results\processing\pipeline\DSE_1\scen06.log
current,evalmaxsat,dse_1,on,scen07,unknown,,,missing,,,,,,D:\Research\FrequencyAssignment\SourceCode\evalmaxsat\results\processing\pipeline\DSE_1\scen07.log
current,evalmaxsat,dse_1,on,scen08,unknown,,,missing,,,,,,D:\Research\FrequencyAssignment\SourceCode\evalmaxsat\results\processing\pipeline\DSE_1\scen08.log
current,evalmaxsat,dse_1,on,scen09,unknown,,,missing,,,,,,D:\Research\FrequencyAssignment\SourceCode\evalmaxsat\results\processing\pipeline\DSE_1\scen09.log
current,evalmaxsat,dse_1,on,scen10,unknown,,,missing,,,,,,D:\Research\FrequencyAssignment\SourceCode\evalmaxsat\results\processing\pipeline\DSE_1\scen10.log
current,evalmaxsat,dse_1,on,scen11,timeout,,600.0,runlim_timeout_cap,,,,,600.0,D:\Research\FrequencyAssignment\SourceCode\evalmaxsat\results\processing\pipeline\DSE_1\scen11.log
current,evalmaxsat,dse_1,on,graph01,timeout,,600.0,runlim_timeout_cap,,,,,600.0,D:\Research\FrequencyAssignment\SourceCode\evalmaxsat\results\processing\pipeline\DSE_1\graph01.log
current,evalmaxsat,dse_1,on,graph02,timeout,,600.0,runlim_timeout_cap,,,,,600.0,D:\Research\FrequencyAssignment\SourceCode\evalmaxsat\results\processing\pipeline\DSE_1\graph02.log
current,evalmaxsat,dse_1,on,graph03,optimal,20,89.5472,python_total_time,89.5472,,89.5472,,,D:\Research\FrequencyAssignment\SourceCode\evalmaxsat\results\processing\pipeline\DSE_1\graph03.log
current,evalmaxsat,dse_1,on,graph04,optimal,22,113.896,python_total_time,113.896,,113.896,,,D:\Research\FrequencyAssignment\SourceCode\evalmaxsat\results\processing\pipeline\DSE_1\graph04.log
current,evalmaxsat,dse_1,on,graph05,unknown,,,missing,,,,,,D:\Research\FrequencyAssignment\SourceCode\evalmaxsat\results\processing\pipeline\DSE_1\graph05.log
current,evalmaxsat,dse_1,on,graph06,unknown,,,missing,,,,,,D:\Research\FrequencyAssignment\SourceCode\evalmaxsat\results\processing\pipeline\DSE_1\graph06.log
current,evalmaxsat,dse_1,on,graph07,unknown,,,missing,,,,,,D:\Research\FrequencyAssignment\SourceCode\evalmaxsat\results\processing\pipeline\DSE_1\graph07.log
current,evalmaxsat,dse_1,on,graph08,timeout,,600.0,runlim_timeout_cap,,,,,600.0,D:\Research\FrequencyAssignment\SourceCode\evalmaxsat\results\processing\pipeline\DSE_1\graph08.log
current,evalmaxsat,dse_1,on,graph09,timeout,,600.0,runlim_timeout_cap,,,,,600.0,D:\Research\FrequencyAssignment\SourceCode\evalmaxsat\results\processing\pipeline\DSE_1\graph09.log
current,evalmaxsat,dse_1,on,graph10,timeout,,600.0,runlim_timeout_cap,,,,,600.0,D:\Research\FrequencyAssignment\SourceCode\evalmaxsat\results\processing\pipeline\DSE_1\graph10.log
current,evalmaxsat,dse_1,on,graph11,unknown,,,missing,,,,,,D:\Research\FrequencyAssignment\SourceCode\evalmaxsat\results\processing\pipeline\DSE_1\graph11.log
current,evalmaxsat,dse_1,on,graph12,unknown,,,missing,,,,,,D:\Research\FrequencyAssignment\SourceCode\evalmaxsat\results\processing\pipeline\DSE_1\graph12.log
current,evalmaxsat,dse_1,on,graph13,unknown,,,missing,,,,,,D:\Research\FrequencyAssignment\SourceCode\evalmaxsat\results\processing\pipeline\DSE_1\graph13.log
current,evalmaxsat,dse_1,on,graph14,optimal,8,74.6915,python_total_time,74.6915,,74.6915,,,D:\Research\FrequencyAssignment\SourceCode\evalmaxsat\results\processing\pipeline\DSE_1\graph14.log
current,evalmaxsat,dse_1,on,TUD200.1,optimal,12,111.63,python_total_time,111.63,,111.63,,,D:\Research\FrequencyAssignment\SourceCode\evalmaxsat\results\processing\pipeline\DSE_1\TUD200.1.log
current,evalmaxsat,dse_1,on,TUD200.2,optimal,46,0.000863623,python_total_time,0.000863623,,0.000863623,,,D:\Research\FrequencyAssignment\SourceCode\evalmaxsat\results\processing\pipeline\DSE_1\TUD200.2.log
current,evalmaxsat,dse_1,on,TUD200.3,optimal,14,37.9695,python_total_time,37.9695,,37.9695,,,D:\Research\FrequencyAssignment\SourceCode\evalmaxsat\results\processing\pipeline\DSE_1\TUD200.3.log
current,evalmaxsat,dse_1,on,TUD200.4,optimal,20,0.00267294,python_total_time,0.00267294,,0.00267294,,,D:\Research\FrequencyAssignment\SourceCode\evalmaxsat\results\processing\pipeline\DSE_1\TUD200.4.log
current,evalmaxsat,dse_1,on,TUD200.5,unknown,,,missing,,,,,,D:\Research\FrequencyAssignment\SourceCode\evalmaxsat\results\processing\pipeline\DSE_1\TUD200.5.log
current,evalmaxsat,dse_1,on,TUD916.1,optimal,18,98.515,python_total_time,98.515,,98.515,,,D:\Research\FrequencyAssignment\SourceCode\evalmaxsat\results\processing\pipeline\DSE_1\TUD916.1.log
current,evalmaxsat,dse_1,on,TUD916.2,optimal,48,0.00163771,python_total_time,0.00163771,,0.00163771,,,D:\Research\FrequencyAssignment\SourceCode\evalmaxsat\results\processing\pipeline\DSE_1\TUD916.2.log
current,evalmaxsat,dse_1,on,TUD916.3,optimal,24,46.2523,python_total_time,46.2523,,46.2523,,,D:\Research\FrequencyAssignment\SourceCode\evalmaxsat\results\processing\pipeline\DSE_1\TUD916.3.log
current,evalmaxsat,dse_1,on,TUD916.4,optimal,26,0.00636131,python_total_time,0.00636131,,0.00636131,,,D:\Research\FrequencyAssignment\SourceCode\evalmaxsat\results\processing\pipeline\DSE_1\TUD916.4.log
current,evalmaxsat,dse_1,on,TUD916.5,unknown,,,missing,,,,,,D:\Research\FrequencyAssignment\SourceCode\evalmaxsat\results\processing\pipeline\DSE_1\TUD916.5.log
current,evalmaxsat,dse_5,off,scen01,timeout,,600.0,runlim_timeout_cap,,,,,600.0,D:\Research\FrequencyAssignment\SourceCode\evalmaxsat\results\no_preprocessing\pipeline\DSE_5\scen01.log
current,evalmaxsat,dse_5,off,scen02,optimal,14,587.439,python_total_time,587.439,,587.439,,,D:\Research\FrequencyAssignment\SourceCode\evalmaxsat\results\no_preprocessing\pipeline\DSE_5\scen02.log
current,evalmaxsat,dse_5,off,scen03,timeout,,600.0,runlim_timeout_cap,,,,,600.0,D:\Research\FrequencyAssignment\SourceCode\evalmaxsat\results\no_preprocessing\pipeline\DSE_5\scen03.log
current,evalmaxsat,dse_5,off,scen04,optimal,46,0.216298,python_total_time,0.216298,,0.216298,,,D:\Research\FrequencyAssignment\SourceCode\evalmaxsat\results\no_preprocessing\pipeline\DSE_5\scen04.log
current,evalmaxsat,dse_5,off,scen05,optimal,40,3.15158,python_total_time,3.15158,,3.15158,,,D:\Research\FrequencyAssignment\SourceCode\evalmaxsat\results\no_preprocessing\pipeline\DSE_5\scen05.log
current,evalmaxsat,dse_5,off,scen06,infeasible,,0.221358,python_total_time,0.221358,,0.221358,,,D:\Research\FrequencyAssignment\SourceCode\evalmaxsat\results\no_preprocessing\pipeline\DSE_5\scen06.log
current,evalmaxsat,dse_5,off,scen07,infeasible,,0.657952,python_total_time,0.657952,,0.657952,,,D:\Research\FrequencyAssignment\SourceCode\evalmaxsat\results\no_preprocessing\pipeline\DSE_5\scen07.log
current,evalmaxsat,dse_5,off,scen08,infeasible,,0.786953,python_total_time,0.786953,,0.786953,,,D:\Research\FrequencyAssignment\SourceCode\evalmaxsat\results\no_preprocessing\pipeline\DSE_5\scen08.log
current,evalmaxsat,dse_5,off,scen09,infeasible,,0.0148535,python_total_time,0.0148535,,0.0148535,,,D:\Research\FrequencyAssignment\SourceCode\evalmaxsat\results\no_preprocessing\pipeline\DSE_5\scen09.log
current,evalmaxsat,dse_5,off,scen10,infeasible,,0.0164963,python_total_time,0.0164963,,0.0164963,,,D:\Research\FrequencyAssignment\SourceCode\evalmaxsat\results\no_preprocessing\pipeline\DSE_5\scen10.log
current,evalmaxsat,dse_5,off,scen11,timeout,,600.0,runlim_timeout_cap,,,,,600.0,D:\Research\FrequencyAssignment\SourceCode\evalmaxsat\results\no_preprocessing\pipeline\DSE_5\scen11.log
current,evalmaxsat,dse_5,off,graph01,timeout,,600.0,runlim_timeout_cap,,,,,600.0,D:\Research\FrequencyAssignment\SourceCode\evalmaxsat\results\no_preprocessing\pipeline\DSE_5\graph01.log
current,evalmaxsat,dse_5,off,graph02,optimal,14,210.377,python_total_time,210.377,,210.377,,,D:\Research\FrequencyAssignment\SourceCode\evalmaxsat\results\no_preprocessing\pipeline\DSE_5\graph02.log
current,evalmaxsat,dse_5,off,graph03,optimal,20,71.7597,python_total_time,71.7597,,71.7597,,,D:\Research\FrequencyAssignment\SourceCode\evalmaxsat\results\no_preprocessing\pipeline\DSE_5\graph03.log
current,evalmaxsat,dse_5,off,graph04,optimal,22,114.213,python_total_time,114.213,,114.213,,,D:\Research\FrequencyAssignment\SourceCode\evalmaxsat\results\no_preprocessing\pipeline\DSE_5\graph04.log
current,evalmaxsat,dse_5,off,graph05,infeasible,,0.123785,python_total_time,0.123785,,0.123785,,,D:\Research\FrequencyAssignment\SourceCode\evalmaxsat\results\no_preprocessing\pipeline\DSE_5\graph05.log
current,evalmaxsat,dse_5,off,graph06,infeasible,,0.2591,python_total_time,0.2591,,0.2591,,,D:\Research\FrequencyAssignment\SourceCode\evalmaxsat\results\no_preprocessing\pipeline\DSE_5\graph06.log
current,evalmaxsat,dse_5,off,graph07,unknown,,,missing,,,,,,D:\Research\FrequencyAssignment\SourceCode\evalmaxsat\results\no_preprocessing\pipeline\DSE_5\graph07.log
current,evalmaxsat,dse_5,off,graph08,optimal,18,223.681,python_total_time,223.681,,223.681,,,D:\Research\FrequencyAssignment\SourceCode\evalmaxsat\results\no_preprocessing\pipeline\DSE_5\graph08.log
current,evalmaxsat,dse_5,off,graph09,timeout,,600.0,runlim_timeout_cap,,,,,600.0,D:\Research\FrequencyAssignment\SourceCode\evalmaxsat\results\no_preprocessing\pipeline\DSE_5\graph09.log
current,evalmaxsat,dse_5,off,graph10,optimal,22,571.482,python_total_time,571.482,,571.482,,,D:\Research\FrequencyAssignment\SourceCode\evalmaxsat\results\no_preprocessing\pipeline\DSE_5\graph10.log
current,evalmaxsat,dse_5,off,graph11,infeasible,,0.454034,python_total_time,0.454034,,0.454034,,,D:\Research\FrequencyAssignment\SourceCode\evalmaxsat\results\no_preprocessing\pipeline\DSE_5\graph11.log
current,evalmaxsat,dse_5,off,graph12,infeasible,,0.0250613,python_total_time,0.0250613,,0.0250613,,,D:\Research\FrequencyAssignment\SourceCode\evalmaxsat\results\no_preprocessing\pipeline\DSE_5\graph12.log
current,evalmaxsat,dse_5,off,graph13,infeasible,,0.687446,python_total_time,0.687446,,0.687446,,,D:\Research\FrequencyAssignment\SourceCode\evalmaxsat\results\no_preprocessing\pipeline\DSE_5\graph13.log
current,evalmaxsat,dse_5,off,graph14,optimal,8,54.0498,python_total_time,54.0498,,54.0498,,,D:\Research\FrequencyAssignment\SourceCode\evalmaxsat\results\no_preprocessing\pipeline\DSE_5\graph14.log
current,evalmaxsat,dse_5,off,TUD200.1,optimal,12,36.7414,python_total_time,36.7414,,36.7414,,,D:\Research\FrequencyAssignment\SourceCode\evalmaxsat\results\no_preprocessing\pipeline\DSE_5\TUD200.1.log
current,evalmaxsat,dse_5,off,TUD200.2,optimal,46,0.198248,python_total_time,0.198248,,0.198248,,,D:\Research\FrequencyAssignment\SourceCode\evalmaxsat\results\no_preprocessing\pipeline\DSE_5\TUD200.2.log
current,evalmaxsat,dse_5,off,TUD200.3,optimal,14,24.0914,python_total_time,24.0914,,24.0914,,,D:\Research\FrequencyAssignment\SourceCode\evalmaxsat\results\no_preprocessing\pipeline\DSE_5\TUD200.3.log
current,evalmaxsat,dse_5,off,TUD200.4,optimal,20,0.182806,python_total_time,0.182806,,0.182806,,,D:\Research\FrequencyAssignment\SourceCode\evalmaxsat\results\no_preprocessing\pipeline\DSE_5\TUD200.4.log
current,evalmaxsat,dse_5,off,TUD200.5,infeasible,,0.139927,python_total_time,0.139927,,0.139927,,,D:\Research\FrequencyAssignment\SourceCode\evalmaxsat\results\no_preprocessing\pipeline\DSE_5\TUD200.5.log
current,evalmaxsat,dse_5,off,TUD916.1,optimal,18,93.3593,python_total_time,93.3593,,93.3593,,,D:\Research\FrequencyAssignment\SourceCode\evalmaxsat\results\no_preprocessing\pipeline\DSE_5\TUD916.1.log
current,evalmaxsat,dse_5,off,TUD916.2,optimal,48,1.01142,python_total_time,1.01142,,1.01142,,,D:\Research\FrequencyAssignment\SourceCode\evalmaxsat\results\no_preprocessing\pipeline\DSE_5\TUD916.2.log
current,evalmaxsat,dse_5,off,TUD916.3,optimal,24,53.2059,python_total_time,53.2059,,53.2059,,,D:\Research\FrequencyAssignment\SourceCode\evalmaxsat\results\no_preprocessing\pipeline\DSE_5\TUD916.3.log
current,evalmaxsat,dse_5,off,TUD916.4,optimal,26,1.86909,python_total_time,1.86909,,1.86909,,,D:\Research\FrequencyAssignment\SourceCode\evalmaxsat\results\no_preprocessing\pipeline\DSE_5\TUD916.4.log
current,evalmaxsat,dse_5,off,TUD916.5,infeasible,,0.738199,python_total_time,0.738199,,0.738199,,,D:\Research\FrequencyAssignment\SourceCode\evalmaxsat\results\no_preprocessing\pipeline\DSE_5\TUD916.5.log
current,evalmaxsat,dse_5,on,scen01,timeout,,600.0,runlim_timeout_cap,,,,,600.0,D:\Research\FrequencyAssignment\SourceCode\evalmaxsat\results\processing\pipeline\DSE_5\scen01.log
current,evalmaxsat,dse_5,on,scen02,timeout,,600.0,runlim_timeout_cap,,,,,600.0,D:\Research\FrequencyAssignment\SourceCode\evalmaxsat\results\processing\pipeline\DSE_5\scen02.log
current,evalmaxsat,dse_5,on,scen03,timeout,,600.0,runlim_timeout_cap,,,,,600.0,D:\Research\FrequencyAssignment\SourceCode\evalmaxsat\results\processing\pipeline\DSE_5\scen03.log
current,evalmaxsat,dse_5,on,scen04,optimal,46,0.00796269,python_total_time,0.00796269,,0.00796269,,,D:\Research\FrequencyAssignment\SourceCode\evalmaxsat\results\processing\pipeline\DSE_5\scen04.log
current,evalmaxsat,dse_5,on,scen05,optimal,40,0.0725595,python_total_time,0.0725595,,0.0725595,,,D:\Research\FrequencyAssignment\SourceCode\evalmaxsat\results\processing\pipeline\DSE_5\scen05.log
current,evalmaxsat,dse_5,on,scen06,unknown,,,missing,,,,,,D:\Research\FrequencyAssignment\SourceCode\evalmaxsat\results\processing\pipeline\DSE_5\scen06.log
current,evalmaxsat,dse_5,on,scen07,unknown,,,missing,,,,,,D:\Research\FrequencyAssignment\SourceCode\evalmaxsat\results\processing\pipeline\DSE_5\scen07.log
current,evalmaxsat,dse_5,on,scen08,unknown,,,missing,,,,,,D:\Research\FrequencyAssignment\SourceCode\evalmaxsat\results\processing\pipeline\DSE_5\scen08.log
current,evalmaxsat,dse_5,on,scen09,unknown,,,missing,,,,,,D:\Research\FrequencyAssignment\SourceCode\evalmaxsat\results\processing\pipeline\DSE_5\scen09.log
current,evalmaxsat,dse_5,on,scen10,unknown,,,missing,,,,,,D:\Research\FrequencyAssignment\SourceCode\evalmaxsat\results\processing\pipeline\DSE_5\scen10.log
current,evalmaxsat,dse_5,on,scen11,timeout,,600.0,runlim_timeout_cap,,,,,600.0,D:\Research\FrequencyAssignment\SourceCode\evalmaxsat\results\processing\pipeline\DSE_5\scen11.log
current,evalmaxsat,dse_5,on,graph01,timeout,,600.0,runlim_timeout_cap,,,,,600.0,D:\Research\FrequencyAssignment\SourceCode\evalmaxsat\results\processing\pipeline\DSE_5\graph01.log
current,evalmaxsat,dse_5,on,graph02,optimal,14,304.158,python_total_time,304.158,,304.158,,,D:\Research\FrequencyAssignment\SourceCode\evalmaxsat\results\processing\pipeline\DSE_5\graph02.log
current,evalmaxsat,dse_5,on,graph03,optimal,20,76.936,python_total_time,76.936,,76.936,,,D:\Research\FrequencyAssignment\SourceCode\evalmaxsat\results\processing\pipeline\DSE_5\graph03.log
current,evalmaxsat,dse_5,on,graph04,optimal,22,92.8176,python_total_time,92.8176,,92.8176,,,D:\Research\FrequencyAssignment\SourceCode\evalmaxsat\results\processing\pipeline\DSE_5\graph04.log
current,evalmaxsat,dse_5,on,graph05,unknown,,,missing,,,,,,D:\Research\FrequencyAssignment\SourceCode\evalmaxsat\results\processing\pipeline\DSE_5\graph05.log
current,evalmaxsat,dse_5,on,graph06,unknown,,,missing,,,,,,D:\Research\FrequencyAssignment\SourceCode\evalmaxsat\results\processing\pipeline\DSE_5\graph06.log
current,evalmaxsat,dse_5,on,graph07,unknown,,,missing,,,,,,D:\Research\FrequencyAssignment\SourceCode\evalmaxsat\results\processing\pipeline\DSE_5\graph07.log
current,evalmaxsat,dse_5,on,graph08,optimal,18,302.661,python_total_time,302.661,,302.661,,,D:\Research\FrequencyAssignment\SourceCode\evalmaxsat\results\processing\pipeline\DSE_5\graph08.log
current,evalmaxsat,dse_5,on,graph09,timeout,,600.0,runlim_timeout_cap,,,,,600.0,D:\Research\FrequencyAssignment\SourceCode\evalmaxsat\results\processing\pipeline\DSE_5\graph09.log
current,evalmaxsat,dse_5,on,graph10,optimal,22,546.829,python_total_time,546.829,,546.829,,,D:\Research\FrequencyAssignment\SourceCode\evalmaxsat\results\processing\pipeline\DSE_5\graph10.log
current,evalmaxsat,dse_5,on,graph11,unknown,,,missing,,,,,,D:\Research\FrequencyAssignment\SourceCode\evalmaxsat\results\processing\pipeline\DSE_5\graph11.log
current,evalmaxsat,dse_5,on,graph12,unknown,,,missing,,,,,,D:\Research\FrequencyAssignment\SourceCode\evalmaxsat\results\processing\pipeline\DSE_5\graph12.log
current,evalmaxsat,dse_5,on,graph13,unknown,,,missing,,,,,,D:\Research\FrequencyAssignment\SourceCode\evalmaxsat\results\processing\pipeline\DSE_5\graph13.log
current,evalmaxsat,dse_5,on,graph14,optimal,8,61.0769,python_total_time,61.0769,,61.0769,,,D:\Research\FrequencyAssignment\SourceCode\evalmaxsat\results\processing\pipeline\DSE_5\graph14.log
current,evalmaxsat,dse_5,on,TUD200.1,optimal,12,35.8049,python_total_time,35.8049,,35.8049,,,D:\Research\FrequencyAssignment\SourceCode\evalmaxsat\results\processing\pipeline\DSE_5\TUD200.1.log
current,evalmaxsat,dse_5,on,TUD200.2,optimal,46,0.000731076,python_total_time,0.000731076,,0.000731076,,,D:\Research\FrequencyAssignment\SourceCode\evalmaxsat\results\processing\pipeline\DSE_5\TUD200.2.log
current,evalmaxsat,dse_5,on,TUD200.3,optimal,14,12.8386,python_total_time,12.8386,,12.8386,,,D:\Research\FrequencyAssignment\SourceCode\evalmaxsat\results\processing\pipeline\DSE_5\TUD200.3.log
current,evalmaxsat,dse_5,on,TUD200.4,optimal,20,0.00279857,python_total_time,0.00279857,,0.00279857,,,D:\Research\FrequencyAssignment\SourceCode\evalmaxsat\results\processing\pipeline\DSE_5\TUD200.4.log
current,evalmaxsat,dse_5,on,TUD200.5,unknown,,,missing,,,,,,D:\Research\FrequencyAssignment\SourceCode\evalmaxsat\results\processing\pipeline\DSE_5\TUD200.5.log
current,evalmaxsat,dse_5,on,TUD916.1,optimal,18,88.2141,python_total_time,88.2141,,88.2141,,,D:\Research\FrequencyAssignment\SourceCode\evalmaxsat\results\processing\pipeline\DSE_5\TUD916.1.log
current,evalmaxsat,dse_5,on,TUD916.2,optimal,48,0.00175568,python_total_time,0.00175568,,0.00175568,,,D:\Research\FrequencyAssignment\SourceCode\evalmaxsat\results\processing\pipeline\DSE_5\TUD916.2.log
current,evalmaxsat,dse_5,on,TUD916.3,optimal,24,49.6622,python_total_time,49.6622,,49.6622,,,D:\Research\FrequencyAssignment\SourceCode\evalmaxsat\results\processing\pipeline\DSE_5\TUD916.3.log
current,evalmaxsat,dse_5,on,TUD916.4,optimal,26,0.00768607,python_total_time,0.00768607,,0.00768607,,,D:\Research\FrequencyAssignment\SourceCode\evalmaxsat\results\processing\pipeline\DSE_5\TUD916.4.log
current,evalmaxsat,dse_5,on,TUD916.5,unknown,,,missing,,,,,,D:\Research\FrequencyAssignment\SourceCode\evalmaxsat\results\processing\pipeline\DSE_5\TUD916.5.log
current,evalmaxsat,dse_6,off,scen01,timeout,,600.0,runlim_timeout_cap,,,,,600.0,D:\Research\FrequencyAssignment\SourceCode\evalmaxsat\results\no_preprocessing\pipeline\DSE_6\scen01.log
current,evalmaxsat,dse_6,off,scen02,timeout,,600.0,runlim_timeout_cap,,,,,600.0,D:\Research\FrequencyAssignment\SourceCode\evalmaxsat\results\no_preprocessing\pipeline\DSE_6\scen02.log
current,evalmaxsat,dse_6,off,scen03,timeout,,600.0,runlim_timeout_cap,,,,,600.0,D:\Research\FrequencyAssignment\SourceCode\evalmaxsat\results\no_preprocessing\pipeline\DSE_6\scen03.log
current,evalmaxsat,dse_6,off,scen04,optimal,46,0.610932,python_total_time,0.610932,,0.610932,,,D:\Research\FrequencyAssignment\SourceCode\evalmaxsat\results\no_preprocessing\pipeline\DSE_6\scen04.log
current,evalmaxsat,dse_6,off,scen05,optimal,40,1.95136,python_total_time,1.95136,,1.95136,,,D:\Research\FrequencyAssignment\SourceCode\evalmaxsat\results\no_preprocessing\pipeline\DSE_6\scen05.log
current,evalmaxsat,dse_6,off,scen06,infeasible,,0.378136,python_total_time,0.378136,,0.378136,,,D:\Research\FrequencyAssignment\SourceCode\evalmaxsat\results\no_preprocessing\pipeline\DSE_6\scen06.log
current,evalmaxsat,dse_6,off,scen07,infeasible,,0.81411,python_total_time,0.81411,,0.81411,,,D:\Research\FrequencyAssignment\SourceCode\evalmaxsat\results\no_preprocessing\pipeline\DSE_6\scen07.log
current,evalmaxsat,dse_6,off,scen08,infeasible,,1.0414,python_total_time,1.0414,,1.0414,,,D:\Research\FrequencyAssignment\SourceCode\evalmaxsat\results\no_preprocessing\pipeline\DSE_6\scen08.log
current,evalmaxsat,dse_6,off,scen09,infeasible,,0.0365803,python_total_time,0.0365803,,0.0365803,,,D:\Research\FrequencyAssignment\SourceCode\evalmaxsat\results\no_preprocessing\pipeline\DSE_6\scen09.log
current,evalmaxsat,dse_6,off,scen10,infeasible,,0.0366311,python_total_time,0.0366311,,0.0366311,,,D:\Research\FrequencyAssignment\SourceCode\evalmaxsat\results\no_preprocessing\pipeline\DSE_6\scen10.log
current,evalmaxsat,dse_6,off,scen11,timeout,,600.0,runlim_timeout_cap,,,,,600.0,D:\Research\FrequencyAssignment\SourceCode\evalmaxsat\results\no_preprocessing\pipeline\DSE_6\scen11.log
current,evalmaxsat,dse_6,off,graph01,timeout,,600.0,runlim_timeout_cap,,,,,600.0,D:\Research\FrequencyAssignment\SourceCode\evalmaxsat\results\no_preprocessing\pipeline\DSE_6\graph01.log
current,evalmaxsat,dse_6,off,graph02,timeout,,600.0,runlim_timeout_cap,,,,,600.0,D:\Research\FrequencyAssignment\SourceCode\evalmaxsat\results\no_preprocessing\pipeline\DSE_6\graph02.log
current,evalmaxsat,dse_6,off,graph03,optimal,20,82.1175,python_total_time,82.1175,,82.1175,,,D:\Research\FrequencyAssignment\SourceCode\evalmaxsat\results\no_preprocessing\pipeline\DSE_6\graph03.log
current,evalmaxsat,dse_6,off,graph04,optimal,22,127.388,python_total_time,127.388,,127.388,,,D:\Research\FrequencyAssignment\SourceCode\evalmaxsat\results\no_preprocessing\pipeline\DSE_6\graph04.log
current,evalmaxsat,dse_6,off,graph05,infeasible,,0.17461,python_total_time,0.17461,,0.17461,,,D:\Research\FrequencyAssignment\SourceCode\evalmaxsat\results\no_preprocessing\pipeline\DSE_6\graph05.log
current,evalmaxsat,dse_6,off,graph06,infeasible,,0.367466,python_total_time,0.367466,,0.367466,,,D:\Research\FrequencyAssignment\SourceCode\evalmaxsat\results\no_preprocessing\pipeline\DSE_6\graph06.log
current,evalmaxsat,dse_6,off,graph07,unknown,,,missing,,,,,,D:\Research\FrequencyAssignment\SourceCode\evalmaxsat\results\no_preprocessing\pipeline\DSE_6\graph07.log
current,evalmaxsat,dse_6,off,graph08,timeout,,600.0,runlim_timeout_cap,,,,,600.0,D:\Research\FrequencyAssignment\SourceCode\evalmaxsat\results\no_preprocessing\pipeline\DSE_6\graph08.log
current,evalmaxsat,dse_6,off,graph09,timeout,,600.0,runlim_timeout_cap,,,,,600.0,D:\Research\FrequencyAssignment\SourceCode\evalmaxsat\results\no_preprocessing\pipeline\DSE_6\graph09.log
current,evalmaxsat,dse_6,off,graph10,timeout,,600.0,runlim_timeout_cap,,,,,600.0,D:\Research\FrequencyAssignment\SourceCode\evalmaxsat\results\no_preprocessing\pipeline\DSE_6\graph10.log
current,evalmaxsat,dse_6,off,graph11,infeasible,,0.636287,python_total_time,0.636287,,0.636287,,,D:\Research\FrequencyAssignment\SourceCode\evalmaxsat\results\no_preprocessing\pipeline\DSE_6\graph11.log
current,evalmaxsat,dse_6,off,graph12,infeasible,,0.0679465,python_total_time,0.0679465,,0.0679465,,,D:\Research\FrequencyAssignment\SourceCode\evalmaxsat\results\no_preprocessing\pipeline\DSE_6\graph12.log
current,evalmaxsat,dse_6,off,graph13,infeasible,,0.932153,python_total_time,0.932153,,0.932153,,,D:\Research\FrequencyAssignment\SourceCode\evalmaxsat\results\no_preprocessing\pipeline\DSE_6\graph13.log
current,evalmaxsat,dse_6,off,graph14,optimal,8,64.436,python_total_time,64.436,,64.436,,,D:\Research\FrequencyAssignment\SourceCode\evalmaxsat\results\no_preprocessing\pipeline\DSE_6\graph14.log
current,evalmaxsat,dse_6,off,TUD200.1,optimal,12,98.2019,python_total_time,98.2019,,98.2019,,,D:\Research\FrequencyAssignment\SourceCode\evalmaxsat\results\no_preprocessing\pipeline\DSE_6\TUD200.1.log
current,evalmaxsat,dse_6,off,TUD200.2,optimal,46,0.420732,python_total_time,0.420732,,0.420732,,,D:\Research\FrequencyAssignment\SourceCode\evalmaxsat\results\no_preprocessing\pipeline\DSE_6\TUD200.2.log
current,evalmaxsat,dse_6,off,TUD200.3,optimal,14,20.1161,python_total_time,20.1161,,20.1161,,,D:\Research\FrequencyAssignment\SourceCode\evalmaxsat\results\no_preprocessing\pipeline\DSE_6\TUD200.3.log
current,evalmaxsat,dse_6,off,TUD200.4,optimal,20,0.300526,python_total_time,0.300526,,0.300526,,,D:\Research\FrequencyAssignment\SourceCode\evalmaxsat\results\no_preprocessing\pipeline\DSE_6\TUD200.4.log
current,evalmaxsat,dse_6,off,TUD200.5,infeasible,,0.190422,python_total_time,0.190422,,0.190422,,,D:\Research\FrequencyAssignment\SourceCode\evalmaxsat\results\no_preprocessing\pipeline\DSE_6\TUD200.5.log
current,evalmaxsat,dse_6,off,TUD916.1,optimal,18,102.681,python_total_time,102.681,,102.681,,,D:\Research\FrequencyAssignment\SourceCode\evalmaxsat\results\no_preprocessing\pipeline\DSE_6\TUD916.1.log
current,evalmaxsat,dse_6,off,TUD916.2,optimal,48,1.45891,python_total_time,1.45891,,1.45891,,,D:\Research\FrequencyAssignment\SourceCode\evalmaxsat\results\no_preprocessing\pipeline\DSE_6\TUD916.2.log
current,evalmaxsat,dse_6,off,TUD916.3,optimal,24,53.7873,python_total_time,53.7873,,53.7873,,,D:\Research\FrequencyAssignment\SourceCode\evalmaxsat\results\no_preprocessing\pipeline\DSE_6\TUD916.3.log
current,evalmaxsat,dse_6,off,TUD916.4,optimal,26,2.33932,python_total_time,2.33932,,2.33932,,,D:\Research\FrequencyAssignment\SourceCode\evalmaxsat\results\no_preprocessing\pipeline\DSE_6\TUD916.4.log
current,evalmaxsat,dse_6,off,TUD916.5,infeasible,,1.01603,python_total_time,1.01603,,1.01603,,,D:\Research\FrequencyAssignment\SourceCode\evalmaxsat\results\no_preprocessing\pipeline\DSE_6\TUD916.5.log
current,evalmaxsat,dse_6,on,scen01,timeout,,600.0,runlim_timeout_cap,,,,,600.0,D:\Research\FrequencyAssignment\SourceCode\evalmaxsat\results\processing\pipeline\DSE_6\scen01.log
current,evalmaxsat,dse_6,on,scen02,timeout,,600.0,runlim_timeout_cap,,,,,600.0,D:\Research\FrequencyAssignment\SourceCode\evalmaxsat\results\processing\pipeline\DSE_6\scen02.log
current,evalmaxsat,dse_6,on,scen03,timeout,,600.0,runlim_timeout_cap,,,,,600.0,D:\Research\FrequencyAssignment\SourceCode\evalmaxsat\results\processing\pipeline\DSE_6\scen03.log
current,evalmaxsat,dse_6,on,scen04,optimal,46,0.00734161,python_total_time,0.00734161,,0.00734161,,,D:\Research\FrequencyAssignment\SourceCode\evalmaxsat\results\processing\pipeline\DSE_6\scen04.log
current,evalmaxsat,dse_6,on,scen05,optimal,40,0.0791252,python_total_time,0.0791252,,0.0791252,,,D:\Research\FrequencyAssignment\SourceCode\evalmaxsat\results\processing\pipeline\DSE_6\scen05.log
current,evalmaxsat,dse_6,on,scen06,unknown,,,missing,,,,,,D:\Research\FrequencyAssignment\SourceCode\evalmaxsat\results\processing\pipeline\DSE_6\scen06.log
current,evalmaxsat,dse_6,on,scen07,unknown,,,missing,,,,,,D:\Research\FrequencyAssignment\SourceCode\evalmaxsat\results\processing\pipeline\DSE_6\scen07.log
current,evalmaxsat,dse_6,on,scen08,unknown,,,missing,,,,,,D:\Research\FrequencyAssignment\SourceCode\evalmaxsat\results\processing\pipeline\DSE_6\scen08.log
current,evalmaxsat,dse_6,on,scen09,unknown,,,missing,,,,,,D:\Research\FrequencyAssignment\SourceCode\evalmaxsat\results\processing\pipeline\DSE_6\scen09.log
current,evalmaxsat,dse_6,on,scen10,unknown,,,missing,,,,,,D:\Research\FrequencyAssignment\SourceCode\evalmaxsat\results\processing\pipeline\DSE_6\scen10.log
current,evalmaxsat,dse_6,on,scen11,timeout,,600.0,runlim_timeout_cap,,,,,600.0,D:\Research\FrequencyAssignment\SourceCode\evalmaxsat\results\processing\pipeline\DSE_6\scen11.log
current,evalmaxsat,dse_6,on,graph01,timeout,,600.0,runlim_timeout_cap,,,,,600.0,D:\Research\FrequencyAssignment\SourceCode\evalmaxsat\results\processing\pipeline\DSE_6\graph01.log
current,evalmaxsat,dse_6,on,graph02,timeout,,600.0,runlim_timeout_cap,,,,,600.0,D:\Research\FrequencyAssignment\SourceCode\evalmaxsat\results\processing\pipeline\DSE_6\graph02.log
current,evalmaxsat,dse_6,on,graph03,optimal,20,115.979,python_total_time,115.979,,115.979,,,D:\Research\FrequencyAssignment\SourceCode\evalmaxsat\results\processing\pipeline\DSE_6\graph03.log
current,evalmaxsat,dse_6,on,graph04,optimal,22,125.963,python_total_time,125.963,,125.963,,,D:\Research\FrequencyAssignment\SourceCode\evalmaxsat\results\processing\pipeline\DSE_6\graph04.log
current,evalmaxsat,dse_6,on,graph05,unknown,,,missing,,,,,,D:\Research\FrequencyAssignment\SourceCode\evalmaxsat\results\processing\pipeline\DSE_6\graph05.log
current,evalmaxsat,dse_6,on,graph06,unknown,,,missing,,,,,,D:\Research\FrequencyAssignment\SourceCode\evalmaxsat\results\processing\pipeline\DSE_6\graph06.log
current,evalmaxsat,dse_6,on,graph07,unknown,,,missing,,,,,,D:\Research\FrequencyAssignment\SourceCode\evalmaxsat\results\processing\pipeline\DSE_6\graph07.log
current,evalmaxsat,dse_6,on,graph08,timeout,,600.0,runlim_timeout_cap,,,,,600.0,D:\Research\FrequencyAssignment\SourceCode\evalmaxsat\results\processing\pipeline\DSE_6\graph08.log
current,evalmaxsat,dse_6,on,graph09,timeout,,600.0,runlim_timeout_cap,,,,,600.0,D:\Research\FrequencyAssignment\SourceCode\evalmaxsat\results\processing\pipeline\DSE_6\graph09.log
current,evalmaxsat,dse_6,on,graph10,timeout,,600.0,runlim_timeout_cap,,,,,600.0,D:\Research\FrequencyAssignment\SourceCode\evalmaxsat\results\processing\pipeline\DSE_6\graph10.log
current,evalmaxsat,dse_6,on,graph11,unknown,,,missing,,,,,,D:\Research\FrequencyAssignment\SourceCode\evalmaxsat\results\processing\pipeline\DSE_6\graph11.log
current,evalmaxsat,dse_6,on,graph12,unknown,,,missing,,,,,,D:\Research\FrequencyAssignment\SourceCode\evalmaxsat\results\processing\pipeline\DSE_6\graph12.log
current,evalmaxsat,dse_6,on,graph13,unknown,,,missing,,,,,,D:\Research\FrequencyAssignment\SourceCode\evalmaxsat\results\processing\pipeline\DSE_6\graph13.log
current,evalmaxsat,dse_6,on,graph14,optimal,8,65.0056,python_total_time,65.0056,,65.0056,,,D:\Research\FrequencyAssignment\SourceCode\evalmaxsat\results\processing\pipeline\DSE_6\graph14.log
current,evalmaxsat,dse_6,on,TUD200.1,optimal,12,124.714,python_total_time,124.714,,124.714,,,D:\Research\FrequencyAssignment\SourceCode\evalmaxsat\results\processing\pipeline\DSE_6\TUD200.1.log
current,evalmaxsat,dse_6,on,TUD200.2,optimal,46,0.000797063,python_total_time,0.000797063,,0.000797063,,,D:\Research\FrequencyAssignment\SourceCode\evalmaxsat\results\processing\pipeline\DSE_6\TUD200.2.log
current,evalmaxsat,dse_6,on,TUD200.3,optimal,14,22.2423,python_total_time,22.2423,,22.2423,,,D:\Research\FrequencyAssignment\SourceCode\evalmaxsat\results\processing\pipeline\DSE_6\TUD200.3.log
current,evalmaxsat,dse_6,on,TUD200.4,optimal,20,0.00469463,python_total_time,0.00469463,,0.00469463,,,D:\Research\FrequencyAssignment\SourceCode\evalmaxsat\results\processing\pipeline\DSE_6\TUD200.4.log
current,evalmaxsat,dse_6,on,TUD200.5,unknown,,,missing,,,,,,D:\Research\FrequencyAssignment\SourceCode\evalmaxsat\results\processing\pipeline\DSE_6\TUD200.5.log
current,evalmaxsat,dse_6,on,TUD916.1,optimal,18,98.8752,python_total_time,98.8752,,98.8752,,,D:\Research\FrequencyAssignment\SourceCode\evalmaxsat\results\processing\pipeline\DSE_6\TUD916.1.log
current,evalmaxsat,dse_6,on,TUD916.2,optimal,48,0.00189459,python_total_time,0.00189459,,0.00189459,,,D:\Research\FrequencyAssignment\SourceCode\evalmaxsat\results\processing\pipeline\DSE_6\TUD916.2.log
current,evalmaxsat,dse_6,on,TUD916.3,optimal,24,45.8701,python_total_time,45.8701,,45.8701,,,D:\Research\FrequencyAssignment\SourceCode\evalmaxsat\results\processing\pipeline\DSE_6\TUD916.3.log
current,evalmaxsat,dse_6,on,TUD916.4,optimal,26,0.0108964,python_total_time,0.0108964,,0.0108964,,,D:\Research\FrequencyAssignment\SourceCode\evalmaxsat\results\processing\pipeline\DSE_6\TUD916.4.log
current,evalmaxsat,dse_6,on,TUD916.5,unknown,,,missing,,,,,,D:\Research\FrequencyAssignment\SourceCode\evalmaxsat\results\processing\pipeline\DSE_6\TUD916.5.log
current,evalmaxsat,dse_8,off,scen01,timeout,,600.0,runlim_timeout_cap,,,,,600.0,D:\Research\FrequencyAssignment\SourceCode\evalmaxsat\results\no_preprocessing\pipeline\DSE_8\scen01.log
current,evalmaxsat,dse_8,off,scen02,timeout,,600.0,runlim_timeout_cap,,,,,600.0,D:\Research\FrequencyAssignment\SourceCode\evalmaxsat\results\no_preprocessing\pipeline\DSE_8\scen02.log
current,evalmaxsat,dse_8,off,scen03,timeout,,600.0,runlim_timeout_cap,,,,,600.0,D:\Research\FrequencyAssignment\SourceCode\evalmaxsat\results\no_preprocessing\pipeline\DSE_8\scen03.log
current,evalmaxsat,dse_8,off,scen04,optimal,46,0.216924,python_total_time,0.216924,,0.216924,,,D:\Research\FrequencyAssignment\SourceCode\evalmaxsat\results\no_preprocessing\pipeline\DSE_8\scen04.log
current,evalmaxsat,dse_8,off,scen05,optimal,40,1.49081,python_total_time,1.49081,,1.49081,,,D:\Research\FrequencyAssignment\SourceCode\evalmaxsat\results\no_preprocessing\pipeline\DSE_8\scen05.log
current,evalmaxsat,dse_8,off,scen06,infeasible,,0.448483,python_total_time,0.448483,,0.448483,,,D:\Research\FrequencyAssignment\SourceCode\evalmaxsat\results\no_preprocessing\pipeline\DSE_8\scen06.log
current,evalmaxsat,dse_8,off,scen07,infeasible,,0.638608,python_total_time,0.638608,,0.638608,,,D:\Research\FrequencyAssignment\SourceCode\evalmaxsat\results\no_preprocessing\pipeline\DSE_8\scen07.log
current,evalmaxsat,dse_8,off,scen08,infeasible,,0.790935,python_total_time,0.790935,,0.790935,,,D:\Research\FrequencyAssignment\SourceCode\evalmaxsat\results\no_preprocessing\pipeline\DSE_8\scen08.log
current,evalmaxsat,dse_8,off,scen09,infeasible,,0.0139639,python_total_time,0.0139639,,0.0139639,,,D:\Research\FrequencyAssignment\SourceCode\evalmaxsat\results\no_preprocessing\pipeline\DSE_8\scen09.log
current,evalmaxsat,dse_8,off,scen10,infeasible,,0.0139416,python_total_time,0.0139416,,0.0139416,,,D:\Research\FrequencyAssignment\SourceCode\evalmaxsat\results\no_preprocessing\pipeline\DSE_8\scen10.log
current,evalmaxsat,dse_8,off,scen11,timeout,,600.0,runlim_timeout_cap,,,,,600.0,D:\Research\FrequencyAssignment\SourceCode\evalmaxsat\results\no_preprocessing\pipeline\DSE_8\scen11.log
current,evalmaxsat,dse_8,off,graph01,timeout,,600.0,runlim_timeout_cap,,,,,600.0,D:\Research\FrequencyAssignment\SourceCode\evalmaxsat\results\no_preprocessing\pipeline\DSE_8\graph01.log
current,evalmaxsat,dse_8,off,graph02,timeout,,600.0,runlim_timeout_cap,,,,,600.0,D:\Research\FrequencyAssignment\SourceCode\evalmaxsat\results\no_preprocessing\pipeline\DSE_8\graph02.log
current,evalmaxsat,dse_8,off,graph03,optimal,20,84.605,python_total_time,84.605,,84.605,,,D:\Research\FrequencyAssignment\SourceCode\evalmaxsat\results\no_preprocessing\pipeline\DSE_8\graph03.log
current,evalmaxsat,dse_8,off,graph04,optimal,22,132.516,python_total_time,132.516,,132.516,,,D:\Research\FrequencyAssignment\SourceCode\evalmaxsat\results\no_preprocessing\pipeline\DSE_8\graph04.log
current,evalmaxsat,dse_8,off,graph05,infeasible,,0.124022,python_total_time,0.124022,,0.124022,,,D:\Research\FrequencyAssignment\SourceCode\evalmaxsat\results\no_preprocessing\pipeline\DSE_8\graph05.log
current,evalmaxsat,dse_8,off,graph06,infeasible,,0.264874,python_total_time,0.264874,,0.264874,,,D:\Research\FrequencyAssignment\SourceCode\evalmaxsat\results\no_preprocessing\pipeline\DSE_8\graph06.log
current,evalmaxsat,dse_8,off,graph07,unknown,,,missing,,,,,,D:\Research\FrequencyAssignment\SourceCode\evalmaxsat\results\no_preprocessing\pipeline\DSE_8\graph07.log
current,evalmaxsat,dse_8,off,graph08,timeout,,600.0,runlim_timeout_cap,,,,,600.0,D:\Research\FrequencyAssignment\SourceCode\evalmaxsat\results\no_preprocessing\pipeline\DSE_8\graph08.log
current,evalmaxsat,dse_8,off,graph09,timeout,,600.0,runlim_timeout_cap,,,,,600.0,D:\Research\FrequencyAssignment\SourceCode\evalmaxsat\results\no_preprocessing\pipeline\DSE_8\graph09.log
current,evalmaxsat,dse_8,off,graph10,timeout,,600.0,runlim_timeout_cap,,,,,600.0,D:\Research\FrequencyAssignment\SourceCode\evalmaxsat\results\no_preprocessing\pipeline\DSE_8\graph10.log
current,evalmaxsat,dse_8,off,graph11,infeasible,,0.458336,python_total_time,0.458336,,0.458336,,,D:\Research\FrequencyAssignment\SourceCode\evalmaxsat\results\no_preprocessing\pipeline\DSE_8\graph11.log
current,evalmaxsat,dse_8,off,graph12,infeasible,,0.0273056,python_total_time,0.0273056,,0.0273056,,,D:\Research\FrequencyAssignment\SourceCode\evalmaxsat\results\no_preprocessing\pipeline\DSE_8\graph12.log
current,evalmaxsat,dse_8,off,graph13,infeasible,,0.679193,python_total_time,0.679193,,0.679193,,,D:\Research\FrequencyAssignment\SourceCode\evalmaxsat\results\no_preprocessing\pipeline\DSE_8\graph13.log
current,evalmaxsat,dse_8,off,graph14,optimal,8,64.5166,python_total_time,64.5166,,64.5166,,,D:\Research\FrequencyAssignment\SourceCode\evalmaxsat\results\no_preprocessing\pipeline\DSE_8\graph14.log
current,evalmaxsat,dse_8,off,TUD200.1,optimal,12,93.0673,python_total_time,93.0673,,93.0673,,,D:\Research\FrequencyAssignment\SourceCode\evalmaxsat\results\no_preprocessing\pipeline\DSE_8\TUD200.1.log
current,evalmaxsat,dse_8,off,TUD200.2,optimal,46,0.302846,python_total_time,0.302846,,0.302846,,,D:\Research\FrequencyAssignment\SourceCode\evalmaxsat\results\no_preprocessing\pipeline\DSE_8\TUD200.2.log
current,evalmaxsat,dse_8,off,TUD200.3,optimal,14,25.2184,python_total_time,25.2184,,25.2184,,,D:\Research\FrequencyAssignment\SourceCode\evalmaxsat\results\no_preprocessing\pipeline\DSE_8\TUD200.3.log
current,evalmaxsat,dse_8,off,TUD200.4,optimal,20,0.18575,python_total_time,0.18575,,0.18575,,,D:\Research\FrequencyAssignment\SourceCode\evalmaxsat\results\no_preprocessing\pipeline\DSE_8\TUD200.4.log
current,evalmaxsat,dse_8,off,TUD200.5,infeasible,,0.139136,python_total_time,0.139136,,0.139136,,,D:\Research\FrequencyAssignment\SourceCode\evalmaxsat\results\no_preprocessing\pipeline\DSE_8\TUD200.5.log
current,evalmaxsat,dse_8,off,TUD916.1,optimal,18,107.428,python_total_time,107.428,,107.428,,,D:\Research\FrequencyAssignment\SourceCode\evalmaxsat\results\no_preprocessing\pipeline\DSE_8\TUD916.1.log
current,evalmaxsat,dse_8,off,TUD916.2,optimal,48,0.990305,python_total_time,0.990305,,0.990305,,,D:\Research\FrequencyAssignment\SourceCode\evalmaxsat\results\no_preprocessing\pipeline\DSE_8\TUD916.2.log
current,evalmaxsat,dse_8,off,TUD916.3,optimal,24,48.8703,python_total_time,48.8703,,48.8703,,,D:\Research\FrequencyAssignment\SourceCode\evalmaxsat\results\no_preprocessing\pipeline\DSE_8\TUD916.3.log
current,evalmaxsat,dse_8,off,TUD916.4,optimal,26,1.98001,python_total_time,1.98001,,1.98001,,,D:\Research\FrequencyAssignment\SourceCode\evalmaxsat\results\no_preprocessing\pipeline\DSE_8\TUD916.4.log
current,evalmaxsat,dse_8,off,TUD916.5,infeasible,,0.729001,python_total_time,0.729001,,0.729001,,,D:\Research\FrequencyAssignment\SourceCode\evalmaxsat\results\no_preprocessing\pipeline\DSE_8\TUD916.5.log
current,evalmaxsat,dse_8,on,scen01,timeout,,600.0,runlim_timeout_cap,,,,,600.0,D:\Research\FrequencyAssignment\SourceCode\evalmaxsat\results\processing\pipeline\DSE_8\scen01.log
current,evalmaxsat,dse_8,on,scen02,timeout,,600.0,runlim_timeout_cap,,,,,600.0,D:\Research\FrequencyAssignment\SourceCode\evalmaxsat\results\processing\pipeline\DSE_8\scen02.log
current,evalmaxsat,dse_8,on,scen03,timeout,,600.0,runlim_timeout_cap,,,,,600.0,D:\Research\FrequencyAssignment\SourceCode\evalmaxsat\results\processing\pipeline\DSE_8\scen03.log
current,evalmaxsat,dse_8,on,scen04,optimal,46,0.00490582,python_total_time,0.00490582,,0.00490582,,,D:\Research\FrequencyAssignment\SourceCode\evalmaxsat\results\processing\pipeline\DSE_8\scen04.log
current,evalmaxsat,dse_8,on,scen05,optimal,40,0.0709116,python_total_time,0.0709116,,0.0709116,,,D:\Research\FrequencyAssignment\SourceCode\evalmaxsat\results\processing\pipeline\DSE_8\scen05.log
current,evalmaxsat,dse_8,on,scen06,unknown,,,missing,,,,,,D:\Research\FrequencyAssignment\SourceCode\evalmaxsat\results\processing\pipeline\DSE_8\scen06.log
current,evalmaxsat,dse_8,on,scen07,unknown,,,missing,,,,,,D:\Research\FrequencyAssignment\SourceCode\evalmaxsat\results\processing\pipeline\DSE_8\scen07.log
current,evalmaxsat,dse_8,on,scen08,unknown,,,missing,,,,,,D:\Research\FrequencyAssignment\SourceCode\evalmaxsat\results\processing\pipeline\DSE_8\scen08.log
current,evalmaxsat,dse_8,on,scen09,unknown,,,missing,,,,,,D:\Research\FrequencyAssignment\SourceCode\evalmaxsat\results\processing\pipeline\DSE_8\scen09.log
current,evalmaxsat,dse_8,on,scen10,unknown,,,missing,,,,,,D:\Research\FrequencyAssignment\SourceCode\evalmaxsat\results\processing\pipeline\DSE_8\scen10.log
current,evalmaxsat,dse_8,on,scen11,timeout,,600.0,runlim_timeout_cap,,,,,600.0,D:\Research\FrequencyAssignment\SourceCode\evalmaxsat\results\processing\pipeline\DSE_8\scen11.log
current,evalmaxsat,dse_8,on,graph01,timeout,,600.0,runlim_timeout_cap,,,,,600.0,D:\Research\FrequencyAssignment\SourceCode\evalmaxsat\results\processing\pipeline\DSE_8\graph01.log
current,evalmaxsat,dse_8,on,graph02,timeout,,600.0,runlim_timeout_cap,,,,,600.0,D:\Research\FrequencyAssignment\SourceCode\evalmaxsat\results\processing\pipeline\DSE_8\graph02.log
current,evalmaxsat,dse_8,on,graph03,optimal,20,79.5283,python_total_time,79.5283,,79.5283,,,D:\Research\FrequencyAssignment\SourceCode\evalmaxsat\results\processing\pipeline\DSE_8\graph03.log
current,evalmaxsat,dse_8,on,graph04,optimal,22,145.798,python_total_time,145.798,,145.798,,,D:\Research\FrequencyAssignment\SourceCode\evalmaxsat\results\processing\pipeline\DSE_8\graph04.log
current,evalmaxsat,dse_8,on,graph05,unknown,,,missing,,,,,,D:\Research\FrequencyAssignment\SourceCode\evalmaxsat\results\processing\pipeline\DSE_8\graph05.log
current,evalmaxsat,dse_8,on,graph06,unknown,,,missing,,,,,,D:\Research\FrequencyAssignment\SourceCode\evalmaxsat\results\processing\pipeline\DSE_8\graph06.log
current,evalmaxsat,dse_8,on,graph07,unknown,,,missing,,,,,,D:\Research\FrequencyAssignment\SourceCode\evalmaxsat\results\processing\pipeline\DSE_8\graph07.log
current,evalmaxsat,dse_8,on,graph08,timeout,,600.0,runlim_timeout_cap,,,,,600.0,D:\Research\FrequencyAssignment\SourceCode\evalmaxsat\results\processing\pipeline\DSE_8\graph08.log
current,evalmaxsat,dse_8,on,graph09,timeout,,600.0,runlim_timeout_cap,,,,,600.0,D:\Research\FrequencyAssignment\SourceCode\evalmaxsat\results\processing\pipeline\DSE_8\graph09.log
current,evalmaxsat,dse_8,on,graph10,timeout,,600.0,runlim_timeout_cap,,,,,600.0,D:\Research\FrequencyAssignment\SourceCode\evalmaxsat\results\processing\pipeline\DSE_8\graph10.log
current,evalmaxsat,dse_8,on,graph11,unknown,,,missing,,,,,,D:\Research\FrequencyAssignment\SourceCode\evalmaxsat\results\processing\pipeline\DSE_8\graph11.log
current,evalmaxsat,dse_8,on,graph12,unknown,,,missing,,,,,,D:\Research\FrequencyAssignment\SourceCode\evalmaxsat\results\processing\pipeline\DSE_8\graph12.log
current,evalmaxsat,dse_8,on,graph13,unknown,,,missing,,,,,,D:\Research\FrequencyAssignment\SourceCode\evalmaxsat\results\processing\pipeline\DSE_8\graph13.log
current,evalmaxsat,dse_8,on,graph14,optimal,8,64.0563,python_total_time,64.0563,,64.0563,,,D:\Research\FrequencyAssignment\SourceCode\evalmaxsat\results\processing\pipeline\DSE_8\graph14.log
current,evalmaxsat,dse_8,on,TUD200.1,optimal,12,96.745,python_total_time,96.745,,96.745,,,D:\Research\FrequencyAssignment\SourceCode\evalmaxsat\results\processing\pipeline\DSE_8\TUD200.1.log
current,evalmaxsat,dse_8,on,TUD200.2,optimal,46,0.000704861,python_total_time,0.000704861,,0.000704861,,,D:\Research\FrequencyAssignment\SourceCode\evalmaxsat\results\processing\pipeline\DSE_8\TUD200.2.log
current,evalmaxsat,dse_8,on,TUD200.3,optimal,14,16.8962,python_total_time,16.8962,,16.8962,,,D:\Research\FrequencyAssignment\SourceCode\evalmaxsat\results\processing\pipeline\DSE_8\TUD200.3.log
current,evalmaxsat,dse_8,on,TUD200.4,optimal,20,0.00292511,python_total_time,0.00292511,,0.00292511,,,D:\Research\FrequencyAssignment\SourceCode\evalmaxsat\results\processing\pipeline\DSE_8\TUD200.4.log
current,evalmaxsat,dse_8,on,TUD200.5,unknown,,,missing,,,,,,D:\Research\FrequencyAssignment\SourceCode\evalmaxsat\results\processing\pipeline\DSE_8\TUD200.5.log
current,evalmaxsat,dse_8,on,TUD916.1,optimal,18,80.3061,python_total_time,80.3061,,80.3061,,,D:\Research\FrequencyAssignment\SourceCode\evalmaxsat\results\processing\pipeline\DSE_8\TUD916.1.log
current,evalmaxsat,dse_8,on,TUD916.2,optimal,48,0.00158594,python_total_time,0.00158594,,0.00158594,,,D:\Research\FrequencyAssignment\SourceCode\evalmaxsat\results\processing\pipeline\DSE_8\TUD916.2.log
current,evalmaxsat,dse_8,on,TUD916.3,optimal,24,42.7865,python_total_time,42.7865,,42.7865,,,D:\Research\FrequencyAssignment\SourceCode\evalmaxsat\results\processing\pipeline\DSE_8\TUD916.3.log
current,evalmaxsat,dse_8,on,TUD916.4,optimal,26,0.00719579,python_total_time,0.00719579,,0.00719579,,,D:\Research\FrequencyAssignment\SourceCode\evalmaxsat\results\processing\pipeline\DSE_8\TUD916.4.log
current,evalmaxsat,dse_8,on,TUD916.5,unknown,,,missing,,,,,,D:\Research\FrequencyAssignment\SourceCode\evalmaxsat\results\processing\pipeline\DSE_8\TUD916.5.log
current,evalmaxsat,pose,off,scen01,timeout,,600.0,runlim_timeout_cap,,,,,600.0,D:\Research\FrequencyAssignment\SourceCode\evalmaxsat\results\no_preprocessing\pipeline\POSE\scen01.log
current,evalmaxsat,pose,off,scen02,optimal,14,78.2418,python_total_time,78.2418,,78.2418,,,D:\Research\FrequencyAssignment\SourceCode\evalmaxsat\results\no_preprocessing\pipeline\POSE\scen02.log
current,evalmaxsat,pose,off,scen03,timeout,,600.0,runlim_timeout_cap,,,,,600.0,D:\Research\FrequencyAssignment\SourceCode\evalmaxsat\results\no_preprocessing\pipeline\POSE\scen03.log
current,evalmaxsat,pose,off,scen04,optimal,46,0.051285,python_total_time,0.051285,,0.051285,,,D:\Research\FrequencyAssignment\SourceCode\evalmaxsat\results\no_preprocessing\pipeline\POSE\scen04.log
current,evalmaxsat,pose,off,scen05,optimal,36,0.140034,python_total_time,0.140034,,0.140034,,,D:\Research\FrequencyAssignment\SourceCode\evalmaxsat\results\no_preprocessing\pipeline\POSE\scen05.log
current,evalmaxsat,pose,off,scen06,infeasible,,0.0338443,python_total_time,0.0338443,,0.0338443,,,D:\Research\FrequencyAssignment\SourceCode\evalmaxsat\results\no_preprocessing\pipeline\POSE\scen06.log
current,evalmaxsat,pose,off,scen07,infeasible,,0.0604598,python_total_time,0.0604598,,0.0604598,,,D:\Research\FrequencyAssignment\SourceCode\evalmaxsat\results\no_preprocessing\pipeline\POSE\scen07.log
current,evalmaxsat,pose,off,scen08,infeasible,,0.136579,python_total_time,0.136579,,0.136579,,,D:\Research\FrequencyAssignment\SourceCode\evalmaxsat\results\no_preprocessing\pipeline\POSE\scen08.log
current,evalmaxsat,pose,off,scen09,infeasible,,0.00785506,python_total_time,0.00785506,,0.00785506,,,D:\Research\FrequencyAssignment\SourceCode\evalmaxsat\results\no_preprocessing\pipeline\POSE\scen09.log
current,evalmaxsat,pose,off,scen10,infeasible,,0.00767509,python_total_time,0.00767509,,0.00767509,,,D:\Research\FrequencyAssignment\SourceCode\evalmaxsat\results\no_preprocessing\pipeline\POSE\scen10.log
current,evalmaxsat,pose,off,scen11,optimal,22,70.4534,python_total_time,70.4534,,70.4534,,,D:\Research\FrequencyAssignment\SourceCode\evalmaxsat\results\no_preprocessing\pipeline\POSE\scen11.log
current,evalmaxsat,pose,off,graph01,timeout,,600.0,runlim_timeout_cap,,,,,600.0,D:\Research\FrequencyAssignment\SourceCode\evalmaxsat\results\no_preprocessing\pipeline\POSE\graph01.log
current,evalmaxsat,pose,off,graph02,optimal,14,114.428,python_total_time,114.428,,114.428,,,D:\Research\FrequencyAssignment\SourceCode\evalmaxsat\results\no_preprocessing\pipeline\POSE\graph02.log
current,evalmaxsat,pose,off,graph03,optimal,20,66.7874,python_total_time,66.7874,,66.7874,,,D:\Research\FrequencyAssignment\SourceCode\evalmaxsat\results\no_preprocessing\pipeline\POSE\graph03.log
current,evalmaxsat,pose,off,graph04,optimal,22,64.5038,python_total_time,64.5038,,64.5038,,,D:\Research\FrequencyAssignment\SourceCode\evalmaxsat\results\no_preprocessing\pipeline\POSE\graph04.log
current,evalmaxsat,pose,off,graph05,infeasible,,0.0239922,python_total_time,0.0239922,,0.0239922,,,D:\Research\FrequencyAssignment\SourceCode\evalmaxsat\results\no_preprocessing\pipeline\POSE\graph05.log
current,evalmaxsat,pose,off,graph06,infeasible,,0.0494817,python_total_time,0.0494817,,0.0494817,,,D:\Research\FrequencyAssignment\SourceCode\evalmaxsat\results\no_preprocessing\pipeline\POSE\graph06.log
current,evalmaxsat,pose,off,graph07,unknown,,,missing,,,,,,D:\Research\FrequencyAssignment\SourceCode\evalmaxsat\results\no_preprocessing\pipeline\POSE\graph07.log
current,evalmaxsat,pose,off,graph08,optimal,18,82.309,python_total_time,82.309,,82.309,,,D:\Research\FrequencyAssignment\SourceCode\evalmaxsat\results\no_preprocessing\pipeline\POSE\graph08.log
current,evalmaxsat,pose,off,graph09,timeout,,600.0,runlim_timeout_cap,,,,,600.0,D:\Research\FrequencyAssignment\SourceCode\evalmaxsat\results\no_preprocessing\pipeline\POSE\graph09.log
current,evalmaxsat,pose,off,graph10,optimal,22,111.955,python_total_time,111.955,,111.955,,,D:\Research\FrequencyAssignment\SourceCode\evalmaxsat\results\no_preprocessing\pipeline\POSE\graph10.log
current,evalmaxsat,pose,off,graph11,infeasible,,0.0893244,python_total_time,0.0893244,,0.0893244,,,D:\Research\FrequencyAssignment\SourceCode\evalmaxsat\results\no_preprocessing\pipeline\POSE\graph11.log
current,evalmaxsat,pose,off,graph12,infeasible,,0.0116021,python_total_time,0.0116021,,0.0116021,,,D:\Research\FrequencyAssignment\SourceCode\evalmaxsat\results\no_preprocessing\pipeline\POSE\graph12.log
current,evalmaxsat,pose,off,graph13,infeasible,,0.1278,python_total_time,0.1278,,0.1278,,,D:\Research\FrequencyAssignment\SourceCode\evalmaxsat\results\no_preprocessing\pipeline\POSE\graph13.log
current,evalmaxsat,pose,off,graph14,optimal,8,39.7899,python_total_time,39.7899,,39.7899,,,D:\Research\FrequencyAssignment\SourceCode\evalmaxsat\results\no_preprocessing\pipeline\POSE\graph14.log
current,evalmaxsat,pose,off,TUD200.1,optimal,12,13.5646,python_total_time,13.5646,,13.5646,,,D:\Research\FrequencyAssignment\SourceCode\evalmaxsat\results\no_preprocessing\pipeline\POSE\TUD200.1.log
current,evalmaxsat,pose,off,TUD200.2,optimal,46,0.0307714,python_total_time,0.0307714,,0.0307714,,,D:\Research\FrequencyAssignment\SourceCode\evalmaxsat\results\no_preprocessing\pipeline\POSE\TUD200.2.log
current,evalmaxsat,pose,off,TUD200.3,optimal,14,23.7885,python_total_time,23.7885,,23.7885,,,D:\Research\FrequencyAssignment\SourceCode\evalmaxsat\results\no_preprocessing\pipeline\POSE\TUD200.3.log
current,evalmaxsat,pose,off,TUD200.4,optimal,20,0.0753654,python_total_time,0.0753654,,0.0753654,,,D:\Research\FrequencyAssignment\SourceCode\evalmaxsat\results\no_preprocessing\pipeline\POSE\TUD200.4.log
current,evalmaxsat,pose,off,TUD200.5,infeasible,,0.0238071,python_total_time,0.0238071,,0.0238071,,,D:\Research\FrequencyAssignment\SourceCode\evalmaxsat\results\no_preprocessing\pipeline\POSE\TUD200.5.log
current,evalmaxsat,pose,off,TUD916.1,optimal,18,33.7239,python_total_time,33.7239,,33.7239,,,D:\Research\FrequencyAssignment\SourceCode\evalmaxsat\results\no_preprocessing\pipeline\POSE\TUD916.1.log
current,evalmaxsat,pose,off,TUD916.2,optimal,48,0.147527,python_total_time,0.147527,,0.147527,,,D:\Research\FrequencyAssignment\SourceCode\evalmaxsat\results\no_preprocessing\pipeline\POSE\TUD916.2.log
current,evalmaxsat,pose,off,TUD916.3,optimal,20,49.4288,python_total_time,49.4288,,49.4288,,,D:\Research\FrequencyAssignment\SourceCode\evalmaxsat\results\no_preprocessing\pipeline\POSE\TUD916.3.log
current,evalmaxsat,pose,off,TUD916.4,optimal,26,0.296407,python_total_time,0.296407,,0.296407,,,D:\Research\FrequencyAssignment\SourceCode\evalmaxsat\results\no_preprocessing\pipeline\POSE\TUD916.4.log
current,evalmaxsat,pose,off,TUD916.5,infeasible,,0.121871,python_total_time,0.121871,,0.121871,,,D:\Research\FrequencyAssignment\SourceCode\evalmaxsat\results\no_preprocessing\pipeline\POSE\TUD916.5.log
current,evalmaxsat,pose,on,scen01,timeout,,600.0,runlim_timeout_cap,,,,,600.0,D:\Research\FrequencyAssignment\SourceCode\evalmaxsat\results\processing\pipeline\POSE\scen01.log
current,evalmaxsat,pose,on,scen02,optimal,14,78.751,python_total_time,78.751,,78.751,,,D:\Research\FrequencyAssignment\SourceCode\evalmaxsat\results\processing\pipeline\POSE\scen02.log
current,evalmaxsat,pose,on,scen03,timeout,,600.0,runlim_timeout_cap,,,,,600.0,D:\Research\FrequencyAssignment\SourceCode\evalmaxsat\results\processing\pipeline\POSE\scen03.log
current,evalmaxsat,pose,on,scen04,optimal,46,0.00460876,python_total_time,0.00460876,,0.00460876,,,D:\Research\FrequencyAssignment\SourceCode\evalmaxsat\results\processing\pipeline\POSE\scen04.log
current,evalmaxsat,pose,on,scen05,optimal,40,0.0174455,python_total_time,0.0174455,,0.0174455,,,D:\Research\FrequencyAssignment\SourceCode\evalmaxsat\results\processing\pipeline\POSE\scen05.log
current,evalmaxsat,pose,on,scen06,unknown,,,missing,,,,,,D:\Research\FrequencyAssignment\SourceCode\evalmaxsat\results\processing\pipeline\POSE\scen06.log
current,evalmaxsat,pose,on,scen07,unknown,,,missing,,,,,,D:\Research\FrequencyAssignment\SourceCode\evalmaxsat\results\processing\pipeline\POSE\scen07.log
current,evalmaxsat,pose,on,scen08,unknown,,,missing,,,,,,D:\Research\FrequencyAssignment\SourceCode\evalmaxsat\results\processing\pipeline\POSE\scen08.log
current,evalmaxsat,pose,on,scen09,unknown,,,missing,,,,,,D:\Research\FrequencyAssignment\SourceCode\evalmaxsat\results\processing\pipeline\POSE\scen09.log
current,evalmaxsat,pose,on,scen10,unknown,,,missing,,,,,,D:\Research\FrequencyAssignment\SourceCode\evalmaxsat\results\processing\pipeline\POSE\scen10.log
current,evalmaxsat,pose,on,scen11,optimal,22,77.1152,python_total_time,77.1152,,77.1152,,,D:\Research\FrequencyAssignment\SourceCode\evalmaxsat\results\processing\pipeline\POSE\scen11.log
current,evalmaxsat,pose,on,graph01,timeout,,600.0,runlim_timeout_cap,,,,,600.0,D:\Research\FrequencyAssignment\SourceCode\evalmaxsat\results\processing\pipeline\POSE\graph01.log
current,evalmaxsat,pose,on,graph02,optimal,14,120.863,python_total_time,120.863,,120.863,,,D:\Research\FrequencyAssignment\SourceCode\evalmaxsat\results\processing\pipeline\POSE\graph02.log
current,evalmaxsat,pose,on,graph03,optimal,20,52.1936,python_total_time,52.1936,,52.1936,,,D:\Research\FrequencyAssignment\SourceCode\evalmaxsat\results\processing\pipeline\POSE\graph03.log
current,evalmaxsat,pose,on,graph04,optimal,22,46.7057,python_total_time,46.7057,,46.7057,,,D:\Research\FrequencyAssignment\SourceCode\evalmaxsat\results\processing\pipeline\POSE\graph04.log
current,evalmaxsat,pose,on,graph05,unknown,,,missing,,,,,,D:\Research\FrequencyAssignment\SourceCode\evalmaxsat\results\processing\pipeline\POSE\graph05.log
current,evalmaxsat,pose,on,graph06,unknown,,,missing,,,,,,D:\Research\FrequencyAssignment\SourceCode\evalmaxsat\results\processing\pipeline\POSE\graph06.log
current,evalmaxsat,pose,on,graph07,unknown,,,missing,,,,,,D:\Research\FrequencyAssignment\SourceCode\evalmaxsat\results\processing\pipeline\POSE\graph07.log
current,evalmaxsat,pose,on,graph08,optimal,18,142.314,python_total_time,142.314,,142.314,,,D:\Research\FrequencyAssignment\SourceCode\evalmaxsat\results\processing\pipeline\POSE\graph08.log
current,evalmaxsat,pose,on,graph09,timeout,,600.0,runlim_timeout_cap,,,,,600.0,D:\Research\FrequencyAssignment\SourceCode\evalmaxsat\results\processing\pipeline\POSE\graph09.log
current,evalmaxsat,pose,on,graph10,optimal,22,112.967,python_total_time,112.967,,112.967,,,D:\Research\FrequencyAssignment\SourceCode\evalmaxsat\results\processing\pipeline\POSE\graph10.log
current,evalmaxsat,pose,on,graph11,unknown,,,missing,,,,,,D:\Research\FrequencyAssignment\SourceCode\evalmaxsat\results\processing\pipeline\POSE\graph11.log
current,evalmaxsat,pose,on,graph12,unknown,,,missing,,,,,,D:\Research\FrequencyAssignment\SourceCode\evalmaxsat\results\processing\pipeline\POSE\graph12.log
current,evalmaxsat,pose,on,graph13,unknown,,,missing,,,,,,D:\Research\FrequencyAssignment\SourceCode\evalmaxsat\results\processing\pipeline\POSE\graph13.log
current,evalmaxsat,pose,on,graph14,optimal,8,40.1423,python_total_time,40.1423,,40.1423,,,D:\Research\FrequencyAssignment\SourceCode\evalmaxsat\results\processing\pipeline\POSE\graph14.log
current,evalmaxsat,pose,on,TUD200.1,optimal,12,14.422,python_total_time,14.422,,14.422,,,D:\Research\FrequencyAssignment\SourceCode\evalmaxsat\results\processing\pipeline\POSE\TUD200.1.log
current,evalmaxsat,pose,on,TUD200.2,optimal,46,0.0010302,python_total_time,0.0010302,,0.0010302,,,D:\Research\FrequencyAssignment\SourceCode\evalmaxsat\results\processing\pipeline\POSE\TUD200.2.log
current,evalmaxsat,pose,on,TUD200.3,optimal,14,10.605,python_total_time,10.605,,10.605,,,D:\Research\FrequencyAssignment\SourceCode\evalmaxsat\results\processing\pipeline\POSE\TUD200.3.log
current,evalmaxsat,pose,on,TUD200.4,optimal,20,0.00221567,python_total_time,0.00221567,,0.00221567,,,D:\Research\FrequencyAssignment\SourceCode\evalmaxsat\results\processing\pipeline\POSE\TUD200.4.log
current,evalmaxsat,pose,on,TUD200.5,unknown,,,missing,,,,,,D:\Research\FrequencyAssignment\SourceCode\evalmaxsat\results\processing\pipeline\POSE\TUD200.5.log
current,evalmaxsat,pose,on,TUD916.1,optimal,18,36.998,python_total_time,36.998,,36.998,,,D:\Research\FrequencyAssignment\SourceCode\evalmaxsat\results\processing\pipeline\POSE\TUD916.1.log
current,evalmaxsat,pose,on,TUD916.2,optimal,48,0.00297368,python_total_time,0.00297368,,0.00297368,,,D:\Research\FrequencyAssignment\SourceCode\evalmaxsat\results\processing\pipeline\POSE\TUD916.2.log
current,evalmaxsat,pose,on,TUD916.3,optimal,24,20.6081,python_total_time,20.6081,,20.6081,,,D:\Research\FrequencyAssignment\SourceCode\evalmaxsat\results\processing\pipeline\POSE\TUD916.3.log
current,evalmaxsat,pose,on,TUD916.4,optimal,26,0.00696426,python_total_time,0.00696426,,0.00696426,,,D:\Research\FrequencyAssignment\SourceCode\evalmaxsat\results\processing\pipeline\POSE\TUD916.4.log
current,evalmaxsat,pose,on,TUD916.5,unknown,,,missing,,,,,,D:\Research\FrequencyAssignment\SourceCode\evalmaxsat\results\processing\pipeline\POSE\TUD916.5.log
current,maxsat_rc2,dse_kmtotalizer,off,scen01,timeout,,600.0,runlim_timeout_cap,,,,,600.0,D:\Research\FrequencyAssignment\SourceCode\MaxSAT\results\no_processing\DSE\kmtotalizer\scen01.log
current,maxsat_rc2,dse_kmtotalizer,off,scen02,timeout,,600.0,runlim_timeout_cap,,,,,600.0,D:\Research\FrequencyAssignment\SourceCode\MaxSAT\results\no_processing\DSE\kmtotalizer\scen02.log
current,maxsat_rc2,dse_kmtotalizer,off,scen03,timeout,,600.0,runlim_timeout_cap,,,,,600.0,D:\Research\FrequencyAssignment\SourceCode\MaxSAT\results\no_processing\DSE\kmtotalizer\scen03.log
current,maxsat_rc2,dse_kmtotalizer,off,scen04,optimal,46,5.74,python_time_taken,5.74,5.74,,python_final_time_taken,,D:\Research\FrequencyAssignment\SourceCode\MaxSAT\results\no_processing\DSE\kmtotalizer\scen04.log
current,maxsat_rc2,dse_kmtotalizer,off,scen05,optimal,40,7.14,python_time_taken,7.14,7.14,,python_final_time_taken,,D:\Research\FrequencyAssignment\SourceCode\MaxSAT\results\no_processing\DSE\kmtotalizer\scen05.log
current,maxsat_rc2,dse_kmtotalizer,off,scen06,infeasible,,1.22,python_time_taken,1.22,1.22,,python_final_time_taken,,D:\Research\FrequencyAssignment\SourceCode\MaxSAT\results\no_processing\DSE\kmtotalizer\scen06.log
current,maxsat_rc2,dse_kmtotalizer,off,scen07,infeasible,,2.52,python_time_taken,2.52,2.52,,python_final_time_taken,,D:\Research\FrequencyAssignment\SourceCode\MaxSAT\results\no_processing\DSE\kmtotalizer\scen07.log
current,maxsat_rc2,dse_kmtotalizer,off,scen08,infeasible,,4.73,python_time_taken,4.73,4.73,,python_final_time_taken,,D:\Research\FrequencyAssignment\SourceCode\MaxSAT\results\no_processing\DSE\kmtotalizer\scen08.log
current,maxsat_rc2,dse_kmtotalizer,off,scen09,infeasible,,0.18,python_time_taken,0.18,0.18,,python_final_time_taken,,D:\Research\FrequencyAssignment\SourceCode\MaxSAT\results\no_processing\DSE\kmtotalizer\scen09.log
current,maxsat_rc2,dse_kmtotalizer,off,scen10,infeasible,,0.13,python_time_taken,0.13,0.13,,python_final_time_taken,,D:\Research\FrequencyAssignment\SourceCode\MaxSAT\results\no_processing\DSE\kmtotalizer\scen10.log
current,maxsat_rc2,dse_kmtotalizer,off,scen11,timeout,,600.0,runlim_timeout_cap,,,,,600.0,D:\Research\FrequencyAssignment\SourceCode\MaxSAT\results\no_processing\DSE\kmtotalizer\scen11.log
current,maxsat_rc2,dse_kmtotalizer,off,graph01,timeout,,600.0,runlim_timeout_cap,,,,,600.0,D:\Research\FrequencyAssignment\SourceCode\MaxSAT\results\no_processing\DSE\kmtotalizer\graph01.log
current,maxsat_rc2,dse_kmtotalizer,off,graph02,timeout,,600.0,runlim_timeout_cap,,,,,600.0,D:\Research\FrequencyAssignment\SourceCode\MaxSAT\results\no_processing\DSE\kmtotalizer\graph02.log
current,maxsat_rc2,dse_kmtotalizer,off,graph03,optimal,20,23.55,python_time_taken,23.55,23.55,,python_final_time_taken,,D:\Research\FrequencyAssignment\SourceCode\MaxSAT\results\no_processing\DSE\kmtotalizer\graph03.log
current,maxsat_rc2,dse_kmtotalizer,off,graph04,optimal,22,49.18,python_time_taken,49.18,49.18,,python_final_time_taken,,D:\Research\FrequencyAssignment\SourceCode\MaxSAT\results\no_processing\DSE\kmtotalizer\graph04.log
current,maxsat_rc2,dse_kmtotalizer,off,graph05,infeasible,,0.78,python_time_taken,0.78,0.78,,python_final_time_taken,,D:\Research\FrequencyAssignment\SourceCode\MaxSAT\results\no_processing\DSE\kmtotalizer\graph05.log
current,maxsat_rc2,dse_kmtotalizer,off,graph06,infeasible,,1.56,python_time_taken,1.56,1.56,,python_final_time_taken,,D:\Research\FrequencyAssignment\SourceCode\MaxSAT\results\no_processing\DSE\kmtotalizer\graph06.log
current,maxsat_rc2,dse_kmtotalizer,off,graph07,unknown,,,missing,,,,,,D:\Research\FrequencyAssignment\SourceCode\MaxSAT\results\no_processing\DSE\kmtotalizer\graph07.log
current,maxsat_rc2,dse_kmtotalizer,off,graph08,timeout,,600.0,runlim_timeout_cap,,,,,600.0,D:\Research\FrequencyAssignment\SourceCode\MaxSAT\results\no_processing\DSE\kmtotalizer\graph08.log
current,maxsat_rc2,dse_kmtotalizer,off,graph09,timeout,,600.0,runlim_timeout_cap,,,,,600.0,D:\Research\FrequencyAssignment\SourceCode\MaxSAT\results\no_processing\DSE\kmtotalizer\graph09.log
current,maxsat_rc2,dse_kmtotalizer,off,graph10,optimal,22,391.39,python_time_taken,391.39,391.39,,python_final_time_taken,,D:\Research\FrequencyAssignment\SourceCode\MaxSAT\results\no_processing\DSE\kmtotalizer\graph10.log
current,maxsat_rc2,dse_kmtotalizer,off,graph11,infeasible,,2.69,python_time_taken,2.69,2.69,,python_final_time_taken,,D:\Research\FrequencyAssignment\SourceCode\MaxSAT\results\no_processing\DSE\kmtotalizer\graph11.log
current,maxsat_rc2,dse_kmtotalizer,off,graph12,infeasible,,0.25,python_time_taken,0.25,0.25,,python_final_time_taken,,D:\Research\FrequencyAssignment\SourceCode\MaxSAT\results\no_processing\DSE\kmtotalizer\graph12.log
current,maxsat_rc2,dse_kmtotalizer,off,graph13,infeasible,,4.05,python_time_taken,4.05,4.05,,python_final_time_taken,,D:\Research\FrequencyAssignment\SourceCode\MaxSAT\results\no_processing\DSE\kmtotalizer\graph13.log
current,maxsat_rc2,dse_kmtotalizer,off,graph14,optimal,8,33.61,python_time_taken,33.61,33.61,,python_final_time_taken,,D:\Research\FrequencyAssignment\SourceCode\MaxSAT\results\no_processing\DSE\kmtotalizer\graph14.log
current,maxsat_rc2,dse_kmtotalizer,off,TUD200.1,optimal,12,29.01,python_time_taken,29.01,29.01,,python_final_time_taken,,D:\Research\FrequencyAssignment\SourceCode\MaxSAT\results\no_processing\DSE\kmtotalizer\TUD200.1.log
current,maxsat_rc2,dse_kmtotalizer,off,TUD200.2,optimal,46,2.07,python_time_taken,2.07,2.07,,python_final_time_taken,,D:\Research\FrequencyAssignment\SourceCode\MaxSAT\results\no_processing\DSE\kmtotalizer\TUD200.2.log
current,maxsat_rc2,dse_kmtotalizer,off,TUD200.3,optimal,14,8.32,python_time_taken,8.32,8.32,,python_final_time_taken,,D:\Research\FrequencyAssignment\SourceCode\MaxSAT\results\no_processing\DSE\kmtotalizer\TUD200.3.log
current,maxsat_rc2,dse_kmtotalizer,off,TUD200.4,optimal,20,1.55,python_time_taken,1.55,1.55,,python_final_time_taken,,D:\Research\FrequencyAssignment\SourceCode\MaxSAT\results\no_processing\DSE\kmtotalizer\TUD200.4.log
current,maxsat_rc2,dse_kmtotalizer,off,TUD200.5,infeasible,,0.83,python_time_taken,0.83,0.83,,python_final_time_taken,,D:\Research\FrequencyAssignment\SourceCode\MaxSAT\results\no_processing\DSE\kmtotalizer\TUD200.5.log
current,maxsat_rc2,dse_kmtotalizer,off,TUD916.1,optimal,18,451.78,python_time_taken,451.78,451.78,,python_final_time_taken,,D:\Research\FrequencyAssignment\SourceCode\MaxSAT\results\no_processing\DSE\kmtotalizer\TUD916.1.log
current,maxsat_rc2,dse_kmtotalizer,off,TUD916.2,optimal,48,25.98,python_time_taken,25.98,25.98,,python_final_time_taken,,D:\Research\FrequencyAssignment\SourceCode\MaxSAT\results\no_processing\DSE\kmtotalizer\TUD916.2.log
current,maxsat_rc2,dse_kmtotalizer,off,TUD916.3,optimal,24,45.7,python_time_taken,45.7,45.7,,python_final_time_taken,,D:\Research\FrequencyAssignment\SourceCode\MaxSAT\results\no_processing\DSE\kmtotalizer\TUD916.3.log
current,maxsat_rc2,dse_kmtotalizer,off,TUD916.4,optimal,26,23.42,python_time_taken,23.42,23.42,,python_final_time_taken,,D:\Research\FrequencyAssignment\SourceCode\MaxSAT\results\no_processing\DSE\kmtotalizer\TUD916.4.log
current,maxsat_rc2,dse_kmtotalizer,off,TUD916.5,infeasible,,3.82,python_time_taken,3.82,3.82,,python_final_time_taken,,D:\Research\FrequencyAssignment\SourceCode\MaxSAT\results\no_processing\DSE\kmtotalizer\TUD916.5.log
current,maxsat_rc2,dse_kmtotalizer,on,scen01,timeout,,600.0,runlim_timeout_cap,,,,,600.0,D:\Research\FrequencyAssignment\SourceCode\MaxSAT\results\processing\DSE\kmtotalizer\scen01.log
current,maxsat_rc2,dse_kmtotalizer,on,scen02,timeout,,600.0,runlim_timeout_cap,,,,,600.0,D:\Research\FrequencyAssignment\SourceCode\MaxSAT\results\processing\DSE\kmtotalizer\scen02.log
current,maxsat_rc2,dse_kmtotalizer,on,scen03,timeout,,600.0,runlim_timeout_cap,,,,,600.0,D:\Research\FrequencyAssignment\SourceCode\MaxSAT\results\processing\DSE\kmtotalizer\scen03.log
current,maxsat_rc2,dse_kmtotalizer,on,scen04,optimal,46,0.12,python_time_taken,0.12,0.12,,python_final_time_taken,,D:\Research\FrequencyAssignment\SourceCode\MaxSAT\results\processing\DSE\kmtotalizer\scen04.log
current,maxsat_rc2,dse_kmtotalizer,on,scen05,optimal,40,0.65,python_time_taken,0.65,0.65,,python_final_time_taken,,D:\Research\FrequencyAssignment\SourceCode\MaxSAT\results\processing\DSE\kmtotalizer\scen05.log
current,maxsat_rc2,dse_kmtotalizer,on,scen06,unknown,,,missing,,,,,,D:\Research\FrequencyAssignment\SourceCode\MaxSAT\results\processing\DSE\kmtotalizer\scen06.log
current,maxsat_rc2,dse_kmtotalizer,on,scen07,unknown,,,missing,,,,,,D:\Research\FrequencyAssignment\SourceCode\MaxSAT\results\processing\DSE\kmtotalizer\scen07.log
current,maxsat_rc2,dse_kmtotalizer,on,scen08,unknown,,,missing,,,,,,D:\Research\FrequencyAssignment\SourceCode\MaxSAT\results\processing\DSE\kmtotalizer\scen08.log
current,maxsat_rc2,dse_kmtotalizer,on,scen09,unknown,,,missing,,,,,,D:\Research\FrequencyAssignment\SourceCode\MaxSAT\results\processing\DSE\kmtotalizer\scen09.log
current,maxsat_rc2,dse_kmtotalizer,on,scen10,unknown,,,missing,,,,,,D:\Research\FrequencyAssignment\SourceCode\MaxSAT\results\processing\DSE\kmtotalizer\scen10.log
current,maxsat_rc2,dse_kmtotalizer,on,scen11,timeout,,600.0,runlim_timeout_cap,,,,,600.0,D:\Research\FrequencyAssignment\SourceCode\MaxSAT\results\processing\DSE\kmtotalizer\scen11.log
current,maxsat_rc2,dse_kmtotalizer,on,graph01,timeout,,600.0,runlim_timeout_cap,,,,,600.0,D:\Research\FrequencyAssignment\SourceCode\MaxSAT\results\processing\DSE\kmtotalizer\graph01.log
current,maxsat_rc2,dse_kmtotalizer,on,graph02,timeout,,600.0,runlim_timeout_cap,,,,,600.0,D:\Research\FrequencyAssignment\SourceCode\MaxSAT\results\processing\DSE\kmtotalizer\graph02.log
current,maxsat_rc2,dse_kmtotalizer,on,graph03,optimal,20,14.57,python_time_taken,14.57,14.57,,python_final_time_taken,,D:\Research\FrequencyAssignment\SourceCode\MaxSAT\results\processing\DSE\kmtotalizer\graph03.log
current,maxsat_rc2,dse_kmtotalizer,on,graph04,optimal,22,26.83,python_time_taken,26.83,26.83,,python_final_time_taken,,D:\Research\FrequencyAssignment\SourceCode\MaxSAT\results\processing\DSE\kmtotalizer\graph04.log
current,maxsat_rc2,dse_kmtotalizer,on,graph05,unknown,,,missing,,,,,,D:\Research\FrequencyAssignment\SourceCode\MaxSAT\results\processing\DSE\kmtotalizer\graph05.log
current,maxsat_rc2,dse_kmtotalizer,on,graph06,unknown,,,missing,,,,,,D:\Research\FrequencyAssignment\SourceCode\MaxSAT\results\processing\DSE\kmtotalizer\graph06.log
current,maxsat_rc2,dse_kmtotalizer,on,graph07,unknown,,,missing,,,,,,D:\Research\FrequencyAssignment\SourceCode\MaxSAT\results\processing\DSE\kmtotalizer\graph07.log
current,maxsat_rc2,dse_kmtotalizer,on,graph08,timeout,,600.0,runlim_timeout_cap,,,,,600.0,D:\Research\FrequencyAssignment\SourceCode\MaxSAT\results\processing\DSE\kmtotalizer\graph08.log
current,maxsat_rc2,dse_kmtotalizer,on,graph09,timeout,,600.0,runlim_timeout_cap,,,,,600.0,D:\Research\FrequencyAssignment\SourceCode\MaxSAT\results\processing\DSE\kmtotalizer\graph09.log
current,maxsat_rc2,dse_kmtotalizer,on,graph10,optimal,22,212.48,python_time_taken,212.48,212.48,,python_final_time_taken,,D:\Research\FrequencyAssignment\SourceCode\MaxSAT\results\processing\DSE\kmtotalizer\graph10.log
current,maxsat_rc2,dse_kmtotalizer,on,graph11,unknown,,,missing,,,,,,D:\Research\FrequencyAssignment\SourceCode\MaxSAT\results\processing\DSE\kmtotalizer\graph11.log
current,maxsat_rc2,dse_kmtotalizer,on,graph12,unknown,,,missing,,,,,,D:\Research\FrequencyAssignment\SourceCode\MaxSAT\results\processing\DSE\kmtotalizer\graph12.log
current,maxsat_rc2,dse_kmtotalizer,on,graph13,unknown,,,missing,,,,,,D:\Research\FrequencyAssignment\SourceCode\MaxSAT\results\processing\DSE\kmtotalizer\graph13.log
current,maxsat_rc2,dse_kmtotalizer,on,graph14,optimal,8,34.07,python_time_taken,34.07,34.07,,python_final_time_taken,,D:\Research\FrequencyAssignment\SourceCode\MaxSAT\results\processing\DSE\kmtotalizer\graph14.log
current,maxsat_rc2,dse_kmtotalizer,on,TUD200.1,optimal,12,111.44,python_time_taken,111.44,111.44,,python_final_time_taken,,D:\Research\FrequencyAssignment\SourceCode\MaxSAT\results\processing\DSE\kmtotalizer\TUD200.1.log
current,maxsat_rc2,dse_kmtotalizer,on,TUD200.2,optimal,46,0.06,python_time_taken,0.06,0.06,,python_final_time_taken,,D:\Research\FrequencyAssignment\SourceCode\MaxSAT\results\processing\DSE\kmtotalizer\TUD200.2.log
current,maxsat_rc2,dse_kmtotalizer,on,TUD200.3,optimal,14,9.34,python_time_taken,9.34,9.34,,python_final_time_taken,,D:\Research\FrequencyAssignment\SourceCode\MaxSAT\results\processing\DSE\kmtotalizer\TUD200.3.log
current,maxsat_rc2,dse_kmtotalizer,on,TUD200.4,optimal,20,0.09,python_time_taken,0.09,0.09,,python_final_time_taken,,D:\Research\FrequencyAssignment\SourceCode\MaxSAT\results\processing\DSE\kmtotalizer\TUD200.4.log
current,maxsat_rc2,dse_kmtotalizer,on,TUD200.5,unknown,,,missing,,,,,,D:\Research\FrequencyAssignment\SourceCode\MaxSAT\results\processing\DSE\kmtotalizer\TUD200.5.log
current,maxsat_rc2,dse_kmtotalizer,on,TUD916.1,optimal,18,58.02,python_time_taken,58.02,58.02,,python_final_time_taken,,D:\Research\FrequencyAssignment\SourceCode\MaxSAT\results\processing\DSE\kmtotalizer\TUD916.1.log
current,maxsat_rc2,dse_kmtotalizer,on,TUD916.2,optimal,48,0.28,python_time_taken,0.28,0.28,,python_final_time_taken,,D:\Research\FrequencyAssignment\SourceCode\MaxSAT\results\processing\DSE\kmtotalizer\TUD916.2.log
current,maxsat_rc2,dse_kmtotalizer,on,TUD916.3,optimal,24,48.13,python_time_taken,48.13,48.13,,python_final_time_taken,,D:\Research\FrequencyAssignment\SourceCode\MaxSAT\results\processing\DSE\kmtotalizer\TUD916.3.log
current,maxsat_rc2,dse_kmtotalizer,on,TUD916.4,optimal,26,0.52,python_time_taken,0.52,0.52,,python_final_time_taken,,D:\Research\FrequencyAssignment\SourceCode\MaxSAT\results\processing\DSE\kmtotalizer\TUD916.4.log
current,maxsat_rc2,dse_kmtotalizer,on,TUD916.5,unknown,,,missing,,,,,,D:\Research\FrequencyAssignment\SourceCode\MaxSAT\results\processing\DSE\kmtotalizer\TUD916.5.log
current,maxsat_rc2,dse_ladder,off,scen01,timeout,,600.0,runlim_timeout_cap,,,,,600.0,D:\Research\FrequencyAssignment\SourceCode\MaxSAT\results\no_processing\DSE\ladder\scen01.log
current,maxsat_rc2,dse_ladder,off,scen02,timeout,,600.0,runlim_timeout_cap,,,,,600.0,D:\Research\FrequencyAssignment\SourceCode\MaxSAT\results\no_processing\DSE\ladder\scen02.log
current,maxsat_rc2,dse_ladder,off,scen03,timeout,,600.0,runlim_timeout_cap,,,,,600.0,D:\Research\FrequencyAssignment\SourceCode\MaxSAT\results\no_processing\DSE\ladder\scen03.log
current,maxsat_rc2,dse_ladder,off,scen04,optimal,46,11.4,python_time_taken,11.4,11.4,,python_final_time_taken,,D:\Research\FrequencyAssignment\SourceCode\MaxSAT\results\no_processing\DSE\ladder\scen04.log
current,maxsat_rc2,dse_ladder,off,scen05,optimal,40,13.22,python_time_taken,13.22,13.22,,python_final_time_taken,,D:\Research\FrequencyAssignment\SourceCode\MaxSAT\results\no_processing\DSE\ladder\scen05.log
current,maxsat_rc2,dse_ladder,off,scen06,infeasible,,1.4,python_time_taken,1.4,1.4,,python_final_time_taken,,D:\Research\FrequencyAssignment\SourceCode\MaxSAT\results\no_processing\DSE\ladder\scen06.log
current,maxsat_rc2,dse_ladder,off,scen07,infeasible,,2.99,python_time_taken,2.99,2.99,,python_final_time_taken,,D:\Research\FrequencyAssignment\SourceCode\MaxSAT\results\no_processing\DSE\ladder\scen07.log
current,maxsat_rc2,dse_ladder,off,scen08,infeasible,,5.84,python_time_taken,5.84,5.84,,python_final_time_taken,,D:\Research\FrequencyAssignment\SourceCode\MaxSAT\results\no_processing\DSE\ladder\scen08.log
current,maxsat_rc2,dse_ladder,off,scen09,infeasible,,0.22,python_time_taken,0.22,0.22,,python_final_time_taken,,D:\Research\FrequencyAssignment\SourceCode\MaxSAT\results\no_processing\DSE\ladder\scen09.log
current,maxsat_rc2,dse_ladder,off,scen10,infeasible,,0.23,python_time_taken,0.23,0.23,,python_final_time_taken,,D:\Research\FrequencyAssignment\SourceCode\MaxSAT\results\no_processing\DSE\ladder\scen10.log
current,maxsat_rc2,dse_ladder,off,scen11,timeout,,600.0,runlim_timeout_cap,,,,,600.0,D:\Research\FrequencyAssignment\SourceCode\MaxSAT\results\no_processing\DSE\ladder\scen11.log
current,maxsat_rc2,dse_ladder,off,graph01,timeout,,600.0,runlim_timeout_cap,,,,,600.0,D:\Research\FrequencyAssignment\SourceCode\MaxSAT\results\no_processing\DSE\ladder\graph01.log
current,maxsat_rc2,dse_ladder,off,graph02,timeout,,600.0,runlim_timeout_cap,,,,,600.0,D:\Research\FrequencyAssignment\SourceCode\MaxSAT\results\no_processing\DSE\ladder\graph02.log
current,maxsat_rc2,dse_ladder,off,graph03,optimal,20,34.11,python_time_taken,34.11,34.11,,python_final_time_taken,,D:\Research\FrequencyAssignment\SourceCode\MaxSAT\results\no_processing\DSE\ladder\graph03.log
current,maxsat_rc2,dse_ladder,off,graph04,optimal,22,55.52,python_time_taken,55.52,55.52,,python_final_time_taken,,D:\Research\FrequencyAssignment\SourceCode\MaxSAT\results\no_processing\DSE\ladder\graph04.log
current,maxsat_rc2,dse_ladder,off,graph05,infeasible,,0.95,python_time_taken,0.95,0.95,,python_final_time_taken,,D:\Research\FrequencyAssignment\SourceCode\MaxSAT\results\no_processing\DSE\ladder\graph05.log
current,maxsat_rc2,dse_ladder,off,graph06,infeasible,,2.02,python_time_taken,2.02,2.02,,python_final_time_taken,,D:\Research\FrequencyAssignment\SourceCode\MaxSAT\results\no_processing\DSE\ladder\graph06.log
current,maxsat_rc2,dse_ladder,off,graph07,unknown,,,missing,,,,,,D:\Research\FrequencyAssignment\SourceCode\MaxSAT\results\no_processing\DSE\ladder\graph07.log
current,maxsat_rc2,dse_ladder,off,graph08,timeout,,600.0,runlim_timeout_cap,,,,,600.0,D:\Research\FrequencyAssignment\SourceCode\MaxSAT\results\no_processing\DSE\ladder\graph08.log
current,maxsat_rc2,dse_ladder,off,graph09,timeout,,600.0,runlim_timeout_cap,,,,,600.0,D:\Research\FrequencyAssignment\SourceCode\MaxSAT\results\no_processing\DSE\ladder\graph09.log
current,maxsat_rc2,dse_ladder,off,graph10,optimal,22,246.73,python_time_taken,246.73,246.73,,python_final_time_taken,,D:\Research\FrequencyAssignment\SourceCode\MaxSAT\results\no_processing\DSE\ladder\graph10.log
current,maxsat_rc2,dse_ladder,off,graph11,infeasible,,3.56,python_time_taken,3.56,3.56,,python_final_time_taken,,D:\Research\FrequencyAssignment\SourceCode\MaxSAT\results\no_processing\DSE\ladder\graph11.log
current,maxsat_rc2,dse_ladder,off,graph12,infeasible,,0.43,python_time_taken,0.43,0.43,,python_final_time_taken,,D:\Research\FrequencyAssignment\SourceCode\MaxSAT\results\no_processing\DSE\ladder\graph12.log
current,maxsat_rc2,dse_ladder,off,graph13,infeasible,,5.15,python_time_taken,5.15,5.15,,python_final_time_taken,,D:\Research\FrequencyAssignment\SourceCode\MaxSAT\results\no_processing\DSE\ladder\graph13.log
current,maxsat_rc2,dse_ladder,off,graph14,optimal,8,62.69,python_time_taken,62.69,62.69,,python_final_time_taken,,D:\Research\FrequencyAssignment\SourceCode\MaxSAT\results\no_processing\DSE\ladder\graph14.log
current,maxsat_rc2,dse_ladder,off,TUD200.1,optimal,12,28.72,python_time_taken,28.72,28.72,,python_final_time_taken,,D:\Research\FrequencyAssignment\SourceCode\MaxSAT\results\no_processing\DSE\ladder\TUD200.1.log
current,maxsat_rc2,dse_ladder,off,TUD200.2,optimal,46,3.6,python_time_taken,3.6,3.6,,python_final_time_taken,,D:\Research\FrequencyAssignment\SourceCode\MaxSAT\results\no_processing\DSE\ladder\TUD200.2.log
current,maxsat_rc2,dse_ladder,off,TUD200.3,optimal,14,10.9,python_time_taken,10.9,10.9,,python_final_time_taken,,D:\Research\FrequencyAssignment\SourceCode\MaxSAT\results\no_processing\DSE\ladder\TUD200.3.log
current,maxsat_rc2,dse_ladder,off,TUD200.4,optimal,20,2.79,python_time_taken,2.79,2.79,,python_final_time_taken,,D:\Research\FrequencyAssignment\SourceCode\MaxSAT\results\no_processing\DSE\ladder\TUD200.4.log
current,maxsat_rc2,dse_ladder,off,TUD200.5,infeasible,,1.08,python_time_taken,1.08,1.08,,python_final_time_taken,,D:\Research\FrequencyAssignment\SourceCode\MaxSAT\results\no_processing\DSE\ladder\TUD200.5.log
current,maxsat_rc2,dse_ladder,off,TUD916.1,optimal,18,89.27,python_time_taken,89.27,89.27,,python_final_time_taken,,D:\Research\FrequencyAssignment\SourceCode\MaxSAT\results\no_processing\DSE\ladder\TUD916.1.log
current,maxsat_rc2,dse_ladder,off,TUD916.2,optimal,48,52.73,python_time_taken,52.73,52.73,,python_final_time_taken,,D:\Research\FrequencyAssignment\SourceCode\MaxSAT\results\no_processing\DSE\ladder\TUD916.2.log
current,maxsat_rc2,dse_ladder,off,TUD916.3,optimal,24,82.09,python_time_taken,82.09,82.09,,python_final_time_taken,,D:\Research\FrequencyAssignment\SourceCode\MaxSAT\results\no_processing\DSE\ladder\TUD916.3.log
current,maxsat_rc2,dse_ladder,off,TUD916.4,optimal,26,48.43,python_time_taken,48.43,48.43,,python_final_time_taken,,D:\Research\FrequencyAssignment\SourceCode\MaxSAT\results\no_processing\DSE\ladder\TUD916.4.log
current,maxsat_rc2,dse_ladder,off,TUD916.5,infeasible,,4.85,python_time_taken,4.85,4.85,,python_final_time_taken,,D:\Research\FrequencyAssignment\SourceCode\MaxSAT\results\no_processing\DSE\ladder\TUD916.5.log
current,maxsat_rc2,dse_ladder,on,scen01,timeout,,600.0,runlim_timeout_cap,,,,,600.0,D:\Research\FrequencyAssignment\SourceCode\MaxSAT\results\processing\DSE\ladder\scen01.log
current,maxsat_rc2,dse_ladder,on,scen02,timeout,,600.0,runlim_timeout_cap,,,,,600.0,D:\Research\FrequencyAssignment\SourceCode\MaxSAT\results\processing\DSE\ladder\scen02.log
current,maxsat_rc2,dse_ladder,on,scen03,timeout,,600.0,runlim_timeout_cap,,,,,600.0,D:\Research\FrequencyAssignment\SourceCode\MaxSAT\results\processing\DSE\ladder\scen03.log
current,maxsat_rc2,dse_ladder,on,scen04,optimal,46,0.15,python_time_taken,0.15,0.15,,python_final_time_taken,,D:\Research\FrequencyAssignment\SourceCode\MaxSAT\results\processing\DSE\ladder\scen04.log
current,maxsat_rc2,dse_ladder,on,scen05,optimal,40,0.88,python_time_taken,0.88,0.88,,python_final_time_taken,,D:\Research\FrequencyAssignment\SourceCode\MaxSAT\results\processing\DSE\ladder\scen05.log
current,maxsat_rc2,dse_ladder,on,scen06,unknown,,,missing,,,,,,D:\Research\FrequencyAssignment\SourceCode\MaxSAT\results\processing\DSE\ladder\scen06.log
current,maxsat_rc2,dse_ladder,on,scen07,unknown,,,missing,,,,,,D:\Research\FrequencyAssignment\SourceCode\MaxSAT\results\processing\DSE\ladder\scen07.log
current,maxsat_rc2,dse_ladder,on,scen08,unknown,,,missing,,,,,,D:\Research\FrequencyAssignment\SourceCode\MaxSAT\results\processing\DSE\ladder\scen08.log
current,maxsat_rc2,dse_ladder,on,scen09,unknown,,,missing,,,,,,D:\Research\FrequencyAssignment\SourceCode\MaxSAT\results\processing\DSE\ladder\scen09.log
current,maxsat_rc2,dse_ladder,on,scen10,unknown,,,missing,,,,,,D:\Research\FrequencyAssignment\SourceCode\MaxSAT\results\processing\DSE\ladder\scen10.log
current,maxsat_rc2,dse_ladder,on,scen11,timeout,,600.0,runlim_timeout_cap,,,,,600.0,D:\Research\FrequencyAssignment\SourceCode\MaxSAT\results\processing\DSE\ladder\scen11.log
current,maxsat_rc2,dse_ladder,on,graph01,timeout,,600.0,runlim_timeout_cap,,,,,600.0,D:\Research\FrequencyAssignment\SourceCode\MaxSAT\results\processing\DSE\ladder\graph01.log
current,maxsat_rc2,dse_ladder,on,graph02,timeout,,600.0,runlim_timeout_cap,,,,,600.0,D:\Research\FrequencyAssignment\SourceCode\MaxSAT\results\processing\DSE\ladder\graph02.log
current,maxsat_rc2,dse_ladder,on,graph03,optimal,20,19.9,python_time_taken,19.9,19.9,,python_final_time_taken,,D:\Research\FrequencyAssignment\SourceCode\MaxSAT\results\processing\DSE\ladder\graph03.log
current,maxsat_rc2,dse_ladder,on,graph04,optimal,22,31.9,python_time_taken,31.9,31.9,,python_final_time_taken,,D:\Research\FrequencyAssignment\SourceCode\MaxSAT\results\processing\DSE\ladder\graph04.log
current,maxsat_rc2,dse_ladder,on,graph05,unknown,,,missing,,,,,,D:\Research\FrequencyAssignment\SourceCode\MaxSAT\results\processing\DSE\ladder\graph05.log
current,maxsat_rc2,dse_ladder,on,graph06,unknown,,,missing,,,,,,D:\Research\FrequencyAssignment\SourceCode\MaxSAT\results\processing\DSE\ladder\graph06.log
current,maxsat_rc2,dse_ladder,on,graph07,unknown,,,missing,,,,,,D:\Research\FrequencyAssignment\SourceCode\MaxSAT\results\processing\DSE\ladder\graph07.log
current,maxsat_rc2,dse_ladder,on,graph08,timeout,,600.0,runlim_timeout_cap,,,,,600.0,D:\Research\FrequencyAssignment\SourceCode\MaxSAT\results\processing\DSE\ladder\graph08.log
current,maxsat_rc2,dse_ladder,on,graph09,timeout,,600.0,runlim_timeout_cap,,,,,600.0,D:\Research\FrequencyAssignment\SourceCode\MaxSAT\results\processing\DSE\ladder\graph09.log
current,maxsat_rc2,dse_ladder,on,graph10,optimal,22,179.78,python_time_taken,179.78,179.78,,python_final_time_taken,,D:\Research\FrequencyAssignment\SourceCode\MaxSAT\results\processing\DSE\ladder\graph10.log
current,maxsat_rc2,dse_ladder,on,graph11,unknown,,,missing,,,,,,D:\Research\FrequencyAssignment\SourceCode\MaxSAT\results\processing\DSE\ladder\graph11.log
current,maxsat_rc2,dse_ladder,on,graph12,unknown,,,missing,,,,,,D:\Research\FrequencyAssignment\SourceCode\MaxSAT\results\processing\DSE\ladder\graph12.log
current,maxsat_rc2,dse_ladder,on,graph13,unknown,,,missing,,,,,,D:\Research\FrequencyAssignment\SourceCode\MaxSAT\results\processing\DSE\ladder\graph13.log
current,maxsat_rc2,dse_ladder,on,graph14,optimal,8,62.26,python_time_taken,62.26,62.26,,python_final_time_taken,,D:\Research\FrequencyAssignment\SourceCode\MaxSAT\results\processing\DSE\ladder\graph14.log
current,maxsat_rc2,dse_ladder,on,TUD200.1,optimal,12,13.93,python_time_taken,13.93,13.93,,python_final_time_taken,,D:\Research\FrequencyAssignment\SourceCode\MaxSAT\results\processing\DSE\ladder\TUD200.1.log
current,maxsat_rc2,dse_ladder,on,TUD200.2,optimal,46,0.07,python_time_taken,0.07,0.07,,python_final_time_taken,,D:\Research\FrequencyAssignment\SourceCode\MaxSAT\results\processing\DSE\ladder\TUD200.2.log
current,maxsat_rc2,dse_ladder,on,TUD200.3,optimal,14,10.59,python_time_taken,10.59,10.59,,python_final_time_taken,,D:\Research\FrequencyAssignment\SourceCode\MaxSAT\results\processing\DSE\ladder\TUD200.3.log
current,maxsat_rc2,dse_ladder,on,TUD200.4,optimal,20,0.09,python_time_taken,0.09,0.09,,python_final_time_taken,,D:\Research\FrequencyAssignment\SourceCode\MaxSAT\results\processing\DSE\ladder\TUD200.4.log
current,maxsat_rc2,dse_ladder,on,TUD200.5,unknown,,,missing,,,,,,D:\Research\FrequencyAssignment\SourceCode\MaxSAT\results\processing\DSE\ladder\TUD200.5.log
current,maxsat_rc2,dse_ladder,on,TUD916.1,optimal,18,79.94,python_time_taken,79.94,79.94,,python_final_time_taken,,D:\Research\FrequencyAssignment\SourceCode\MaxSAT\results\processing\DSE\ladder\TUD916.1.log
current,maxsat_rc2,dse_ladder,on,TUD916.2,optimal,48,0.28,python_time_taken,0.28,0.28,,python_final_time_taken,,D:\Research\FrequencyAssignment\SourceCode\MaxSAT\results\processing\DSE\ladder\TUD916.2.log
current,maxsat_rc2,dse_ladder,on,TUD916.3,optimal,24,53.6,python_time_taken,53.6,53.6,,python_final_time_taken,,D:\Research\FrequencyAssignment\SourceCode\MaxSAT\results\processing\DSE\ladder\TUD916.3.log
current,maxsat_rc2,dse_ladder,on,TUD916.4,optimal,26,0.57,python_time_taken,0.57,0.57,,python_final_time_taken,,D:\Research\FrequencyAssignment\SourceCode\MaxSAT\results\processing\DSE\ladder\TUD916.4.log
current,maxsat_rc2,dse_ladder,on,TUD916.5,unknown,,,missing,,,,,,D:\Research\FrequencyAssignment\SourceCode\MaxSAT\results\processing\DSE\ladder\TUD916.5.log
current,maxsat_rc2,dse_seqcounter,off,scen01,timeout,,600.0,runlim_timeout_cap,,,,,600.0,D:\Research\FrequencyAssignment\SourceCode\MaxSAT\results\no_processing\DSE\seqcounter\scen01.log
current,maxsat_rc2,dse_seqcounter,off,scen02,timeout,,600.0,runlim_timeout_cap,,,,,600.0,D:\Research\FrequencyAssignment\SourceCode\MaxSAT\results\no_processing\DSE\seqcounter\scen02.log
current,maxsat_rc2,dse_seqcounter,off,scen03,timeout,,600.0,runlim_timeout_cap,,,,,600.0,D:\Research\FrequencyAssignment\SourceCode\MaxSAT\results\no_processing\DSE\seqcounter\scen03.log
current,maxsat_rc2,dse_seqcounter,off,scen04,optimal,46,4.13,python_time_taken,4.13,4.13,,python_final_time_taken,,D:\Research\FrequencyAssignment\SourceCode\MaxSAT\results\no_processing\DSE\seqcounter\scen04.log
current,maxsat_rc2,dse_seqcounter,off,scen05,optimal,40,5.67,python_time_taken,5.67,5.67,,python_final_time_taken,,D:\Research\FrequencyAssignment\SourceCode\MaxSAT\results\no_processing\DSE\seqcounter\scen05.log
current,maxsat_rc2,dse_seqcounter,off,scen06,infeasible,,1.11,python_time_taken,1.11,1.11,,python_final_time_taken,,D:\Research\FrequencyAssignment\SourceCode\MaxSAT\results\no_processing\DSE\seqcounter\scen06.log
current,maxsat_rc2,dse_seqcounter,off,scen07,infeasible,,2.52,python_time_taken,2.52,2.52,,python_final_time_taken,,D:\Research\FrequencyAssignment\SourceCode\MaxSAT\results\no_processing\DSE\seqcounter\scen07.log
current,maxsat_rc2,dse_seqcounter,off,scen08,infeasible,,4.67,python_time_taken,4.67,4.67,,python_final_time_taken,,D:\Research\FrequencyAssignment\SourceCode\MaxSAT\results\no_processing\DSE\seqcounter\scen08.log
current,maxsat_rc2,dse_seqcounter,off,scen09,infeasible,,0.12,python_time_taken,0.12,0.12,,python_final_time_taken,,D:\Research\FrequencyAssignment\SourceCode\MaxSAT\results\no_processing\DSE\seqcounter\scen09.log
current,maxsat_rc2,dse_seqcounter,off,scen10,infeasible,,0.12,python_time_taken,0.12,0.12,,python_final_time_taken,,D:\Research\FrequencyAssignment\SourceCode\MaxSAT\results\no_processing\DSE\seqcounter\scen10.log
current,maxsat_rc2,dse_seqcounter,off,scen11,timeout,,600.0,runlim_timeout_cap,,,,,600.0,D:\Research\FrequencyAssignment\SourceCode\MaxSAT\results\no_processing\DSE\seqcounter\scen11.log
current,maxsat_rc2,dse_seqcounter,off,graph01,timeout,,600.0,runlim_timeout_cap,,,,,600.0,D:\Research\FrequencyAssignment\SourceCode\MaxSAT\results\no_processing\DSE\seqcounter\graph01.log
current,maxsat_rc2,dse_seqcounter,off,graph02,timeout,,600.0,runlim_timeout_cap,,,,,600.0,D:\Research\FrequencyAssignment\SourceCode\MaxSAT\results\no_processing\DSE\seqcounter\graph02.log
current,maxsat_rc2,dse_seqcounter,off,graph03,optimal,20,23.48,python_time_taken,23.48,23.48,,python_final_time_taken,,D:\Research\FrequencyAssignment\SourceCode\MaxSAT\results\no_processing\DSE\seqcounter\graph03.log
current,maxsat_rc2,dse_seqcounter,off,graph04,optimal,22,54.75,python_time_taken,54.75,54.75,,python_final_time_taken,,D:\Research\FrequencyAssignment\SourceCode\MaxSAT\results\no_processing\DSE\seqcounter\graph04.log
current,maxsat_rc2,dse_seqcounter,off,graph05,infeasible,,0.7,python_time_taken,0.7,0.7,,python_final_time_taken,,D:\Research\FrequencyAssignment\SourceCode\MaxSAT\results\no_processing\DSE\seqcounter\graph05.log
current,maxsat_rc2,dse_seqcounter,off,graph06,infeasible,,1.53,python_time_taken,1.53,1.53,,python_final_time_taken,,D:\Research\FrequencyAssignment\SourceCode\MaxSAT\results\no_processing\DSE\seqcounter\graph06.log
current,maxsat_rc2,dse_seqcounter,off,graph07,unknown,,,missing,,,,,,D:\Research\FrequencyAssignment\SourceCode\MaxSAT\results\no_processing\DSE\seqcounter\graph07.log
current,maxsat_rc2,dse_seqcounter,off,graph08,timeout,,600.0,runlim_timeout_cap,,,,,600.0,D:\Research\FrequencyAssignment\SourceCode\MaxSAT\results\no_processing\DSE\seqcounter\graph08.log
current,maxsat_rc2,dse_seqcounter,off,graph09,timeout,,600.0,runlim_timeout_cap,,,,,600.0,D:\Research\FrequencyAssignment\SourceCode\MaxSAT\results\no_processing\DSE\seqcounter\graph09.log
current,maxsat_rc2,dse_seqcounter,off,graph10,optimal,22,217.13,python_time_taken,217.13,217.13,,python_final_time_taken,,D:\Research\FrequencyAssignment\SourceCode\MaxSAT\results\no_processing\DSE\seqcounter\graph10.log
current,maxsat_rc2,dse_seqcounter,off,graph11,infeasible,,2.68,python_time_taken,2.68,2.68,,python_final_time_taken,,D:\Research\FrequencyAssignment\SourceCode\MaxSAT\results\no_processing\DSE\seqcounter\graph11.log
current,maxsat_rc2,dse_seqcounter,off,graph12,infeasible,,0.23,python_time_taken,0.23,0.23,,python_final_time_taken,,D:\Research\FrequencyAssignment\SourceCode\MaxSAT\results\no_processing\DSE\seqcounter\graph12.log
current,maxsat_rc2,dse_seqcounter,off,graph13,infeasible,,4.02,python_time_taken,4.02,4.02,,python_final_time_taken,,D:\Research\FrequencyAssignment\SourceCode\MaxSAT\results\no_processing\DSE\seqcounter\graph13.log
current,maxsat_rc2,dse_seqcounter,off,graph14,optimal,8,24.08,python_time_taken,24.08,24.08,,python_final_time_taken,,D:\Research\FrequencyAssignment\SourceCode\MaxSAT\results\no_processing\DSE\seqcounter\graph14.log
current,maxsat_rc2,dse_seqcounter,off,TUD200.1,optimal,12,22.66,python_time_taken,22.66,22.66,,python_final_time_taken,,D:\Research\FrequencyAssignment\SourceCode\MaxSAT\results\no_processing\DSE\seqcounter\TUD200.1.log
current,maxsat_rc2,dse_seqcounter,off,TUD200.2,optimal,46,1.69,python_time_taken,1.69,1.69,,python_final_time_taken,,D:\Research\FrequencyAssignment\SourceCode\MaxSAT\results\no_processing\DSE\seqcounter\TUD200.2.log
current,maxsat_rc2,dse_seqcounter,off,TUD200.3,optimal,14,9.35,python_time_taken,9.35,9.35,,python_final_time_taken,,D:\Research\FrequencyAssignment\SourceCode\MaxSAT\results\no_processing\DSE\seqcounter\TUD200.3.log
current,maxsat_rc2,dse_seqcounter,off,TUD200.4,optimal,20,1.23,python_time_taken,1.23,1.23,,python_final_time_taken,,D:\Research\FrequencyAssignment\SourceCode\MaxSAT\results\no_processing\DSE\seqcounter\TUD200.4.log
current,maxsat_rc2,dse_seqcounter,off,TUD200.5,infeasible,,0.81,python_time_taken,0.81,0.81,,python_final_time_taken,,D:\Research\FrequencyAssignment\SourceCode\MaxSAT\results\no_processing\DSE\seqcounter\TUD200.5.log
current,maxsat_rc2,dse_seqcounter,off,TUD916.1,optimal,18,34.78,python_time_taken,34.78,34.78,,python_final_time_taken,,D:\Research\FrequencyAssignment\SourceCode\MaxSAT\results\no_processing\DSE\seqcounter\TUD916.1.log
current,maxsat_rc2,dse_seqcounter,off,TUD916.2,optimal,48,18.53,python_time_taken,18.53,18.53,,python_final_time_taken,,D:\Research\FrequencyAssignment\SourceCode\MaxSAT\results\no_processing\DSE\seqcounter\TUD916.2.log
current,maxsat_rc2,dse_seqcounter,off,TUD916.3,optimal,24,35.65,python_time_taken,35.65,35.65,,python_final_time_taken,,D:\Research\FrequencyAssignment\SourceCode\MaxSAT\results\no_processing\DSE\seqcounter\TUD916.3.log
current,maxsat_rc2,dse_seqcounter,off,TUD916.4,optimal,26,16.77,python_time_taken,16.77,16.77,,python_final_time_taken,,D:\Research\FrequencyAssignment\SourceCode\MaxSAT\results\no_processing\DSE\seqcounter\TUD916.4.log
current,maxsat_rc2,dse_seqcounter,off,TUD916.5,infeasible,,3.77,python_time_taken,3.77,3.77,,python_final_time_taken,,D:\Research\FrequencyAssignment\SourceCode\MaxSAT\results\no_processing\DSE\seqcounter\TUD916.5.log
current,maxsat_rc2,dse_seqcounter,on,scen01,timeout,,600.0,runlim_timeout_cap,,,,,600.0,D:\Research\FrequencyAssignment\SourceCode\MaxSAT\results\processing\DSE\seqcounter\scen01.log
current,maxsat_rc2,dse_seqcounter,on,scen02,timeout,,600.0,runlim_timeout_cap,,,,,600.0,D:\Research\FrequencyAssignment\SourceCode\MaxSAT\results\processing\DSE\seqcounter\scen02.log
current,maxsat_rc2,dse_seqcounter,on,scen03,timeout,,600.0,runlim_timeout_cap,,,,,600.0,D:\Research\FrequencyAssignment\SourceCode\MaxSAT\results\processing\DSE\seqcounter\scen03.log
current,maxsat_rc2,dse_seqcounter,on,scen04,optimal,46,0.11,python_time_taken,0.11,0.11,,python_final_time_taken,,D:\Research\FrequencyAssignment\SourceCode\MaxSAT\results\processing\DSE\seqcounter\scen04.log
current,maxsat_rc2,dse_seqcounter,on,scen05,optimal,40,0.56,python_time_taken,0.56,0.56,,python_final_time_taken,,D:\Research\FrequencyAssignment\SourceCode\MaxSAT\results\processing\DSE\seqcounter\scen05.log
current,maxsat_rc2,dse_seqcounter,on,scen06,unknown,,,missing,,,,,,D:\Research\FrequencyAssignment\SourceCode\MaxSAT\results\processing\DSE\seqcounter\scen06.log
current,maxsat_rc2,dse_seqcounter,on,scen07,unknown,,,missing,,,,,,D:\Research\FrequencyAssignment\SourceCode\MaxSAT\results\processing\DSE\seqcounter\scen07.log
current,maxsat_rc2,dse_seqcounter,on,scen08,unknown,,,missing,,,,,,D:\Research\FrequencyAssignment\SourceCode\MaxSAT\results\processing\DSE\seqcounter\scen08.log
current,maxsat_rc2,dse_seqcounter,on,scen09,unknown,,,missing,,,,,,D:\Research\FrequencyAssignment\SourceCode\MaxSAT\results\processing\DSE\seqcounter\scen09.log
current,maxsat_rc2,dse_seqcounter,on,scen10,unknown,,,missing,,,,,,D:\Research\FrequencyAssignment\SourceCode\MaxSAT\results\processing\DSE\seqcounter\scen10.log
current,maxsat_rc2,dse_seqcounter,on,scen11,timeout,,600.0,runlim_timeout_cap,,,,,600.0,D:\Research\FrequencyAssignment\SourceCode\MaxSAT\results\processing\DSE\seqcounter\scen11.log
current,maxsat_rc2,dse_seqcounter,on,graph01,timeout,,600.0,runlim_timeout_cap,,,,,600.0,D:\Research\FrequencyAssignment\SourceCode\MaxSAT\results\processing\DSE\seqcounter\graph01.log
current,maxsat_rc2,dse_seqcounter,on,graph02,timeout,,600.0,runlim_timeout_cap,,,,,600.0,D:\Research\FrequencyAssignment\SourceCode\MaxSAT\results\processing\DSE\seqcounter\graph02.log
current,maxsat_rc2,dse_seqcounter,on,graph03,optimal,20,24.79,python_time_taken,24.79,24.79,,python_final_time_taken,,D:\Research\FrequencyAssignment\SourceCode\MaxSAT\results\processing\DSE\seqcounter\graph03.log
current,maxsat_rc2,dse_seqcounter,on,graph04,optimal,22,32.18,python_time_taken,32.18,32.18,,python_final_time_taken,,D:\Research\FrequencyAssignment\SourceCode\MaxSAT\results\processing\DSE\seqcounter\graph04.log
current,maxsat_rc2,dse_seqcounter,on,graph05,unknown,,,missing,,,,,,D:\Research\FrequencyAssignment\SourceCode\MaxSAT\results\processing\DSE\seqcounter\graph05.log
current,maxsat_rc2,dse_seqcounter,on,graph06,unknown,,,missing,,,,,,D:\Research\FrequencyAssignment\SourceCode\MaxSAT\results\processing\DSE\seqcounter\graph06.log
current,maxsat_rc2,dse_seqcounter,on,graph07,unknown,,,missing,,,,,,D:\Research\FrequencyAssignment\SourceCode\MaxSAT\results\processing\DSE\seqcounter\graph07.log
current,maxsat_rc2,dse_seqcounter,on,graph08,timeout,,600.0,runlim_timeout_cap,,,,,600.0,D:\Research\FrequencyAssignment\SourceCode\MaxSAT\results\processing\DSE\seqcounter\graph08.log
current,maxsat_rc2,dse_seqcounter,on,graph09,timeout,,600.0,runlim_timeout_cap,,,,,600.0,D:\Research\FrequencyAssignment\SourceCode\MaxSAT\results\processing\DSE\seqcounter\graph09.log
current,maxsat_rc2,dse_seqcounter,on,graph10,optimal,22,86.77,python_time_taken,86.77,86.77,,python_final_time_taken,,D:\Research\FrequencyAssignment\SourceCode\MaxSAT\results\processing\DSE\seqcounter\graph10.log
current,maxsat_rc2,dse_seqcounter,on,graph11,unknown,,,missing,,,,,,D:\Research\FrequencyAssignment\SourceCode\MaxSAT\results\processing\DSE\seqcounter\graph11.log
current,maxsat_rc2,dse_seqcounter,on,graph12,unknown,,,missing,,,,,,D:\Research\FrequencyAssignment\SourceCode\MaxSAT\results\processing\DSE\seqcounter\graph12.log
current,maxsat_rc2,dse_seqcounter,on,graph13,unknown,,,missing,,,,,,D:\Research\FrequencyAssignment\SourceCode\MaxSAT\results\processing\DSE\seqcounter\graph13.log
current,maxsat_rc2,dse_seqcounter,on,graph14,optimal,8,24.89,python_time_taken,24.89,24.89,,python_final_time_taken,,D:\Research\FrequencyAssignment\SourceCode\MaxSAT\results\processing\DSE\seqcounter\graph14.log
current,maxsat_rc2,dse_seqcounter,on,TUD200.1,optimal,12,9.34,python_time_taken,9.34,9.34,,python_final_time_taken,,D:\Research\FrequencyAssignment\SourceCode\MaxSAT\results\processing\DSE\seqcounter\TUD200.1.log
current,maxsat_rc2,dse_seqcounter,on,TUD200.2,optimal,46,0.06,python_time_taken,0.06,0.06,,python_final_time_taken,,D:\Research\FrequencyAssignment\SourceCode\MaxSAT\results\processing\DSE\seqcounter\TUD200.2.log
current,maxsat_rc2,dse_seqcounter,on,TUD200.3,optimal,14,11.05,python_time_taken,11.05,11.05,,python_final_time_taken,,D:\Research\FrequencyAssignment\SourceCode\MaxSAT\results\processing\DSE\seqcounter\TUD200.3.log
current,maxsat_rc2,dse_seqcounter,on,TUD200.4,optimal,20,0.08,python_time_taken,0.08,0.08,,python_final_time_taken,,D:\Research\FrequencyAssignment\SourceCode\MaxSAT\results\processing\DSE\seqcounter\TUD200.4.log
current,maxsat_rc2,dse_seqcounter,on,TUD200.5,unknown,,,missing,,,,,,D:\Research\FrequencyAssignment\SourceCode\MaxSAT\results\processing\DSE\seqcounter\TUD200.5.log
current,maxsat_rc2,dse_seqcounter,on,TUD916.1,optimal,18,41.9,python_time_taken,41.9,41.9,,python_final_time_taken,,D:\Research\FrequencyAssignment\SourceCode\MaxSAT\results\processing\DSE\seqcounter\TUD916.1.log
current,maxsat_rc2,dse_seqcounter,on,TUD916.2,optimal,48,0.27,python_time_taken,0.27,0.27,,python_final_time_taken,,D:\Research\FrequencyAssignment\SourceCode\MaxSAT\results\processing\DSE\seqcounter\TUD916.2.log
current,maxsat_rc2,dse_seqcounter,on,TUD916.3,optimal,24,41.07,python_time_taken,41.07,41.07,,python_final_time_taken,,D:\Research\FrequencyAssignment\SourceCode\MaxSAT\results\processing\DSE\seqcounter\TUD916.3.log
current,maxsat_rc2,dse_seqcounter,on,TUD916.4,optimal,26,0.48,python_time_taken,0.48,0.48,,python_final_time_taken,,D:\Research\FrequencyAssignment\SourceCode\MaxSAT\results\processing\DSE\seqcounter\TUD916.4.log
current,maxsat_rc2,dse_seqcounter,on,TUD916.5,unknown,,,missing,,,,,,D:\Research\FrequencyAssignment\SourceCode\MaxSAT\results\processing\DSE\seqcounter\TUD916.5.log
current,maxsat_rc2,dse_totalizer,off,scen01,timeout,,600.0,runlim_timeout_cap,,,,,600.0,D:\Research\FrequencyAssignment\SourceCode\MaxSAT\results\no_processing\DSE\totalizer\scen01.log
current,maxsat_rc2,dse_totalizer,off,scen02,timeout,,600.0,runlim_timeout_cap,,,,,600.0,D:\Research\FrequencyAssignment\SourceCode\MaxSAT\results\no_processing\DSE\totalizer\scen02.log
current,maxsat_rc2,dse_totalizer,off,scen03,timeout,,600.0,runlim_timeout_cap,,,,,600.0,D:\Research\FrequencyAssignment\SourceCode\MaxSAT\results\no_processing\DSE\totalizer\scen03.log
current,maxsat_rc2,dse_totalizer,off,scen04,optimal,46,4.25,python_time_taken,4.25,4.25,,python_final_time_taken,,D:\Research\FrequencyAssignment\SourceCode\MaxSAT\results\no_processing\DSE\totalizer\scen04.log
current,maxsat_rc2,dse_totalizer,off,scen05,optimal,40,5.67,python_time_taken,5.67,5.67,,python_final_time_taken,,D:\Research\FrequencyAssignment\SourceCode\MaxSAT\results\no_processing\DSE\totalizer\scen05.log
current,maxsat_rc2,dse_totalizer,off,scen06,infeasible,,1.16,python_time_taken,1.16,1.16,,python_final_time_taken,,D:\Research\FrequencyAssignment\SourceCode\MaxSAT\results\no_processing\DSE\totalizer\scen06.log
current,maxsat_rc2,dse_totalizer,off,scen07,infeasible,,2.52,python_time_taken,2.52,2.52,,python_final_time_taken,,D:\Research\FrequencyAssignment\SourceCode\MaxSAT\results\no_processing\DSE\totalizer\scen07.log
current,maxsat_rc2,dse_totalizer,off,scen08,infeasible,,4.74,python_time_taken,4.74,4.74,,python_final_time_taken,,D:\Research\FrequencyAssignment\SourceCode\MaxSAT\results\no_processing\DSE\totalizer\scen08.log
current,maxsat_rc2,dse_totalizer,off,scen09,infeasible,,0.13,python_time_taken,0.13,0.13,,python_final_time_taken,,D:\Research\FrequencyAssignment\SourceCode\MaxSAT\results\no_processing\DSE\totalizer\scen09.log
current,maxsat_rc2,dse_totalizer,off,scen10,infeasible,,0.13,python_time_taken,0.13,0.13,,python_final_time_taken,,D:\Research\FrequencyAssignment\SourceCode\MaxSAT\results\no_processing\DSE\totalizer\scen10.log
current,maxsat_rc2,dse_totalizer,off,scen11,timeout,,600.0,runlim_timeout_cap,,,,,600.0,D:\Research\FrequencyAssignment\SourceCode\MaxSAT\results\no_processing\DSE\totalizer\scen11.log
current,maxsat_rc2,dse_totalizer,off,graph01,timeout,,600.0,runlim_timeout_cap,,,,,600.0,D:\Research\FrequencyAssignment\SourceCode\MaxSAT\results\no_processing\DSE\totalizer\graph01.log
current,maxsat_rc2,dse_totalizer,off,graph02,timeout,,600.0,runlim_timeout_cap,,,,,600.0,D:\Research\FrequencyAssignment\SourceCode\MaxSAT\results\no_processing\DSE\totalizer\graph02.log
current,maxsat_rc2,dse_totalizer,off,graph03,optimal,20,28.37,python_time_taken,28.37,28.37,,python_final_time_taken,,D:\Research\FrequencyAssignment\SourceCode\MaxSAT\results\no_processing\DSE\totalizer\graph03.log
current,maxsat_rc2,dse_totalizer,off,graph04,optimal,22,54.33,python_time_taken,54.33,54.33,,python_final_time_taken,,D:\Research\FrequencyAssignment\SourceCode\MaxSAT\results\no_processing\DSE\totalizer\graph04.log
current,maxsat_rc2,dse_totalizer,off,graph05,infeasible,,0.77,python_time_taken,0.77,0.77,,python_final_time_taken,,D:\Research\FrequencyAssignment\SourceCode\MaxSAT\results\no_processing\DSE\totalizer\graph05.log
current,maxsat_rc2,dse_totalizer,off,graph06,infeasible,,1.54,python_time_taken,1.54,1.54,,python_final_time_taken,,D:\Research\FrequencyAssignment\SourceCode\MaxSAT\results\no_processing\DSE\totalizer\graph06.log
current,maxsat_rc2,dse_totalizer,off,graph07,unknown,,,missing,,,,,,D:\Research\FrequencyAssignment\SourceCode\MaxSAT\results\no_processing\DSE\totalizer\graph07.log
current,maxsat_rc2,dse_totalizer,off,graph08,timeout,,600.0,runlim_timeout_cap,,,,,600.0,D:\Research\FrequencyAssignment\SourceCode\MaxSAT\results\no_processing\DSE\totalizer\graph08.log
current,maxsat_rc2,dse_totalizer,off,graph09,timeout,,600.0,runlim_timeout_cap,,,,,600.0,D:\Research\FrequencyAssignment\SourceCode\MaxSAT\results\no_processing\DSE\totalizer\graph09.log
current,maxsat_rc2,dse_totalizer,off,graph10,optimal,22,295.23,python_time_taken,295.23,295.23,,python_final_time_taken,,D:\Research\FrequencyAssignment\SourceCode\MaxSAT\results\no_processing\DSE\totalizer\graph10.log
current,maxsat_rc2,dse_totalizer,off,graph11,infeasible,,2.65,python_time_taken,2.65,2.65,,python_final_time_taken,,D:\Research\FrequencyAssignment\SourceCode\MaxSAT\results\no_processing\DSE\totalizer\graph11.log
current,maxsat_rc2,dse_totalizer,off,graph12,infeasible,,0.24,python_time_taken,0.24,0.24,,python_final_time_taken,,D:\Research\FrequencyAssignment\SourceCode\MaxSAT\results\no_processing\DSE\totalizer\graph12.log
current,maxsat_rc2,dse_totalizer,off,graph13,infeasible,,4.01,python_time_taken,4.01,4.01,,python_final_time_taken,,D:\Research\FrequencyAssignment\SourceCode\MaxSAT\results\no_processing\DSE\totalizer\graph13.log
current,maxsat_rc2,dse_totalizer,off,graph14,optimal,8,30.12,python_time_taken,30.12,30.12,,python_final_time_taken,,D:\Research\FrequencyAssignment\SourceCode\MaxSAT\results\no_processing\DSE\totalizer\graph14.log
current,maxsat_rc2,dse_totalizer,off,TUD200.1,optimal,12,28.17,python_time_taken,28.17,28.17,,python_final_time_taken,,D:\Research\FrequencyAssignment\SourceCode\MaxSAT\results\no_processing\DSE\totalizer\TUD200.1.log
current,maxsat_rc2,dse_totalizer,off,TUD200.2,optimal,46,1.78,python_time_taken,1.78,1.78,,python_final_time_taken,,D:\Research\FrequencyAssignment\SourceCode\MaxSAT\results\no_processing\DSE\totalizer\TUD200.2.log
current,maxsat_rc2,dse_totalizer,off,TUD200.3,optimal,14,9.22,python_time_taken,9.22,9.22,,python_final_time_taken,,D:\Research\FrequencyAssignment\SourceCode\MaxSAT\results\no_processing\DSE\totalizer\TUD200.3.log
current,maxsat_rc2,dse_totalizer,off,TUD200.4,optimal,20,1.25,python_time_taken,1.25,1.25,,python_final_time_taken,,D:\Research\FrequencyAssignment\SourceCode\MaxSAT\results\no_processing\DSE\totalizer\TUD200.4.log
current,maxsat_rc2,dse_totalizer,off,TUD200.5,infeasible,,0.83,python_time_taken,0.83,0.83,,python_final_time_taken,,D:\Research\FrequencyAssignment\SourceCode\MaxSAT\results\no_processing\DSE\totalizer\TUD200.5.log
current,maxsat_rc2,dse_totalizer,off,TUD916.1,optimal,18,73.33,python_time_taken,73.33,73.33,,python_final_time_taken,,D:\Research\FrequencyAssignment\SourceCode\MaxSAT\results\no_processing\DSE\totalizer\TUD916.1.log
current,maxsat_rc2,dse_totalizer,off,TUD916.2,optimal,48,19.11,python_time_taken,19.11,19.11,,python_final_time_taken,,D:\Research\FrequencyAssignment\SourceCode\MaxSAT\results\no_processing\DSE\totalizer\TUD916.2.log
current,maxsat_rc2,dse_totalizer,off,TUD916.3,optimal,24,39.01,python_time_taken,39.01,39.01,,python_final_time_taken,,D:\Research\FrequencyAssignment\SourceCode\MaxSAT\results\no_processing\DSE\totalizer\TUD916.3.log
current,maxsat_rc2,dse_totalizer,off,TUD916.4,optimal,26,17.03,python_time_taken,17.03,17.03,,python_final_time_taken,,D:\Research\FrequencyAssignment\SourceCode\MaxSAT\results\no_processing\DSE\totalizer\TUD916.4.log
current,maxsat_rc2,dse_totalizer,off,TUD916.5,infeasible,,3.76,python_time_taken,3.76,3.76,,python_final_time_taken,,D:\Research\FrequencyAssignment\SourceCode\MaxSAT\results\no_processing\DSE\totalizer\TUD916.5.log
current,maxsat_rc2,dse_totalizer,on,scen01,timeout,,600.0,runlim_timeout_cap,,,,,600.0,D:\Research\FrequencyAssignment\SourceCode\MaxSAT\results\processing\DSE\totalizer\scen01.log
current,maxsat_rc2,dse_totalizer,on,scen02,timeout,,600.0,runlim_timeout_cap,,,,,600.0,D:\Research\FrequencyAssignment\SourceCode\MaxSAT\results\processing\DSE\totalizer\scen02.log
current,maxsat_rc2,dse_totalizer,on,scen03,timeout,,600.0,runlim_timeout_cap,,,,,600.0,D:\Research\FrequencyAssignment\SourceCode\MaxSAT\results\processing\DSE\totalizer\scen03.log
current,maxsat_rc2,dse_totalizer,on,scen04,optimal,46,0.12,python_time_taken,0.12,0.12,,python_final_time_taken,,D:\Research\FrequencyAssignment\SourceCode\MaxSAT\results\processing\DSE\totalizer\scen04.log
current,maxsat_rc2,dse_totalizer,on,scen05,optimal,40,0.6,python_time_taken,0.6,0.6,,python_final_time_taken,,D:\Research\FrequencyAssignment\SourceCode\MaxSAT\results\processing\DSE\totalizer\scen05.log
current,maxsat_rc2,dse_totalizer,on,scen06,unknown,,,missing,,,,,,D:\Research\FrequencyAssignment\SourceCode\MaxSAT\results\processing\DSE\totalizer\scen06.log
current,maxsat_rc2,dse_totalizer,on,scen07,unknown,,,missing,,,,,,D:\Research\FrequencyAssignment\SourceCode\MaxSAT\results\processing\DSE\totalizer\scen07.log
current,maxsat_rc2,dse_totalizer,on,scen08,unknown,,,missing,,,,,,D:\Research\FrequencyAssignment\SourceCode\MaxSAT\results\processing\DSE\totalizer\scen08.log
current,maxsat_rc2,dse_totalizer,on,scen09,unknown,,,missing,,,,,,D:\Research\FrequencyAssignment\SourceCode\MaxSAT\results\processing\DSE\totalizer\scen09.log
current,maxsat_rc2,dse_totalizer,on,scen10,unknown,,,missing,,,,,,D:\Research\FrequencyAssignment\SourceCode\MaxSAT\results\processing\DSE\totalizer\scen10.log
current,maxsat_rc2,dse_totalizer,on,scen11,timeout,,600.0,runlim_timeout_cap,,,,,600.0,D:\Research\FrequencyAssignment\SourceCode\MaxSAT\results\processing\DSE\totalizer\scen11.log
current,maxsat_rc2,dse_totalizer,on,graph01,timeout,,600.0,runlim_timeout_cap,,,,,600.0,D:\Research\FrequencyAssignment\SourceCode\MaxSAT\results\processing\DSE\totalizer\graph01.log
current,maxsat_rc2,dse_totalizer,on,graph02,timeout,,600.0,runlim_timeout_cap,,,,,600.0,D:\Research\FrequencyAssignment\SourceCode\MaxSAT\results\processing\DSE\totalizer\graph02.log
current,maxsat_rc2,dse_totalizer,on,graph03,optimal,20,16.29,python_time_taken,16.29,16.29,,python_final_time_taken,,D:\Research\FrequencyAssignment\SourceCode\MaxSAT\results\processing\DSE\totalizer\graph03.log
current,maxsat_rc2,dse_totalizer,on,graph04,optimal,22,26.49,python_time_taken,26.49,26.49,,python_final_time_taken,,D:\Research\FrequencyAssignment\SourceCode\MaxSAT\results\processing\DSE\totalizer\graph04.log
current,maxsat_rc2,dse_totalizer,on,graph05,unknown,,,missing,,,,,,D:\Research\FrequencyAssignment\SourceCode\MaxSAT\results\processing\DSE\totalizer\graph05.log
current,maxsat_rc2,dse_totalizer,on,graph06,unknown,,,missing,,,,,,D:\Research\FrequencyAssignment\SourceCode\MaxSAT\results\processing\DSE\totalizer\graph06.log
current,maxsat_rc2,dse_totalizer,on,graph07,unknown,,,missing,,,,,,D:\Research\FrequencyAssignment\SourceCode\MaxSAT\results\processing\DSE\totalizer\graph07.log
current,maxsat_rc2,dse_totalizer,on,graph08,timeout,,600.0,runlim_timeout_cap,,,,,600.0,D:\Research\FrequencyAssignment\SourceCode\MaxSAT\results\processing\DSE\totalizer\graph08.log
current,maxsat_rc2,dse_totalizer,on,graph09,timeout,,600.0,runlim_timeout_cap,,,,,600.0,D:\Research\FrequencyAssignment\SourceCode\MaxSAT\results\processing\DSE\totalizer\graph09.log
current,maxsat_rc2,dse_totalizer,on,graph10,optimal,22,211.98,python_time_taken,211.98,211.98,,python_final_time_taken,,D:\Research\FrequencyAssignment\SourceCode\MaxSAT\results\processing\DSE\totalizer\graph10.log
current,maxsat_rc2,dse_totalizer,on,graph11,unknown,,,missing,,,,,,D:\Research\FrequencyAssignment\SourceCode\MaxSAT\results\processing\DSE\totalizer\graph11.log
current,maxsat_rc2,dse_totalizer,on,graph12,unknown,,,missing,,,,,,D:\Research\FrequencyAssignment\SourceCode\MaxSAT\results\processing\DSE\totalizer\graph12.log
current,maxsat_rc2,dse_totalizer,on,graph13,unknown,,,missing,,,,,,D:\Research\FrequencyAssignment\SourceCode\MaxSAT\results\processing\DSE\totalizer\graph13.log
current,maxsat_rc2,dse_totalizer,on,graph14,optimal,8,30.12,python_time_taken,30.12,30.12,,python_final_time_taken,,D:\Research\FrequencyAssignment\SourceCode\MaxSAT\results\processing\DSE\totalizer\graph14.log
current,maxsat_rc2,dse_totalizer,on,TUD200.1,optimal,12,39.78,python_time_taken,39.78,39.78,,python_final_time_taken,,D:\Research\FrequencyAssignment\SourceCode\MaxSAT\results\processing\DSE\totalizer\TUD200.1.log
current,maxsat_rc2,dse_totalizer,on,TUD200.2,optimal,46,0.06,python_time_taken,0.06,0.06,,python_final_time_taken,,D:\Research\FrequencyAssignment\SourceCode\MaxSAT\results\processing\DSE\totalizer\TUD200.2.log
current,maxsat_rc2,dse_totalizer,on,TUD200.3,optimal,14,9.59,python_time_taken,9.59,9.59,,python_final_time_taken,,D:\Research\FrequencyAssignment\SourceCode\MaxSAT\results\processing\DSE\totalizer\TUD200.3.log
current,maxsat_rc2,dse_totalizer,on,TUD200.4,optimal,20,0.08,python_time_taken,0.08,0.08,,python_final_time_taken,,D:\Research\FrequencyAssignment\SourceCode\MaxSAT\results\processing\DSE\totalizer\TUD200.4.log
current,maxsat_rc2,dse_totalizer,on,TUD200.5,unknown,,,missing,,,,,,D:\Research\FrequencyAssignment\SourceCode\MaxSAT\results\processing\DSE\totalizer\TUD200.5.log
current,maxsat_rc2,dse_totalizer,on,TUD916.1,optimal,18,50.09,python_time_taken,50.09,50.09,,python_final_time_taken,,D:\Research\FrequencyAssignment\SourceCode\MaxSAT\results\processing\DSE\totalizer\TUD916.1.log
current,maxsat_rc2,dse_totalizer,on,TUD916.2,optimal,48,0.27,python_time_taken,0.27,0.27,,python_final_time_taken,,D:\Research\FrequencyAssignment\SourceCode\MaxSAT\results\processing\DSE\totalizer\TUD916.2.log
current,maxsat_rc2,dse_totalizer,on,TUD916.3,optimal,24,20.23,python_time_taken,20.23,20.23,,python_final_time_taken,,D:\Research\FrequencyAssignment\SourceCode\MaxSAT\results\processing\DSE\totalizer\TUD916.3.log
current,maxsat_rc2,dse_totalizer,on,TUD916.4,optimal,26,0.5,python_time_taken,0.5,0.5,,python_final_time_taken,,D:\Research\FrequencyAssignment\SourceCode\MaxSAT\results\processing\DSE\totalizer\TUD916.4.log
current,maxsat_rc2,dse_totalizer,on,TUD916.5,unknown,,,missing,,,,,,D:\Research\FrequencyAssignment\SourceCode\MaxSAT\results\processing\DSE\totalizer\TUD916.5.log
current,maxsat_rc2,pose,off,scen01,optimal,16,536.4,python_time_taken,536.4,536.4,,python_final_time_taken,,D:\Research\FrequencyAssignment\SourceCode\MaxSAT\results\no_pre_processing\POSE\scen01.log
current,maxsat_rc2,pose,off,scen02,optimal,14,29.21,python_time_taken,29.21,29.21,,python_final_time_taken,,D:\Research\FrequencyAssignment\SourceCode\MaxSAT\results\no_pre_processing\POSE\scen02.log
current,maxsat_rc2,pose,off,scen03,optimal,14,150.05,python_time_taken,150.05,150.05,,python_final_time_taken,,D:\Research\FrequencyAssignment\SourceCode\MaxSAT\results\no_pre_processing\POSE\scen03.log
current,maxsat_rc2,pose,off,scen04,optimal,46,3.36,python_time_taken,3.36,3.36,,python_final_time_taken,,D:\Research\FrequencyAssignment\SourceCode\MaxSAT\results\no_pre_processing\POSE\scen04.log
current,maxsat_rc2,pose,off,scen05,optimal,36,3.52,python_time_taken,3.52,3.52,,python_final_time_taken,,D:\Research\FrequencyAssignment\SourceCode\MaxSAT\results\no_pre_processing\POSE\scen05.log
current,maxsat_rc2,pose,off,scen06,infeasible,,0.17,python_time_taken,0.17,0.17,,python_final_time_taken,,D:\Research\FrequencyAssignment\SourceCode\MaxSAT\results\no_pre_processing\POSE\scen06.log
current,maxsat_rc2,pose,off,scen07,infeasible,,0.33,python_time_taken,0.33,0.33,,python_final_time_taken,,D:\Research\FrequencyAssignment\SourceCode\MaxSAT\results\no_pre_processing\POSE\scen07.log
current,maxsat_rc2,pose,off,scen08,infeasible,,0.71,python_time_taken,0.71,0.71,,python_final_time_taken,,D:\Research\FrequencyAssignment\SourceCode\MaxSAT\results\no_pre_processing\POSE\scen08.log
current,maxsat_rc2,pose,off,scen09,infeasible,,0.05,python_time_taken,0.05,0.05,,python_final_time_taken,,D:\Research\FrequencyAssignment\SourceCode\MaxSAT\results\no_pre_processing\POSE\scen09.log
current,maxsat_rc2,pose,off,scen10,infeasible,,0.05,python_time_taken,0.05,0.05,,python_final_time_taken,,D:\Research\FrequencyAssignment\SourceCode\MaxSAT\results\no_pre_processing\POSE\scen10.log
current,maxsat_rc2,pose,off,scen11,optimal,22,71.15,python_time_taken,71.15,71.15,,python_final_time_taken,,D:\Research\FrequencyAssignment\SourceCode\MaxSAT\results\no_pre_processing\POSE\scen11.log
current,maxsat_rc2,pose,off,graph01,optimal,18,420.99,python_time_taken,420.99,420.99,,python_final_time_taken,,D:\Research\FrequencyAssignment\SourceCode\MaxSAT\results\no_pre_processing\POSE\graph01.log
current,maxsat_rc2,pose,off,graph02,optimal,14,71.61,python_time_taken,71.61,71.61,,python_final_time_taken,,D:\Research\FrequencyAssignment\SourceCode\MaxSAT\results\no_pre_processing\POSE\graph02.log
current,maxsat_rc2,pose,off,graph03,optimal,20,10.59,python_time_taken,10.59,10.59,,python_final_time_taken,,D:\Research\FrequencyAssignment\SourceCode\MaxSAT\results\no_pre_processing\POSE\graph03.log
current,maxsat_rc2,pose,off,graph04,optimal,22,43.16,python_time_taken,43.16,43.16,,python_final_time_taken,,D:\Research\FrequencyAssignment\SourceCode\MaxSAT\results\no_pre_processing\POSE\graph04.log
current,maxsat_rc2,pose,off,graph05,infeasible,,0.12,python_time_taken,0.12,0.12,,python_final_time_taken,,D:\Research\FrequencyAssignment\SourceCode\MaxSAT\results\no_pre_processing\POSE\graph05.log
current,maxsat_rc2,pose,off,graph06,infeasible,,0.25,python_time_taken,0.25,0.25,,python_final_time_taken,,D:\Research\FrequencyAssignment\SourceCode\MaxSAT\results\no_pre_processing\POSE\graph06.log
current,maxsat_rc2,pose,off,graph07,unknown,,,missing,,,,,,D:\Research\FrequencyAssignment\SourceCode\MaxSAT\results\no_pre_processing\POSE\graph07.log
current,maxsat_rc2,pose,off,graph08,optimal,18,187.7,python_time_taken,187.7,187.7,,python_final_time_taken,,D:\Research\FrequencyAssignment\SourceCode\MaxSAT\results\no_pre_processing\POSE\graph08.log
current,maxsat_rc2,pose,off,graph09,optimal,18,345.52,python_time_taken,345.52,345.52,,python_final_time_taken,,D:\Research\FrequencyAssignment\SourceCode\MaxSAT\results\no_pre_processing\POSE\graph09.log
current,maxsat_rc2,pose,off,graph10,optimal,22,59.82,python_time_taken,59.82,59.82,,python_final_time_taken,,D:\Research\FrequencyAssignment\SourceCode\MaxSAT\results\no_pre_processing\POSE\graph10.log
current,maxsat_rc2,pose,off,graph11,infeasible,,0.44,python_time_taken,0.44,0.44,,python_final_time_taken,,D:\Research\FrequencyAssignment\SourceCode\MaxSAT\results\no_pre_processing\POSE\graph11.log
current,maxsat_rc2,pose,off,graph12,infeasible,,0.08,python_time_taken,0.08,0.08,,python_final_time_taken,,D:\Research\FrequencyAssignment\SourceCode\MaxSAT\results\no_pre_processing\POSE\graph12.log
current,maxsat_rc2,pose,off,graph13,infeasible,,0.64,python_time_taken,0.64,0.64,,python_final_time_taken,,D:\Research\FrequencyAssignment\SourceCode\MaxSAT\results\no_pre_processing\POSE\graph13.log
current,maxsat_rc2,pose,off,graph14,optimal,8,19.9,python_time_taken,19.9,19.9,,python_final_time_taken,,D:\Research\FrequencyAssignment\SourceCode\MaxSAT\results\no_pre_processing\POSE\graph14.log
current,maxsat_rc2,pose,off,TUD200.1,optimal,12,3.14,python_time_taken,3.14,3.14,,python_final_time_taken,,D:\Research\FrequencyAssignment\SourceCode\MaxSAT\results\no_pre_processing\POSE\TUD200.1.log
current,maxsat_rc2,pose,off,TUD200.2,optimal,46,0.88,python_time_taken,0.88,0.88,,python_final_time_taken,,D:\Research\FrequencyAssignment\SourceCode\MaxSAT\results\no_pre_processing\POSE\TUD200.2.log
current,maxsat_rc2,pose,off,TUD200.3,optimal,14,1.79,python_time_taken,1.79,1.79,,python_final_time_taken,,D:\Research\FrequencyAssignment\SourceCode\MaxSAT\results\no_pre_processing\POSE\TUD200.3.log
current,maxsat_rc2,pose,off,TUD200.4,optimal,20,0.74,python_time_taken,0.74,0.74,,python_final_time_taken,,D:\Research\FrequencyAssignment\SourceCode\MaxSAT\results\no_pre_processing\POSE\TUD200.4.log
current,maxsat_rc2,pose,off,TUD200.5,infeasible,,0.13,python_time_taken,0.13,0.13,,python_final_time_taken,,D:\Research\FrequencyAssignment\SourceCode\MaxSAT\results\no_pre_processing\POSE\TUD200.5.log
current,maxsat_rc2,pose,off,TUD916.1,optimal,18,23.25,python_time_taken,23.25,23.25,,python_final_time_taken,,D:\Research\FrequencyAssignment\SourceCode\MaxSAT\results\no_pre_processing\POSE\TUD916.1.log
current,maxsat_rc2,pose,off,TUD916.2,optimal,48,15.38,python_time_taken,15.38,15.38,,python_final_time_taken,,D:\Research\FrequencyAssignment\SourceCode\MaxSAT\results\no_pre_processing\POSE\TUD916.2.log
current,maxsat_rc2,pose,off,TUD916.3,optimal,20,23.39,python_time_taken,23.39,23.39,,python_final_time_taken,,D:\Research\FrequencyAssignment\SourceCode\MaxSAT\results\no_pre_processing\POSE\TUD916.3.log
current,maxsat_rc2,pose,off,TUD916.4,optimal,26,13.96,python_time_taken,13.96,13.96,,python_final_time_taken,,D:\Research\FrequencyAssignment\SourceCode\MaxSAT\results\no_pre_processing\POSE\TUD916.4.log
current,maxsat_rc2,pose,off,TUD916.5,infeasible,,0.63,python_time_taken,0.63,0.63,,python_final_time_taken,,D:\Research\FrequencyAssignment\SourceCode\MaxSAT\results\no_pre_processing\POSE\TUD916.5.log
current,maxsat_rc2,pose,on,scen01,optimal,16,517.67,python_time_taken,517.67,517.67,,python_final_time_taken,,D:\Research\FrequencyAssignment\SourceCode\MaxSAT\results\processing\POSE\scen01.log
current,maxsat_rc2,pose,on,scen02,optimal,14,29.95,python_time_taken,29.95,29.95,,python_final_time_taken,,D:\Research\FrequencyAssignment\SourceCode\MaxSAT\results\processing\POSE\scen02.log
current,maxsat_rc2,pose,on,scen03,optimal,14,154.87,python_time_taken,154.87,154.87,,python_final_time_taken,,D:\Research\FrequencyAssignment\SourceCode\MaxSAT\results\processing\POSE\scen03.log
current,maxsat_rc2,pose,on,scen04,optimal,46,0.12,python_time_taken,0.12,0.12,,python_final_time_taken,,D:\Research\FrequencyAssignment\SourceCode\MaxSAT\results\processing\POSE\scen04.log
current,maxsat_rc2,pose,on,scen05,optimal,40,0.5,python_time_taken,0.5,0.5,,python_final_time_taken,,D:\Research\FrequencyAssignment\SourceCode\MaxSAT\results\processing\POSE\scen05.log
current,maxsat_rc2,pose,on,scen06,unknown,,,missing,,,,,,D:\Research\FrequencyAssignment\SourceCode\MaxSAT\results\processing\POSE\scen06.log
current,maxsat_rc2,pose,on,scen07,unknown,,,missing,,,,,,D:\Research\FrequencyAssignment\SourceCode\MaxSAT\results\processing\POSE\scen07.log
current,maxsat_rc2,pose,on,scen08,unknown,,,missing,,,,,,D:\Research\FrequencyAssignment\SourceCode\MaxSAT\results\processing\POSE\scen08.log
current,maxsat_rc2,pose,on,scen09,unknown,,,missing,,,,,,D:\Research\FrequencyAssignment\SourceCode\MaxSAT\results\processing\POSE\scen09.log
current,maxsat_rc2,pose,on,scen10,unknown,,,missing,,,,,,D:\Research\FrequencyAssignment\SourceCode\MaxSAT\results\processing\POSE\scen10.log
current,maxsat_rc2,pose,on,scen11,optimal,22,73.85,python_time_taken,73.85,73.85,,python_final_time_taken,,D:\Research\FrequencyAssignment\SourceCode\MaxSAT\results\processing\POSE\scen11.log
current,maxsat_rc2,pose,on,graph01,optimal,18,431.42,python_time_taken,431.42,431.42,,python_final_time_taken,,D:\Research\FrequencyAssignment\SourceCode\MaxSAT\results\processing\POSE\graph01.log
current,maxsat_rc2,pose,on,graph02,optimal,14,73.68,python_time_taken,73.68,73.68,,python_final_time_taken,,D:\Research\FrequencyAssignment\SourceCode\MaxSAT\results\processing\POSE\graph02.log
current,maxsat_rc2,pose,on,graph03,optimal,20,8.93,python_time_taken,8.93,8.93,,python_final_time_taken,,D:\Research\FrequencyAssignment\SourceCode\MaxSAT\results\processing\POSE\graph03.log
current,maxsat_rc2,pose,on,graph04,optimal,22,28.31,python_time_taken,28.31,28.31,,python_final_time_taken,,D:\Research\FrequencyAssignment\SourceCode\MaxSAT\results\processing\POSE\graph04.log
current,maxsat_rc2,pose,on,graph05,unknown,,,missing,,,,,,D:\Research\FrequencyAssignment\SourceCode\MaxSAT\results\processing\POSE\graph05.log
current,maxsat_rc2,pose,on,graph06,unknown,,,missing,,,,,,D:\Research\FrequencyAssignment\SourceCode\MaxSAT\results\processing\POSE\graph06.log
current,maxsat_rc2,pose,on,graph07,unknown,,,missing,,,,,,D:\Research\FrequencyAssignment\SourceCode\MaxSAT\results\processing\POSE\graph07.log
current,maxsat_rc2,pose,on,graph08,optimal,18,193.93,python_time_taken,193.93,193.93,,python_final_time_taken,,D:\Research\FrequencyAssignment\SourceCode\MaxSAT\results\processing\POSE\graph08.log
current,maxsat_rc2,pose,on,graph09,optimal,18,340.59,python_time_taken,340.59,340.59,,python_final_time_taken,,D:\Research\FrequencyAssignment\SourceCode\MaxSAT\results\processing\POSE\graph09.log
current,maxsat_rc2,pose,on,graph10,optimal,22,183.74,python_time_taken,183.74,183.74,,python_final_time_taken,,D:\Research\FrequencyAssignment\SourceCode\MaxSAT\results\processing\POSE\graph10.log
current,maxsat_rc2,pose,on,graph11,unknown,,,missing,,,,,,D:\Research\FrequencyAssignment\SourceCode\MaxSAT\results\processing\POSE\graph11.log
current,maxsat_rc2,pose,on,graph12,unknown,,,missing,,,,,,D:\Research\FrequencyAssignment\SourceCode\MaxSAT\results\processing\POSE\graph12.log
current,maxsat_rc2,pose,on,graph13,unknown,,,missing,,,,,,D:\Research\FrequencyAssignment\SourceCode\MaxSAT\results\processing\POSE\graph13.log
current,maxsat_rc2,pose,on,graph14,optimal,8,20.12,python_time_taken,20.12,20.12,,python_final_time_taken,,D:\Research\FrequencyAssignment\SourceCode\MaxSAT\results\processing\POSE\graph14.log
current,maxsat_rc2,pose,on,TUD200.1,optimal,12,3.99,python_time_taken,3.99,3.99,,python_final_time_taken,,D:\Research\FrequencyAssignment\SourceCode\MaxSAT\results\processing\POSE\TUD200.1.log
current,maxsat_rc2,pose,on,TUD200.2,optimal,46,0.06,python_time_taken,0.06,0.06,,python_final_time_taken,,D:\Research\FrequencyAssignment\SourceCode\MaxSAT\results\processing\POSE\TUD200.2.log
current,maxsat_rc2,pose,on,TUD200.3,optimal,14,1.91,python_time_taken,1.91,1.91,,python_final_time_taken,,D:\Research\FrequencyAssignment\SourceCode\MaxSAT\results\processing\POSE\TUD200.3.log
current,maxsat_rc2,pose,on,TUD200.4,optimal,20,0.08,python_time_taken,0.08,0.08,,python_final_time_taken,,D:\Research\FrequencyAssignment\SourceCode\MaxSAT\results\processing\POSE\TUD200.4.log
current,maxsat_rc2,pose,on,TUD200.5,unknown,,,missing,,,,,,D:\Research\FrequencyAssignment\SourceCode\MaxSAT\results\processing\POSE\TUD200.5.log
current,maxsat_rc2,pose,on,TUD916.1,optimal,18,18.78,python_time_taken,18.78,18.78,,python_final_time_taken,,D:\Research\FrequencyAssignment\SourceCode\MaxSAT\results\processing\POSE\TUD916.1.log
current,maxsat_rc2,pose,on,TUD916.2,optimal,48,0.27,python_time_taken,0.27,0.27,,python_final_time_taken,,D:\Research\FrequencyAssignment\SourceCode\MaxSAT\results\processing\POSE\TUD916.2.log
current,maxsat_rc2,pose,on,TUD916.3,optimal,24,22.79,python_time_taken,22.79,22.79,,python_final_time_taken,,D:\Research\FrequencyAssignment\SourceCode\MaxSAT\results\processing\POSE\TUD916.3.log
current,maxsat_rc2,pose,on,TUD916.4,optimal,26,0.49,python_time_taken,0.49,0.49,,python_final_time_taken,,D:\Research\FrequencyAssignment\SourceCode\MaxSAT\results\processing\POSE\TUD916.4.log
current,maxsat_rc2,pose,on,TUD916.5,unknown,,,missing,,,,,,D:\Research\FrequencyAssignment\SourceCode\MaxSAT\results\processing\POSE\TUD916.5.log
legacy_result,CPX_CP,cp,off,scen01,TO,19,600.0,legacy_timeout_cap,,,,,600.0,D:\Research\FrequencyAssignment\SourceCode\Result\no_pre_processing\CPLEX\CP\results\scen01.log
legacy_result,CPX_CP,cp,off,scen02,TO,14,600.0,legacy_timeout_cap,,,,,600.0,D:\Research\FrequencyAssignment\SourceCode\Result\no_pre_processing\CPLEX\CP\results\scen02.log
legacy_result,CPX_CP,cp,off,scen03,TO,14,600.0,legacy_timeout_cap,,,,,600.0,D:\Research\FrequencyAssignment\SourceCode\Result\no_pre_processing\CPLEX\CP\results\scen03.log
legacy_result,CPX_CP,cp,off,scen04,OPT,46,,legacy_last_total_or_time_taken,,,,,,D:\Research\FrequencyAssignment\SourceCode\Result\no_pre_processing\CPLEX\CP\results\scen04.log
legacy_result,CPX_CP,cp,off,scen05,TO,40,600.0,legacy_timeout_cap,,,,,600.0,D:\Research\FrequencyAssignment\SourceCode\Result\no_pre_processing\CPLEX\CP\results\scen05.log
legacy_result,CPX_CP,cp,off,scen06,INF,-,,legacy_last_total_or_time_taken,,,,,,D:\Research\FrequencyAssignment\SourceCode\Result\no_pre_processing\CPLEX\CP\results\scen06.log
legacy_result,CPX_CP,cp,off,scen07,MO,-,,legacy_last_total_or_time_taken,,,,,,D:\Research\FrequencyAssignment\SourceCode\Result\no_pre_processing\CPLEX\CP\results\scen07.log
legacy_result,CPX_CP,cp,off,scen08,MO,-,,legacy_last_total_or_time_taken,,,,,,D:\Research\FrequencyAssignment\SourceCode\Result\no_pre_processing\CPLEX\CP\results\scen08.log
legacy_result,CPX_CP,cp,off,scen09,INF,-,,legacy_last_total_or_time_taken,,,,,,D:\Research\FrequencyAssignment\SourceCode\Result\no_pre_processing\CPLEX\CP\results\scen09.log
legacy_result,CPX_CP,cp,off,scen10,INF,-,,legacy_last_total_or_time_taken,,,,,,D:\Research\FrequencyAssignment\SourceCode\Result\no_pre_processing\CPLEX\CP\results\scen10.log
legacy_result,CPX_CP,cp,off,scen11,TO,-,600.0,legacy_timeout_cap,,,,,600.0,D:\Research\FrequencyAssignment\SourceCode\Result\no_pre_processing\CPLEX\CP\results\scen11.log
legacy_result,CPX_CP,cp,off,graph01,TO,18,600.0,legacy_timeout_cap,,,,,600.0,D:\Research\FrequencyAssignment\SourceCode\Result\no_pre_processing\CPLEX\CP\results\graph01.log
legacy_result,CPX_CP,cp,off,graph02,TO,14,600.0,legacy_timeout_cap,,,,,600.0,D:\Research\FrequencyAssignment\SourceCode\Result\no_pre_processing\CPLEX\CP\results\graph02.log
legacy_result,CPX_CP,cp,off,graph03,TO,20,600.0,legacy_timeout_cap,,,,,600.0,D:\Research\FrequencyAssignment\SourceCode\Result\no_pre_processing\CPLEX\CP\results\graph03.log
legacy_result,CPX_CP,cp,off,graph04,TO,-,600.0,legacy_timeout_cap,,,,,600.0,D:\Research\FrequencyAssignment\SourceCode\Result\no_pre_processing\CPLEX\CP\results\graph04.log
legacy_result,CPX_CP,cp,off,graph05,INF,-,,legacy_last_total_or_time_taken,,,,,,D:\Research\FrequencyAssignment\SourceCode\Result\no_pre_processing\CPLEX\CP\results\graph05.log
legacy_result,CPX_CP,cp,off,graph06,INF,-,,legacy_last_total_or_time_taken,,,,,,D:\Research\FrequencyAssignment\SourceCode\Result\no_pre_processing\CPLEX\CP\results\graph06.log
legacy_result,CPX_CP,cp,off,graph07,INF,-,,legacy_last_total_or_time_taken,,,,,,D:\Research\FrequencyAssignment\SourceCode\Result\no_pre_processing\CPLEX\CP\results\graph07.log
legacy_result,CPX_CP,cp,off,graph08,TO,18,600.0,legacy_timeout_cap,,,,,600.0,D:\Research\FrequencyAssignment\SourceCode\Result\no_pre_processing\CPLEX\CP\results\graph08.log
legacy_result,CPX_CP,cp,off,graph09,TO,35,600.0,legacy_timeout_cap,,,,,600.0,D:\Research\FrequencyAssignment\SourceCode\Result\no_pre_processing\CPLEX\CP\results\graph09.log
legacy_result,CPX_CP,cp,off,graph10,TO,-,600.0,legacy_timeout_cap,,,,,600.0,D:\Research\FrequencyAssignment\SourceCode\Result\no_pre_processing\CPLEX\CP\results\graph10.log
legacy_result,CPX_CP,cp,off,graph11,MO,-,,legacy_last_total_or_time_taken,,,,,,D:\Research\FrequencyAssignment\SourceCode\Result\no_pre_processing\CPLEX\CP\results\graph11.log
legacy_result,CPX_CP,cp,off,graph12,INF,-,,legacy_last_total_or_time_taken,,,,,,D:\Research\FrequencyAssignment\SourceCode\Result\no_pre_processing\CPLEX\CP\results\graph12.log
legacy_result,CPX_CP,cp,off,graph13,MO,-,,legacy_last_total_or_time_taken,,,,,,D:\Research\FrequencyAssignment\SourceCode\Result\no_pre_processing\CPLEX\CP\results\graph13.log
legacy_result,CPX_CP,cp,off,graph14,TO,12,600.0,legacy_timeout_cap,,,,,600.0,D:\Research\FrequencyAssignment\SourceCode\Result\no_pre_processing\CPLEX\CP\results\graph14.log
legacy_result,CPX_CP,cp,off,TUD200.1,TO,12,600.0,legacy_timeout_cap,,,,,600.0,D:\Research\FrequencyAssignment\SourceCode\Result\no_pre_processing\CPLEX\CP\results\TUD200.1.log
legacy_result,CPX_CP,cp,off,TUD200.2,OPT,46,,legacy_last_total_or_time_taken,,,,,,D:\Research\FrequencyAssignment\SourceCode\Result\no_pre_processing\CPLEX\CP\results\TUD200.2.log
legacy_result,CPX_CP,cp,off,TUD200.3,TO,14,600.0,legacy_timeout_cap,,,,,600.0,D:\Research\FrequencyAssignment\SourceCode\Result\no_pre_processing\CPLEX\CP\results\TUD200.3.log
legacy_result,CPX_CP,cp,off,TUD200.4,OPT,20,,legacy_last_total_or_time_taken,,,,,,D:\Research\FrequencyAssignment\SourceCode\Result\no_pre_processing\CPLEX\CP\results\TUD200.4.log
legacy_result,CPX_CP,cp,off,TUD200.5,INF,-,,legacy_last_total_or_time_taken,,,,,,D:\Research\FrequencyAssignment\SourceCode\Result\no_pre_processing\CPLEX\CP\results\TUD200.5.log
legacy_result,CPX_CP,cp,off,TUD916.1,TO,-,600.0,legacy_timeout_cap,,,,,600.0,D:\Research\FrequencyAssignment\SourceCode\Result\no_pre_processing\CPLEX\CP\results\TUD916.1.log
legacy_result,CPX_CP,cp,off,TUD916.2,MO,-,,legacy_last_total_or_time_taken,,,,,,D:\Research\FrequencyAssignment\SourceCode\Result\no_pre_processing\CPLEX\CP\results\TUD916.2.log
legacy_result,CPX_CP,cp,off,TUD916.3,TO,-,600.0,legacy_timeout_cap,,,,,600.0,D:\Research\FrequencyAssignment\SourceCode\Result\no_pre_processing\CPLEX\CP\results\TUD916.3.log
legacy_result,CPX_CP,cp,off,TUD916.4,MO,-,,legacy_last_total_or_time_taken,,,,,,D:\Research\FrequencyAssignment\SourceCode\Result\no_pre_processing\CPLEX\CP\results\TUD916.4.log
legacy_result,CPX_CP,cp,off,TUD916.5,MO,-,,legacy_last_total_or_time_taken,,,,,,D:\Research\FrequencyAssignment\SourceCode\Result\no_pre_processing\CPLEX\CP\results\TUD916.5.log
legacy_result,CPX_CP,cp,on,scen01,TO,19,600.0,legacy_timeout_cap,,,,,600.0,D:\Research\FrequencyAssignment\SourceCode\Result\pre_processing\CPLEX\CP\results\scen01.log
legacy_result,CPX_CP,cp,on,scen02,TO,14,600.0,legacy_timeout_cap,,,,,600.0,D:\Research\FrequencyAssignment\SourceCode\Result\pre_processing\CPLEX\CP\results\scen02.log
legacy_result,CPX_CP,cp,on,scen03,TO,14,600.0,legacy_timeout_cap,,,,,600.0,D:\Research\FrequencyAssignment\SourceCode\Result\pre_processing\CPLEX\CP\results\scen03.log
legacy_result,CPX_CP,cp,on,scen04,OPT,46,,legacy_last_total_or_time_taken,,,,,,D:\Research\FrequencyAssignment\SourceCode\Result\pre_processing\CPLEX\CP\results\scen04.log
legacy_result,CPX_CP,cp,on,scen05,OPT,40,,legacy_last_total_or_time_taken,,,,,,D:\Research\FrequencyAssignment\SourceCode\Result\pre_processing\CPLEX\CP\results\scen05.log
legacy_result,CPX_CP,cp,on,scen06,INF,-,,legacy_last_total_or_time_taken,,,,,,D:\Research\FrequencyAssignment\SourceCode\Result\pre_processing\CPLEX\CP\results\scen06.log
legacy_result,CPX_CP,cp,on,scen07,INF,-,,legacy_last_total_or_time_taken,,,,,,D:\Research\FrequencyAssignment\SourceCode\Result\pre_processing\CPLEX\CP\results\scen07.log
legacy_result,CPX_CP,cp,on,scen08,INF,-,,legacy_last_total_or_time_taken,,,,,,D:\Research\FrequencyAssignment\SourceCode\Result\pre_processing\CPLEX\CP\results\scen08.log
legacy_result,CPX_CP,cp,on,scen09,INF,-,,legacy_last_total_or_time_taken,,,,,,D:\Research\FrequencyAssignment\SourceCode\Result\pre_processing\CPLEX\CP\results\scen09.log
legacy_result,CPX_CP,cp,on,scen10,INF,-,,legacy_last_total_or_time_taken,,,,,,D:\Research\FrequencyAssignment\SourceCode\Result\pre_processing\CPLEX\CP\results\scen10.log
legacy_result,CPX_CP,cp,on,scen11,TO,-,600.0,legacy_timeout_cap,,,,,600.0,D:\Research\FrequencyAssignment\SourceCode\Result\pre_processing\CPLEX\CP\results\scen11.log
legacy_result,CPX_CP,cp,on,graph01,TO,18,600.0,legacy_timeout_cap,,,,,600.0,D:\Research\FrequencyAssignment\SourceCode\Result\pre_processing\CPLEX\CP\results\graph01.log
legacy_result,CPX_CP,cp,on,graph02,TO,14,600.0,legacy_timeout_cap,,,,,600.0,D:\Research\FrequencyAssignment\SourceCode\Result\pre_processing\CPLEX\CP\results\graph02.log
legacy_result,CPX_CP,cp,on,graph03,TO,20,600.0,legacy_timeout_cap,,,,,600.0,D:\Research\FrequencyAssignment\SourceCode\Result\pre_processing\CPLEX\CP\results\graph03.log
legacy_result,CPX_CP,cp,on,graph04,TO,-,600.0,legacy_timeout_cap,,,,,600.0,D:\Research\FrequencyAssignment\SourceCode\Result\pre_processing\CPLEX\CP\results\graph04.log
legacy_result,CPX_CP,cp,on,graph05,INF,-,,legacy_last_total_or_time_taken,,,,,,D:\Research\FrequencyAssignment\SourceCode\Result\pre_processing\CPLEX\CP\results\graph05.log
legacy_result,CPX_CP,cp,on,graph06,INF,-,,legacy_last_total_or_time_taken,,,,,,D:\Research\FrequencyAssignment\SourceCode\Result\pre_processing\CPLEX\CP\results\graph06.log
legacy_result,CPX_CP,cp,on,graph07,INF,-,,legacy_last_total_or_time_taken,,,,,,D:\Research\FrequencyAssignment\SourceCode\Result\pre_processing\CPLEX\CP\results\graph07.log
legacy_result,CPX_CP,cp,on,graph08,TO,18,600.0,legacy_timeout_cap,,,,,600.0,D:\Research\FrequencyAssignment\SourceCode\Result\pre_processing\CPLEX\CP\results\graph08.log
legacy_result,CPX_CP,cp,on,graph09,TO,34,600.0,legacy_timeout_cap,,,,,600.0,D:\Research\FrequencyAssignment\SourceCode\Result\pre_processing\CPLEX\CP\results\graph09.log
legacy_result,CPX_CP,cp,on,graph10,MO,-,,legacy_last_total_or_time_taken,,,,,,D:\Research\FrequencyAssignment\SourceCode\Result\pre_processing\CPLEX\CP\results\graph10.log
legacy_result,CPX_CP,cp,on,graph11,INF,-,,legacy_last_total_or_time_taken,,,,,,D:\Research\FrequencyAssignment\SourceCode\Result\pre_processing\CPLEX\CP\results\graph11.log
legacy_result,CPX_CP,cp,on,graph12,INF,-,,legacy_last_total_or_time_taken,,,,,,D:\Research\FrequencyAssignment\SourceCode\Result\pre_processing\CPLEX\CP\results\graph12.log
legacy_result,CPX_CP,cp,on,graph13,INF,-,,legacy_last_total_or_time_taken,,,,,,D:\Research\FrequencyAssignment\SourceCode\Result\pre_processing\CPLEX\CP\results\graph13.log
legacy_result,CPX_CP,cp,on,graph14,TO,12,600.0,legacy_timeout_cap,,,,,600.0,D:\Research\FrequencyAssignment\SourceCode\Result\pre_processing\CPLEX\CP\results\graph14.log
legacy_result,CPX_CP,cp,on,TUD200.1,TO,12,600.0,legacy_timeout_cap,,,,,600.0,D:\Research\FrequencyAssignment\SourceCode\Result\pre_processing\CPLEX\CP\results\TUD200.1.log
legacy_result,CPX_CP,cp,on,TUD200.2,OPT,46,,legacy_last_total_or_time_taken,,,,,,D:\Research\FrequencyAssignment\SourceCode\Result\pre_processing\CPLEX\CP\results\TUD200.2.log
legacy_result,CPX_CP,cp,on,TUD200.3,TO,14,600.0,legacy_timeout_cap,,,,,600.0,D:\Research\FrequencyAssignment\SourceCode\Result\pre_processing\CPLEX\CP\results\TUD200.3.log
legacy_result,CPX_CP,cp,on,TUD200.4,OPT,20,,legacy_last_total_or_time_taken,,,,,,D:\Research\FrequencyAssignment\SourceCode\Result\pre_processing\CPLEX\CP\results\TUD200.4.log
legacy_result,CPX_CP,cp,on,TUD200.5,INF,-,,legacy_last_total_or_time_taken,,,,,,D:\Research\FrequencyAssignment\SourceCode\Result\pre_processing\CPLEX\CP\results\TUD200.5.log
legacy_result,CPX_CP,cp,on,TUD916.1,TO,-,600.0,legacy_timeout_cap,,,,,600.0,D:\Research\FrequencyAssignment\SourceCode\Result\pre_processing\CPLEX\CP\results\TUD916.1.log
legacy_result,CPX_CP,cp,on,TUD916.2,OPT,48,,legacy_last_total_or_time_taken,,,,,,D:\Research\FrequencyAssignment\SourceCode\Result\pre_processing\CPLEX\CP\results\TUD916.2.log
legacy_result,CPX_CP,cp,on,TUD916.3,TO,-,600.0,legacy_timeout_cap,,,,,600.0,D:\Research\FrequencyAssignment\SourceCode\Result\pre_processing\CPLEX\CP\results\TUD916.3.log
legacy_result,CPX_CP,cp,on,TUD916.4,OPT,26,,legacy_last_total_or_time_taken,,,,,,D:\Research\FrequencyAssignment\SourceCode\Result\pre_processing\CPLEX\CP\results\TUD916.4.log
legacy_result,CPX_CP,cp,on,TUD916.5,INF,-,,legacy_last_total_or_time_taken,,,,,,D:\Research\FrequencyAssignment\SourceCode\Result\pre_processing\CPLEX\CP\results\TUD916.5.log
legacy_result,CPX_MP,mip,off,scen01,TO,24,600.0,legacy_timeout_cap,,,423.94,legacy_last_time_line,600.0,D:\Research\FrequencyAssignment\SourceCode\Result\no_pre_processing\CPLEX\MIP\results\scen01.log
legacy_result,CPX_MP,mip,off,scen02,OPT,14,22.12,legacy_last_total_or_time_taken,22.12,,22.12,legacy_last_time_line,,D:\Research\FrequencyAssignment\SourceCode\Result\no_pre_processing\CPLEX\MIP\results\scen02.log
legacy_result,CPX_MP,mip,off,scen03,TO,14,600.0,legacy_timeout_cap,,,554.76,legacy_last_time_line,600.0,D:\Research\FrequencyAssignment\SourceCode\Result\no_pre_processing\CPLEX\MIP\results\scen03.log
legacy_result,CPX_MP,mip,off,scen04,OPT,46,,legacy_last_total_or_time_taken,,,,,,D:\Research\FrequencyAssignment\SourceCode\Result\no_pre_processing\CPLEX\MIP\results\scen04.log
legacy_result,CPX_MP,mip,off,scen05,TO,-,600.0,legacy_timeout_cap,,,,,600.0,D:\Research\FrequencyAssignment\SourceCode\Result\no_pre_processing\CPLEX\MIP\results\scen05.log
legacy_result,CPX_MP,mip,off,scen06,INF,-,,legacy_last_total_or_time_taken,,,,,,D:\Research\FrequencyAssignment\SourceCode\Result\no_pre_processing\CPLEX\MIP\results\scen06.log
legacy_result,CPX_MP,mip,off,scen07,TO,-,600.0,legacy_timeout_cap,,,,,600.0,D:\Research\FrequencyAssignment\SourceCode\Result\no_pre_processing\CPLEX\MIP\results\scen07.log
legacy_result,CPX_MP,mip,off,scen08,TO,-,600.0,legacy_timeout_cap,,,,,600.0,D:\Research\FrequencyAssignment\SourceCode\Result\no_pre_processing\CPLEX\MIP\results\scen08.log
legacy_result,CPX_MP,mip,off,scen09,INF,-,,legacy_last_total_or_time_taken,,,,,,D:\Research\FrequencyAssignment\SourceCode\Result\no_pre_processing\CPLEX\MIP\results\scen09.log
legacy_result,CPX_MP,mip,off,scen10,INF,-,,legacy_last_total_or_time_taken,,,,,,D:\Research\FrequencyAssignment\SourceCode\Result\no_pre_processing\CPLEX\MIP\results\scen10.log
legacy_result,CPX_MP,mip,off,scen11,OPT,22,464.47,legacy_last_total_or_time_taken,464.47,,464.47,legacy_last_time_line,,D:\Research\FrequencyAssignment\SourceCode\Result\no_pre_processing\CPLEX\MIP\results\scen11.log
legacy_result,CPX_MP,mip,off,graph01,OPT,18,7.49,legacy_last_total_or_time_taken,7.49,,7.49,legacy_last_time_line,,D:\Research\FrequencyAssignment\SourceCode\Result\no_pre_processing\CPLEX\MIP\results\graph01.log
legacy_result,CPX_MP,mip,off,graph02,OPT,14,36.71,legacy_last_total_or_time_taken,36.71,,36.71,legacy_last_time_line,,D:\Research\FrequencyAssignment\SourceCode\Result\no_pre_processing\CPLEX\MIP\results\graph02.log
legacy_result,CPX_MP,mip,off,graph03,TO,42,600.0,legacy_timeout_cap,,,540.4,legacy_last_time_line,600.0,D:\Research\FrequencyAssignment\SourceCode\Result\no_pre_processing\CPLEX\MIP\results\graph03.log
legacy_result,CPX_MP,mip,off,graph04,TO,32,600.0,legacy_timeout_cap,,,371.92,legacy_last_time_line,600.0,D:\Research\FrequencyAssignment\SourceCode\Result\no_pre_processing\CPLEX\MIP\results\graph04.log
legacy_result,CPX_MP,mip,off,graph05,INF,-,,legacy_last_total_or_time_taken,,,,,,D:\Research\FrequencyAssignment\SourceCode\Result\no_pre_processing\CPLEX\MIP\results\graph05.log
legacy_result,CPX_MP,mip,off,graph06,INF,-,,legacy_last_total_or_time_taken,,,,,,D:\Research\FrequencyAssignment\SourceCode\Result\no_pre_processing\CPLEX\MIP\results\graph06.log
legacy_result,CPX_MP,mip,off,graph07,INF,-,,legacy_last_total_or_time_taken,,,,,,D:\Research\FrequencyAssignment\SourceCode\Result\no_pre_processing\CPLEX\MIP\results\graph07.log
legacy_result,CPX_MP,mip,off,graph08,TO,28,600.0,legacy_timeout_cap,,,160.21,legacy_last_time_line,600.0,D:\Research\FrequencyAssignment\SourceCode\Result\no_pre_processing\CPLEX\MIP\results\graph08.log
legacy_result,CPX_MP,mip,off,graph09,TO,26,600.0,legacy_timeout_cap,,,350.79,legacy_last_time_line,600.0,D:\Research\FrequencyAssignment\SourceCode\Result\no_pre_processing\CPLEX\MIP\results\graph09.log
legacy_result,CPX_MP,mip,off,graph10,TO,-,600.0,legacy_timeout_cap,,,,,600.0,D:\Research\FrequencyAssignment\SourceCode\Result\no_pre_processing\CPLEX\MIP\results\graph10.log
legacy_result,CPX_MP,mip,off,graph11,TO,-,600.0,legacy_timeout_cap,,,,,600.0,D:\Research\FrequencyAssignment\SourceCode\Result\no_pre_processing\CPLEX\MIP\results\graph11.log
legacy_result,CPX_MP,mip,off,graph12,INF,-,,legacy_last_total_or_time_taken,,,,,,D:\Research\FrequencyAssignment\SourceCode\Result\no_pre_processing\CPLEX\MIP\results\graph12.log
legacy_result,CPX_MP,mip,off,graph13,TO,-,600.0,legacy_timeout_cap,,,,,600.0,D:\Research\FrequencyAssignment\SourceCode\Result\no_pre_processing\CPLEX\MIP\results\graph13.log
legacy_result,CPX_MP,mip,off,graph14,TO,14,600.0,legacy_timeout_cap,,,222.26,legacy_last_time_line,600.0,D:\Research\FrequencyAssignment\SourceCode\Result\no_pre_processing\CPLEX\MIP\results\graph14.log
legacy_result,CPX_MP,mip,off,TUD200.1,OPT,12,22.82,legacy_last_total_or_time_taken,22.82,,22.82,legacy_last_time_line,,D:\Research\FrequencyAssignment\SourceCode\Result\no_pre_processing\CPLEX\MIP\results\TUD200.1.log
legacy_result,CPX_MP,mip,off,TUD200.2,OPT,46,,legacy_last_total_or_time_taken,,,,,,D:\Research\FrequencyAssignment\SourceCode\Result\no_pre_processing\CPLEX\MIP\results\TUD200.2.log
legacy_result,CPX_MP,mip,off,TUD200.3,OPT,14,25.42,legacy_last_total_or_time_taken,25.42,,25.42,legacy_last_time_line,,D:\Research\FrequencyAssignment\SourceCode\Result\no_pre_processing\CPLEX\MIP\results\TUD200.3.log
legacy_result,CPX_MP,mip,off,TUD200.4,OPT,20,,legacy_last_total_or_time_taken,,,,,,D:\Research\FrequencyAssignment\SourceCode\Result\no_pre_processing\CPLEX\MIP\results\TUD200.4.log
legacy_result,CPX_MP,mip,off,TUD200.5,INF,-,,legacy_last_total_or_time_taken,,,,,,D:\Research\FrequencyAssignment\SourceCode\Result\no_pre_processing\CPLEX\MIP\results\TUD200.5.log
legacy_result,CPX_MP,mip,off,TUD916.1,TO,44,600.0,legacy_timeout_cap,,,490.98,legacy_last_time_line,600.0,D:\Research\FrequencyAssignment\SourceCode\Result\no_pre_processing\CPLEX\MIP\results\TUD916.1.log
legacy_result,CPX_MP,mip,off,TUD916.2,TO,-,600.0,legacy_timeout_cap,,,,,600.0,D:\Research\FrequencyAssignment\SourceCode\Result\no_pre_processing\CPLEX\MIP\results\TUD916.2.log
legacy_result,CPX_MP,mip,off,TUD916.3,TO,44,600.0,legacy_timeout_cap,,,559.23,legacy_last_time_line,600.0,D:\Research\FrequencyAssignment\SourceCode\Result\no_pre_processing\CPLEX\MIP\results\TUD916.3.log
legacy_result,CPX_MP,mip,off,TUD916.4,TO,-,600.0,legacy_timeout_cap,,,,,600.0,D:\Research\FrequencyAssignment\SourceCode\Result\no_pre_processing\CPLEX\MIP\results\TUD916.4.log
legacy_result,CPX_MP,mip,off,TUD916.5,TO,-,600.0,legacy_timeout_cap,,,,,600.0,D:\Research\FrequencyAssignment\SourceCode\Result\no_pre_processing\CPLEX\MIP\results\TUD916.5.log
legacy_result,CPX_MP,mip,on,scen01,TO,24,600.0,legacy_timeout_cap,,,415.45,legacy_last_time_line,600.0,D:\Research\FrequencyAssignment\SourceCode\Result\pre_processing\CPLEX\MIP\result\scen01.log
legacy_result,CPX_MP,mip,on,scen02,OPT,14,22.23,legacy_last_total_or_time_taken,22.23,,22.23,legacy_last_time_line,,D:\Research\FrequencyAssignment\SourceCode\Result\pre_processing\CPLEX\MIP\result\scen02.log
legacy_result,CPX_MP,mip,on,scen03,TO,14,600.0,legacy_timeout_cap,,,544.95,legacy_last_time_line,600.0,D:\Research\FrequencyAssignment\SourceCode\Result\pre_processing\CPLEX\MIP\result\scen03.log
legacy_result,CPX_MP,mip,on,scen04,OPT,46,,legacy_last_total_or_time_taken,,,,,,D:\Research\FrequencyAssignment\SourceCode\Result\pre_processing\CPLEX\MIP\result\scen04.log
legacy_result,CPX_MP,mip,on,scen05,OPT,40,,legacy_last_total_or_time_taken,,,,,,D:\Research\FrequencyAssignment\SourceCode\Result\pre_processing\CPLEX\MIP\result\scen05.log
legacy_result,CPX_MP,mip,on,scen06,INF,-,,legacy_last_total_or_time_taken,,,,,,D:\Research\FrequencyAssignment\SourceCode\Result\pre_processing\CPLEX\MIP\result\scen06.log
legacy_result,CPX_MP,mip,on,scen07,INF,-,,legacy_last_total_or_time_taken,,,,,,D:\Research\FrequencyAssignment\SourceCode\Result\pre_processing\CPLEX\MIP\result\scen07.log
legacy_result,CPX_MP,mip,on,scen08,TO,-,600.0,legacy_timeout_cap,,,,,600.0,D:\Research\FrequencyAssignment\SourceCode\Result\pre_processing\CPLEX\MIP\result\scen08.log
legacy_result,CPX_MP,mip,on,scen09,INF,-,,legacy_last_total_or_time_taken,,,,,,D:\Research\FrequencyAssignment\SourceCode\Result\pre_processing\CPLEX\MIP\result\scen09.log
legacy_result,CPX_MP,mip,on,scen10,INF,-,,legacy_last_total_or_time_taken,,,,,,D:\Research\FrequencyAssignment\SourceCode\Result\pre_processing\CPLEX\MIP\result\scen10.log
legacy_result,CPX_MP,mip,on,scen11,OPT,22,462.37,legacy_last_total_or_time_taken,462.37,,462.37,legacy_last_time_line,,D:\Research\FrequencyAssignment\SourceCode\Result\pre_processing\CPLEX\MIP\result\scen11.log
legacy_result,CPX_MP,mip,on,graph01,OPT,18,7.56,legacy_last_total_or_time_taken,7.56,,7.56,legacy_last_time_line,,D:\Research\FrequencyAssignment\SourceCode\Result\pre_processing\CPLEX\MIP\result\graph01.log
legacy_result,CPX_MP,mip,on,graph02,OPT,14,36.34,legacy_last_total_or_time_taken,36.34,,36.34,legacy_last_time_line,,D:\Research\FrequencyAssignment\SourceCode\Result\pre_processing\CPLEX\MIP\result\graph02.log
legacy_result,CPX_MP,mip,on,graph03,TO,38,600.0,legacy_timeout_cap,,,562.17,legacy_last_time_line,600.0,D:\Research\FrequencyAssignment\SourceCode\Result\pre_processing\CPLEX\MIP\result\graph03.log
legacy_result,CPX_MP,mip,on,graph04,TO,42,600.0,legacy_timeout_cap,,,343.73,legacy_last_time_line,600.0,D:\Research\FrequencyAssignment\SourceCode\Result\pre_processing\CPLEX\MIP\result\graph04.log
legacy_result,CPX_MP,mip,on,graph05,INF,-,,legacy_last_total_or_time_taken,,,,,,D:\Research\FrequencyAssignment\SourceCode\Result\pre_processing\CPLEX\MIP\result\graph05.log
legacy_result,CPX_MP,mip,on,graph06,INF,-,,legacy_last_total_or_time_taken,,,,,,D:\Research\FrequencyAssignment\SourceCode\Result\pre_processing\CPLEX\MIP\result\graph06.log
legacy_result,CPX_MP,mip,on,graph07,INF,-,,legacy_last_total_or_time_taken,,,,,,D:\Research\FrequencyAssignment\SourceCode\Result\pre_processing\CPLEX\MIP\result\graph07.log
legacy_result,CPX_MP,mip,on,graph08,TO,28,600.0,legacy_timeout_cap,,,595.21,legacy_last_time_line,600.0,D:\Research\FrequencyAssignment\SourceCode\Result\pre_processing\CPLEX\MIP\result\graph08.log
legacy_result,CPX_MP,mip,on,graph09,TO,26,600.0,legacy_timeout_cap,,,345.95,legacy_last_time_line,600.0,D:\Research\FrequencyAssignment\SourceCode\Result\pre_processing\CPLEX\MIP\result\graph09.log
legacy_result,CPX_MP,mip,on,graph10,TO,-,600.0,legacy_timeout_cap,,,,,600.0,D:\Research\FrequencyAssignment\SourceCode\Result\pre_processing\CPLEX\MIP\result\graph10.log
legacy_result,CPX_MP,mip,on,graph11,INF,-,,legacy_last_total_or_time_taken,,,,,,D:\Research\FrequencyAssignment\SourceCode\Result\pre_processing\CPLEX\MIP\result\graph11.log
legacy_result,CPX_MP,mip,on,graph12,INF,-,,legacy_last_total_or_time_taken,,,,,,D:\Research\FrequencyAssignment\SourceCode\Result\pre_processing\CPLEX\MIP\result\graph12.log
legacy_result,CPX_MP,mip,on,graph13,INF,-,,legacy_last_total_or_time_taken,,,,,,D:\Research\FrequencyAssignment\SourceCode\Result\pre_processing\CPLEX\MIP\result\graph13.log
legacy_result,CPX_MP,mip,on,graph14,TO,14,600.0,legacy_timeout_cap,,,220.74,legacy_last_time_line,600.0,D:\Research\FrequencyAssignment\SourceCode\Result\pre_processing\CPLEX\MIP\result\graph14.log
legacy_result,CPX_MP,mip,on,TUD200.1,OPT,12,95.78,legacy_last_total_or_time_taken,95.78,,95.78,legacy_last_time_line,,D:\Research\FrequencyAssignment\SourceCode\Result\pre_processing\CPLEX\MIP\result\TUD200.1.log
legacy_result,CPX_MP,mip,on,TUD200.2,OPT,46,,legacy_last_total_or_time_taken,,,,,,D:\Research\FrequencyAssignment\SourceCode\Result\pre_processing\CPLEX\MIP\result\TUD200.2.log
legacy_result,CPX_MP,mip,on,TUD200.3,OPT,14,37.15,legacy_last_total_or_time_taken,37.15,,37.15,legacy_last_time_line,,D:\Research\FrequencyAssignment\SourceCode\Result\pre_processing\CPLEX\MIP\result\TUD200.3.log
legacy_result,CPX_MP,mip,on,TUD200.4,OPT,20,,legacy_last_total_or_time_taken,,,,,,D:\Research\FrequencyAssignment\SourceCode\Result\pre_processing\CPLEX\MIP\result\TUD200.4.log
legacy_result,CPX_MP,mip,on,TUD200.5,INF,-,,legacy_last_total_or_time_taken,,,,,,D:\Research\FrequencyAssignment\SourceCode\Result\pre_processing\CPLEX\MIP\result\TUD200.5.log
legacy_result,CPX_MP,mip,on,TUD916.1,TO,44,600.0,legacy_timeout_cap,,,455.06,legacy_last_time_line,600.0,D:\Research\FrequencyAssignment\SourceCode\Result\pre_processing\CPLEX\MIP\result\TUD916.1.log
legacy_result,CPX_MP,mip,on,TUD916.2,OPT,48,,legacy_last_total_or_time_taken,,,,,,D:\Research\FrequencyAssignment\SourceCode\Result\pre_processing\CPLEX\MIP\result\TUD916.2.log
legacy_result,CPX_MP,mip,on,TUD916.3,TO,42,600.0,legacy_timeout_cap,,,513.14,legacy_last_time_line,600.0,D:\Research\FrequencyAssignment\SourceCode\Result\pre_processing\CPLEX\MIP\result\TUD916.3.log
legacy_result,CPX_MP,mip,on,TUD916.4,OPT,26,,legacy_last_total_or_time_taken,,,,,,D:\Research\FrequencyAssignment\SourceCode\Result\pre_processing\CPLEX\MIP\result\TUD916.4.log
legacy_result,CPX_MP,mip,on,TUD916.5,INF,-,,legacy_last_total_or_time_taken,,,,,,D:\Research\FrequencyAssignment\SourceCode\Result\pre_processing\CPLEX\MIP\result\TUD916.5.log
legacy_result,DSE_INCSC,nsc_assumptions,off,scen01,TO,16,600.0,legacy_timeout_cap,,,1.36,legacy_last_time_line,600.0,D:\Research\FrequencyAssignment\SourceCode\Result\no_pre_processing\SAT\Pairwise\nsc_assumptions\scen01.log
legacy_result,DSE_INCSC,nsc_assumptions,off,scen02,TO,14,600.0,legacy_timeout_cap,,,0.33,legacy_last_time_line,600.0,D:\Research\FrequencyAssignment\SourceCode\Result\no_pre_processing\SAT\Pairwise\nsc_assumptions\scen02.log
legacy_result,DSE_INCSC,nsc_assumptions,off,scen03,TO,14,600.0,legacy_timeout_cap,,,0.67,legacy_last_time_line,600.0,D:\Research\FrequencyAssignment\SourceCode\Result\no_pre_processing\SAT\Pairwise\nsc_assumptions\scen03.log
legacy_result,DSE_INCSC,nsc_assumptions,off,scen04,OPT,46,0.7,legacy_last_total_or_time_taken,0.7,,0.7,legacy_last_time_line,,D:\Research\FrequencyAssignment\SourceCode\Result\no_pre_processing\SAT\Pairwise\nsc_assumptions\scen04.log
legacy_result,DSE_INCSC,nsc_assumptions,off,scen05,OPT,40,1.42,legacy_last_total_or_time_taken,1.42,,1.42,legacy_last_time_line,,D:\Research\FrequencyAssignment\SourceCode\Result\no_pre_processing\SAT\Pairwise\nsc_assumptions\scen05.log
legacy_result,DSE_INCSC,nsc_assumptions,off,scen06,INF,-,0.68,legacy_last_total_or_time_taken,0.68,0.68,,legacy_last_time_line,,D:\Research\FrequencyAssignment\SourceCode\Result\no_pre_processing\SAT\Pairwise\nsc_assumptions\scen06.log
legacy_result,DSE_INCSC,nsc_assumptions,off,scen07,INF,-,1.43,legacy_last_total_or_time_taken,1.43,1.43,,legacy_last_time_line,,D:\Research\FrequencyAssignment\SourceCode\Result\no_pre_processing\SAT\Pairwise\nsc_assumptions\scen07.log
legacy_result,DSE_INCSC,nsc_assumptions,off,scen08,INF,-,2.88,legacy_last_total_or_time_taken,2.88,2.88,,legacy_last_time_line,,D:\Research\FrequencyAssignment\SourceCode\Result\no_pre_processing\SAT\Pairwise\nsc_assumptions\scen08.log
legacy_result,DSE_INCSC,nsc_assumptions,off,scen09,INF,-,0.11,legacy_last_total_or_time_taken,0.11,0.11,,legacy_last_time_line,,D:\Research\FrequencyAssignment\SourceCode\Result\no_pre_processing\SAT\Pairwise\nsc_assumptions\scen09.log
legacy_result,DSE_INCSC,nsc_assumptions,off,scen10,INF,-,0.11,legacy_last_total_or_time_taken,0.11,0.11,,legacy_last_time_line,,D:\Research\FrequencyAssignment\SourceCode\Result\no_pre_processing\SAT\Pairwise\nsc_assumptions\scen10.log
legacy_result,DSE_INCSC,nsc_assumptions,off,scen11,TO,22,600.0,legacy_timeout_cap,,,1.46,legacy_last_time_line,600.0,D:\Research\FrequencyAssignment\SourceCode\Result\no_pre_processing\SAT\Pairwise\nsc_assumptions\scen11.log
legacy_result,DSE_INCSC,nsc_assumptions,off,graph01,TO,18,600.0,legacy_timeout_cap,,,0.21,legacy_last_time_line,600.0,D:\Research\FrequencyAssignment\SourceCode\Result\no_pre_processing\SAT\Pairwise\nsc_assumptions\graph01.log
legacy_result,DSE_INCSC,nsc_assumptions,off,graph02,TO,14,600.0,legacy_timeout_cap,,,0.47,legacy_last_time_line,600.0,D:\Research\FrequencyAssignment\SourceCode\Result\no_pre_processing\SAT\Pairwise\nsc_assumptions\graph02.log
legacy_result,DSE_INCSC,nsc_assumptions,off,graph03,OPT,20,8.41,legacy_last_total_or_time_taken,8.41,,8.41,legacy_last_time_line,,D:\Research\FrequencyAssignment\SourceCode\Result\no_pre_processing\SAT\Pairwise\nsc_assumptions\graph03.log
legacy_result,DSE_INCSC,nsc_assumptions,off,graph04,OPT,22,21.08,legacy_last_total_or_time_taken,21.08,,21.08,legacy_last_time_line,,D:\Research\FrequencyAssignment\SourceCode\Result\no_pre_processing\SAT\Pairwise\nsc_assumptions\graph04.log
legacy_result,DSE_INCSC,nsc_assumptions,off,graph05,INF,-,0.47,legacy_last_total_or_time_taken,0.47,0.47,,legacy_last_time_line,,D:\Research\FrequencyAssignment\SourceCode\Result\no_pre_processing\SAT\Pairwise\nsc_assumptions\graph05.log
legacy_result,DSE_INCSC,nsc_assumptions,off,graph06,INF,-,0.96,legacy_last_total_or_time_taken,0.96,0.96,,legacy_last_time_line,,D:\Research\FrequencyAssignment\SourceCode\Result\no_pre_processing\SAT\Pairwise\nsc_assumptions\graph06.log
legacy_result,DSE_INCSC,nsc_assumptions,off,graph07,INF,-,0.1,legacy_last_total_or_time_taken,0.1,0.1,,legacy_last_time_line,,D:\Research\FrequencyAssignment\SourceCode\Result\no_pre_processing\SAT\Pairwise\nsc_assumptions\graph07.log
legacy_result,DSE_INCSC,nsc_assumptions,off,graph08,TO,18,600.0,legacy_timeout_cap,,,0.91,legacy_last_time_line,600.0,D:\Research\FrequencyAssignment\SourceCode\Result\no_pre_processing\SAT\Pairwise\nsc_assumptions\graph08.log
legacy_result,DSE_INCSC,nsc_assumptions,off,graph09,TO,18,600.0,legacy_timeout_cap,,,1.56,legacy_last_time_line,600.0,D:\Research\FrequencyAssignment\SourceCode\Result\no_pre_processing\SAT\Pairwise\nsc_assumptions\graph09.log
legacy_result,DSE_INCSC,nsc_assumptions,off,graph10,OPT,22,281.26,legacy_last_total_or_time_taken,281.26,,281.26,legacy_last_time_line,,D:\Research\FrequencyAssignment\SourceCode\Result\no_pre_processing\SAT\Pairwise\nsc_assumptions\graph10.log
legacy_result,DSE_INCSC,nsc_assumptions,off,graph11,INF,-,1.64,legacy_last_total_or_time_taken,1.64,1.64,,legacy_last_time_line,,D:\Research\FrequencyAssignment\SourceCode\Result\no_pre_processing\SAT\Pairwise\nsc_assumptions\graph11.log
legacy_result,DSE_INCSC,nsc_assumptions,off,graph12,INF,-,0.2,legacy_last_total_or_time_taken,0.2,0.2,,legacy_last_time_line,,D:\Research\FrequencyAssignment\SourceCode\Result\no_pre_processing\SAT\Pairwise\nsc_assumptions\graph12.log
legacy_result,DSE_INCSC,nsc_assumptions,off,graph13,INF,-,2.5,legacy_last_total_or_time_taken,2.5,2.5,,legacy_last_time_line,,D:\Research\FrequencyAssignment\SourceCode\Result\no_pre_processing\SAT\Pairwise\nsc_assumptions\graph13.log
legacy_result,DSE_INCSC,nsc_assumptions,off,graph14,OPT,8,13.18,legacy_last_total_or_time_taken,13.18,,13.18,legacy_last_time_line,,D:\Research\FrequencyAssignment\SourceCode\Result\no_pre_processing\SAT\Pairwise\nsc_assumptions\graph14.log
legacy_result,DSE_INCSC,nsc_assumptions,off,TUD200.1,OPT,12,50.45,legacy_last_total_or_time_taken,50.45,,50.45,legacy_last_time_line,,D:\Research\FrequencyAssignment\SourceCode\Result\no_pre_processing\SAT\Pairwise\nsc_assumptions\TUD200.1.log
legacy_result,DSE_INCSC,nsc_assumptions,off,TUD200.2,OPT,46,0.58,legacy_last_total_or_time_taken,0.58,,0.58,legacy_last_time_line,,D:\Research\FrequencyAssignment\SourceCode\Result\no_pre_processing\SAT\Pairwise\nsc_assumptions\TUD200.2.log
legacy_result,DSE_INCSC,nsc_assumptions,off,TUD200.3,OPT,14,1.46,legacy_last_total_or_time_taken,1.46,,1.46,legacy_last_time_line,,D:\Research\FrequencyAssignment\SourceCode\Result\no_pre_processing\SAT\Pairwise\nsc_assumptions\TUD200.3.log
legacy_result,DSE_INCSC,nsc_assumptions,off,TUD200.4,OPT,20,0.42,legacy_last_total_or_time_taken,0.42,,0.42,legacy_last_time_line,,D:\Research\FrequencyAssignment\SourceCode\Result\no_pre_processing\SAT\Pairwise\nsc_assumptions\TUD200.4.log
legacy_result,DSE_INCSC,nsc_assumptions,off,TUD200.5,INF,-,0.51,legacy_last_total_or_time_taken,0.51,0.51,,legacy_last_time_line,,D:\Research\FrequencyAssignment\SourceCode\Result\no_pre_processing\SAT\Pairwise\nsc_assumptions\TUD200.5.log
legacy_result,DSE_INCSC,nsc_assumptions,off,TUD916.1,OPT,18,11.25,legacy_last_total_or_time_taken,11.25,,11.25,legacy_last_time_line,,D:\Research\FrequencyAssignment\SourceCode\Result\no_pre_processing\SAT\Pairwise\nsc_assumptions\TUD916.1.log
legacy_result,DSE_INCSC,nsc_assumptions,off,TUD916.2,OPT,48,2.49,legacy_last_total_or_time_taken,2.49,,2.49,legacy_last_time_line,,D:\Research\FrequencyAssignment\SourceCode\Result\no_pre_processing\SAT\Pairwise\nsc_assumptions\TUD916.2.log
legacy_result,DSE_INCSC,nsc_assumptions,off,TUD916.3,OPT,24,2.95,legacy_last_total_or_time_taken,2.95,,2.95,legacy_last_time_line,,D:\Research\FrequencyAssignment\SourceCode\Result\no_pre_processing\SAT\Pairwise\nsc_assumptions\TUD916.3.log
legacy_result,DSE_INCSC,nsc_assumptions,off,TUD916.4,OPT,26,2.21,legacy_last_total_or_time_taken,2.21,,2.21,legacy_last_time_line,,D:\Research\FrequencyAssignment\SourceCode\Result\no_pre_processing\SAT\Pairwise\nsc_assumptions\TUD916.4.log
legacy_result,DSE_INCSC,nsc_assumptions,off,TUD916.5,INF,-,2.3,legacy_last_total_or_time_taken,2.3,2.3,,legacy_last_time_line,,D:\Research\FrequencyAssignment\SourceCode\Result\no_pre_processing\SAT\Pairwise\nsc_assumptions\TUD916.5.log
legacy_result,DSE_INCSC,nsc_assumptions,on,scen01,TO,16,600.0,legacy_timeout_cap,,,1.58,legacy_last_time_line,600.0,D:\Research\FrequencyAssignment\SourceCode\Result\pre_processing\SAT\Pairwise\nsc_assumptions\scen01.log
legacy_result,DSE_INCSC,nsc_assumptions,on,scen02,TO,14,600.0,legacy_timeout_cap,,,0.43,legacy_last_time_line,600.0,D:\Research\FrequencyAssignment\SourceCode\Result\pre_processing\SAT\Pairwise\nsc_assumptions\scen02.log
legacy_result,DSE_INCSC,nsc_assumptions,on,scen03,TO,14,600.0,legacy_timeout_cap,,,0.83,legacy_last_time_line,600.0,D:\Research\FrequencyAssignment\SourceCode\Result\pre_processing\SAT\Pairwise\nsc_assumptions\scen03.log
legacy_result,DSE_INCSC,nsc_assumptions,on,scen04,OPT,46,0.11,legacy_last_total_or_time_taken,0.11,,0.11,legacy_last_time_line,,D:\Research\FrequencyAssignment\SourceCode\Result\pre_processing\SAT\Pairwise\nsc_assumptions\scen04.log
legacy_result,DSE_INCSC,nsc_assumptions,on,scen05,OPT,40,0.54,legacy_last_total_or_time_taken,0.54,,0.54,legacy_last_time_line,,D:\Research\FrequencyAssignment\SourceCode\Result\pre_processing\SAT\Pairwise\nsc_assumptions\scen05.log
legacy_result,DSE_INCSC,nsc_assumptions,on,scen06,INF,-,0.39,legacy_last_total_or_time_taken,0.39,0.39,,legacy_last_time_line,,D:\Research\FrequencyAssignment\SourceCode\Result\pre_processing\SAT\Pairwise\nsc_assumptions\scen06.log
legacy_result,DSE_INCSC,nsc_assumptions,on,scen07,INF,-,0.6,legacy_last_total_or_time_taken,0.6,0.6,,legacy_last_time_line,,D:\Research\FrequencyAssignment\SourceCode\Result\pre_processing\SAT\Pairwise\nsc_assumptions\scen07.log
legacy_result,DSE_INCSC,nsc_assumptions,on,scen08,INF,-,1.37,legacy_last_total_or_time_taken,1.37,1.37,,legacy_last_time_line,,D:\Research\FrequencyAssignment\SourceCode\Result\pre_processing\SAT\Pairwise\nsc_assumptions\scen08.log
legacy_result,DSE_INCSC,nsc_assumptions,on,scen09,INF,-,0.01,legacy_last_total_or_time_taken,0.01,0.01,,legacy_last_time_line,,D:\Research\FrequencyAssignment\SourceCode\Result\pre_processing\SAT\Pairwise\nsc_assumptions\scen09.log
legacy_result,DSE_INCSC,nsc_assumptions,on,scen10,INF,-,0.01,legacy_last_total_or_time_taken,0.01,0.01,,legacy_last_time_line,,D:\Research\FrequencyAssignment\SourceCode\Result\pre_processing\SAT\Pairwise\nsc_assumptions\scen10.log
legacy_result,DSE_INCSC,nsc_assumptions,on,scen11,TO,22,600.0,legacy_timeout_cap,,,1.59,legacy_last_time_line,600.0,D:\Research\FrequencyAssignment\SourceCode\Result\pre_processing\SAT\Pairwise\nsc_assumptions\scen11.log
legacy_result,DSE_INCSC,nsc_assumptions,on,graph01,TO,18,600.0,legacy_timeout_cap,,,0.29,legacy_last_time_line,600.0,D:\Research\FrequencyAssignment\SourceCode\Result\pre_processing\SAT\Pairwise\nsc_assumptions\graph01.log
legacy_result,DSE_INCSC,nsc_assumptions,on,graph02,TO,14,600.0,legacy_timeout_cap,,,0.6,legacy_last_time_line,600.0,D:\Research\FrequencyAssignment\SourceCode\Result\pre_processing\SAT\Pairwise\nsc_assumptions\graph02.log
legacy_result,DSE_INCSC,nsc_assumptions,on,graph03,OPT,20,7.25,legacy_last_total_or_time_taken,7.25,,7.25,legacy_last_time_line,,D:\Research\FrequencyAssignment\SourceCode\Result\pre_processing\SAT\Pairwise\nsc_assumptions\graph03.log
legacy_result,DSE_INCSC,nsc_assumptions,on,graph04,OPT,22,23.07,legacy_last_total_or_time_taken,23.07,,23.07,legacy_last_time_line,,D:\Research\FrequencyAssignment\SourceCode\Result\pre_processing\SAT\Pairwise\nsc_assumptions\graph04.log
legacy_result,DSE_INCSC,nsc_assumptions,on,graph05,INF,-,0.05,legacy_last_total_or_time_taken,0.05,0.05,,legacy_last_time_line,,D:\Research\FrequencyAssignment\SourceCode\Result\pre_processing\SAT\Pairwise\nsc_assumptions\graph05.log
legacy_result,DSE_INCSC,nsc_assumptions,on,graph06,INF,-,0.43,legacy_last_total_or_time_taken,0.43,0.43,,legacy_last_time_line,,D:\Research\FrequencyAssignment\SourceCode\Result\pre_processing\SAT\Pairwise\nsc_assumptions\graph06.log
legacy_result,DSE_INCSC,nsc_assumptions,on,graph07,INF,-,0.01,legacy_last_total_or_time_taken,0.01,0.01,,legacy_last_time_line,,D:\Research\FrequencyAssignment\SourceCode\Result\pre_processing\SAT\Pairwise\nsc_assumptions\graph07.log
legacy_result,DSE_INCSC,nsc_assumptions,on,graph08,TO,18,600.0,legacy_timeout_cap,,,1.11,legacy_last_time_line,600.0,D:\Research\FrequencyAssignment\SourceCode\Result\pre_processing\SAT\Pairwise\nsc_assumptions\graph08.log
legacy_result,DSE_INCSC,nsc_assumptions,on,graph09,TO,18,600.0,legacy_timeout_cap,,,1.81,legacy_last_time_line,600.0,D:\Research\FrequencyAssignment\SourceCode\Result\pre_processing\SAT\Pairwise\nsc_assumptions\graph09.log
legacy_result,DSE_INCSC,nsc_assumptions,on,graph10,OPT,22,248.49,legacy_last_total_or_time_taken,248.49,,248.49,legacy_last_time_line,,D:\Research\FrequencyAssignment\SourceCode\Result\pre_processing\SAT\Pairwise\nsc_assumptions\graph10.log
legacy_result,DSE_INCSC,nsc_assumptions,on,graph11,INF,-,0.89,legacy_last_total_or_time_taken,0.89,0.89,,legacy_last_time_line,,D:\Research\FrequencyAssignment\SourceCode\Result\pre_processing\SAT\Pairwise\nsc_assumptions\graph11.log
legacy_result,DSE_INCSC,nsc_assumptions,on,graph12,INF,-,0.01,legacy_last_total_or_time_taken,0.01,0.01,,legacy_last_time_line,,D:\Research\FrequencyAssignment\SourceCode\Result\pre_processing\SAT\Pairwise\nsc_assumptions\graph12.log
legacy_result,DSE_INCSC,nsc_assumptions,on,graph13,INF,-,1.22,legacy_last_total_or_time_taken,1.22,1.22,,legacy_last_time_line,,D:\Research\FrequencyAssignment\SourceCode\Result\pre_processing\SAT\Pairwise\nsc_assumptions\graph13.log
legacy_result,DSE_INCSC,nsc_assumptions,on,graph14,OPT,8,13.35,legacy_last_total_or_time_taken,13.35,,13.35,legacy_last_time_line,,D:\Research\FrequencyAssignment\SourceCode\Result\pre_processing\SAT\Pairwise\nsc_assumptions\graph14.log
legacy_result,DSE_INCSC,nsc_assumptions,on,TUD200.1,OPT,12,67.88,legacy_last_total_or_time_taken,67.88,,67.88,legacy_last_time_line,,D:\Research\FrequencyAssignment\SourceCode\Result\pre_processing\SAT\Pairwise\nsc_assumptions\TUD200.1.log
legacy_result,DSE_INCSC,nsc_assumptions,on,TUD200.2,OPT,46,0.19,legacy_last_total_or_time_taken,0.19,,0.19,legacy_last_time_line,,D:\Research\FrequencyAssignment\SourceCode\Result\pre_processing\SAT\Pairwise\nsc_assumptions\TUD200.2.log
legacy_result,DSE_INCSC,nsc_assumptions,on,TUD200.3,OPT,14,1.95,legacy_last_total_or_time_taken,1.95,,1.95,legacy_last_time_line,,D:\Research\FrequencyAssignment\SourceCode\Result\pre_processing\SAT\Pairwise\nsc_assumptions\TUD200.3.log
legacy_result,DSE_INCSC,nsc_assumptions,on,TUD200.4,OPT,20,0.17,legacy_last_total_or_time_taken,0.17,,0.17,legacy_last_time_line,,D:\Research\FrequencyAssignment\SourceCode\Result\pre_processing\SAT\Pairwise\nsc_assumptions\TUD200.4.log
legacy_result,DSE_INCSC,nsc_assumptions,on,TUD200.5,INF,-,0.25,legacy_last_total_or_time_taken,0.25,0.25,,legacy_last_time_line,,D:\Research\FrequencyAssignment\SourceCode\Result\pre_processing\SAT\Pairwise\nsc_assumptions\TUD200.5.log
legacy_result,DSE_INCSC,nsc_assumptions,on,TUD916.1,OPT,18,17.0,legacy_last_total_or_time_taken,17.0,,17.0,legacy_last_time_line,,D:\Research\FrequencyAssignment\SourceCode\Result\pre_processing\SAT\Pairwise\nsc_assumptions\TUD916.1.log
legacy_result,DSE_INCSC,nsc_assumptions,on,TUD916.2,OPT,48,0.68,legacy_last_total_or_time_taken,0.68,,0.68,legacy_last_time_line,,D:\Research\FrequencyAssignment\SourceCode\Result\pre_processing\SAT\Pairwise\nsc_assumptions\TUD916.2.log
legacy_result,DSE_INCSC,nsc_assumptions,on,TUD916.3,OPT,24,2.65,legacy_last_total_or_time_taken,2.65,,2.65,legacy_last_time_line,,D:\Research\FrequencyAssignment\SourceCode\Result\pre_processing\SAT\Pairwise\nsc_assumptions\TUD916.3.log
legacy_result,DSE_INCSC,nsc_assumptions,on,TUD916.4,OPT,26,0.92,legacy_last_total_or_time_taken,0.92,,0.92,legacy_last_time_line,,D:\Research\FrequencyAssignment\SourceCode\Result\pre_processing\SAT\Pairwise\nsc_assumptions\TUD916.4.log
legacy_result,DSE_INCSC,nsc_assumptions,on,TUD916.5,INF,-,0.21,legacy_last_total_or_time_taken,0.21,0.21,,legacy_last_time_line,,D:\Research\FrequencyAssignment\SourceCode\Result\pre_processing\SAT\Pairwise\nsc_assumptions\TUD916.5.log
legacy_result,GUR,gurobi,off,scen01,TO,16,600.0,legacy_timeout_cap,,,43.91,legacy_last_time_line,600.0,D:\Research\FrequencyAssignment\SourceCode\Result\no_pre_processing\Gurobi\results\scen01.log
legacy_result,GUR,gurobi,off,scen02,OPT,14,2.82,legacy_last_total_or_time_taken,2.82,,2.82,legacy_last_time_line,,D:\Research\FrequencyAssignment\SourceCode\Result\no_pre_processing\Gurobi\results\scen02.log
legacy_result,GUR,gurobi,off,scen03,TO,14,600.0,legacy_timeout_cap,,,94.9,legacy_last_time_line,600.0,D:\Research\FrequencyAssignment\SourceCode\Result\no_pre_processing\Gurobi\results\scen03.log
legacy_result,GUR,gurobi,off,scen04,OPT,46,5.48,legacy_last_total_or_time_taken,5.48,,5.48,legacy_last_time_line,,D:\Research\FrequencyAssignment\SourceCode\Result\no_pre_processing\Gurobi\results\scen04.log
legacy_result,GUR,gurobi,off,scen05,OPT,40,13.48,legacy_last_total_or_time_taken,13.48,,13.48,legacy_last_time_line,,D:\Research\FrequencyAssignment\SourceCode\Result\no_pre_processing\Gurobi\results\scen05.log
legacy_result,GUR,gurobi,off,scen06,INF,-,6.89,legacy_last_total_or_time_taken,6.89,,6.89,legacy_last_time_line,,D:\Research\FrequencyAssignment\SourceCode\Result\no_pre_processing\Gurobi\results\scen06.log
legacy_result,GUR,gurobi,off,scen07,INF,-,14.21,legacy_last_total_or_time_taken,14.21,,14.21,legacy_last_time_line,,D:\Research\FrequencyAssignment\SourceCode\Result\no_pre_processing\Gurobi\results\scen07.log
legacy_result,GUR,gurobi,off,scen08,INF,-,26.73,legacy_last_total_or_time_taken,26.73,,26.73,legacy_last_time_line,,D:\Research\FrequencyAssignment\SourceCode\Result\no_pre_processing\Gurobi\results\scen08.log
legacy_result,GUR,gurobi,off,scen09,INF,-,0.62,legacy_last_total_or_time_taken,0.62,,0.62,legacy_last_time_line,,D:\Research\FrequencyAssignment\SourceCode\Result\no_pre_processing\Gurobi\results\scen09.log
legacy_result,GUR,gurobi,off,scen10,INF,-,0.59,legacy_last_total_or_time_taken,0.59,,0.59,legacy_last_time_line,,D:\Research\FrequencyAssignment\SourceCode\Result\no_pre_processing\Gurobi\results\scen10.log
legacy_result,GUR,gurobi,off,scen11,OPT,22,72.52,legacy_last_total_or_time_taken,72.52,,72.52,legacy_last_time_line,,D:\Research\FrequencyAssignment\SourceCode\Result\no_pre_processing\Gurobi\results\scen11.log
legacy_result,GUR,gurobi,off,graph01,OPT,18,1.86,legacy_last_total_or_time_taken,1.86,,1.86,legacy_last_time_line,,D:\Research\FrequencyAssignment\SourceCode\Result\no_pre_processing\Gurobi\results\graph01.log
legacy_result,GUR,gurobi,off,graph02,OPT,14,5.29,legacy_last_total_or_time_taken,5.29,,5.29,legacy_last_time_line,,D:\Research\FrequencyAssignment\SourceCode\Result\no_pre_processing\Gurobi\results\graph02.log
legacy_result,GUR,gurobi,off,graph03,TO,22,600.0,legacy_timeout_cap,,,62.36,legacy_last_time_line,600.0,D:\Research\FrequencyAssignment\SourceCode\Result\no_pre_processing\Gurobi\results\graph03.log
legacy_result,GUR,gurobi,off,graph04,TO,32,600.0,legacy_timeout_cap,,,223.79,legacy_last_time_line,600.0,D:\Research\FrequencyAssignment\SourceCode\Result\no_pre_processing\Gurobi\results\graph04.log
legacy_result,GUR,gurobi,off,graph05,INF,-,4.39,legacy_last_total_or_time_taken,4.39,,4.39,legacy_last_time_line,,D:\Research\FrequencyAssignment\SourceCode\Result\no_pre_processing\Gurobi\results\graph05.log
legacy_result,GUR,gurobi,off,graph06,INF,-,8.86,legacy_last_total_or_time_taken,8.86,,8.86,legacy_last_time_line,,D:\Research\FrequencyAssignment\SourceCode\Result\no_pre_processing\Gurobi\results\graph06.log
legacy_result,GUR,gurobi,off,graph07,INF,-,0.59,legacy_last_total_or_time_taken,0.59,,0.59,legacy_last_time_line,,D:\Research\FrequencyAssignment\SourceCode\Result\no_pre_processing\Gurobi\results\graph07.log
legacy_result,GUR,gurobi,off,graph08,OPT,18,17.94,legacy_last_total_or_time_taken,17.94,,17.94,legacy_last_time_line,,D:\Research\FrequencyAssignment\SourceCode\Result\no_pre_processing\Gurobi\results\graph08.log
legacy_result,GUR,gurobi,off,graph09,OPT,18,71.86,legacy_last_total_or_time_taken,71.86,,71.86,legacy_last_time_line,,D:\Research\FrequencyAssignment\SourceCode\Result\no_pre_processing\Gurobi\results\graph09.log
legacy_result,GUR,gurobi,off,graph10,TO,-,600.0,legacy_timeout_cap,,,,,600.0,D:\Research\FrequencyAssignment\SourceCode\Result\no_pre_processing\Gurobi\results\graph10.log
legacy_result,GUR,gurobi,off,graph11,INF,-,15.94,legacy_last_total_or_time_taken,15.94,,15.94,legacy_last_time_line,,D:\Research\FrequencyAssignment\SourceCode\Result\no_pre_processing\Gurobi\results\graph11.log
legacy_result,GUR,gurobi,off,graph12,INF,-,1.15,legacy_last_total_or_time_taken,1.15,,1.15,legacy_last_time_line,,D:\Research\FrequencyAssignment\SourceCode\Result\no_pre_processing\Gurobi\results\graph12.log
legacy_result,GUR,gurobi,off,graph13,INF,-,22.94,legacy_last_total_or_time_taken,22.94,,22.94,legacy_last_time_line,,D:\Research\FrequencyAssignment\SourceCode\Result\no_pre_processing\Gurobi\results\graph13.log
legacy_result,GUR,gurobi,off,graph14,OPT,8,84.6,legacy_last_total_or_time_taken,84.6,,84.6,legacy_last_time_line,,D:\Research\FrequencyAssignment\SourceCode\Result\no_pre_processing\Gurobi\results\graph14.log
legacy_result,GUR,gurobi,off,TUD200.1,OPT,12,12.21,legacy_last_total_or_time_taken,12.21,,12.21,legacy_last_time_line,,D:\Research\FrequencyAssignment\SourceCode\Result\no_pre_processing\Gurobi\results\TUD200.1.log
legacy_result,GUR,gurobi,off,TUD200.2,OPT,46,5.62,legacy_last_total_or_time_taken,5.62,,5.62,legacy_last_time_line,,D:\Research\FrequencyAssignment\SourceCode\Result\no_pre_processing\Gurobi\results\TUD200.2.log
legacy_result,GUR,gurobi,off,TUD200.3,OPT,14,7.96,legacy_last_total_or_time_taken,7.96,,7.96,legacy_last_time_line,,D:\Research\FrequencyAssignment\SourceCode\Result\no_pre_processing\Gurobi\results\TUD200.3.log
legacy_result,GUR,gurobi,off,TUD200.4,OPT,20,3.59,legacy_last_total_or_time_taken,3.59,,3.59,legacy_last_time_line,,D:\Research\FrequencyAssignment\SourceCode\Result\no_pre_processing\Gurobi\results\TUD200.4.log
legacy_result,GUR,gurobi,off,TUD200.5,INF,-,4.74,legacy_last_total_or_time_taken,4.74,,4.74,legacy_last_time_line,,D:\Research\FrequencyAssignment\SourceCode\Result\no_pre_processing\Gurobi\results\TUD200.5.log
legacy_result,GUR,gurobi,off,TUD916.1,TO,-,600.0,legacy_timeout_cap,,,,,600.0,D:\Research\FrequencyAssignment\SourceCode\Result\no_pre_processing\Gurobi\results\TUD916.1.log
legacy_result,GUR,gurobi,off,TUD916.2,OPT,48,24.63,legacy_last_total_or_time_taken,24.63,,24.63,legacy_last_time_line,,D:\Research\FrequencyAssignment\SourceCode\Result\no_pre_processing\Gurobi\results\TUD916.2.log
legacy_result,GUR,gurobi,off,TUD916.3,TO,-,600.0,legacy_timeout_cap,,,,,600.0,D:\Research\FrequencyAssignment\SourceCode\Result\no_pre_processing\Gurobi\results\TUD916.3.log
legacy_result,GUR,gurobi,off,TUD916.4,OPT,26,19.99,legacy_last_total_or_time_taken,19.99,,19.99,legacy_last_time_line,,D:\Research\FrequencyAssignment\SourceCode\Result\no_pre_processing\Gurobi\results\TUD916.4.log
legacy_result,GUR,gurobi,off,TUD916.5,INF,-,21.51,legacy_last_total_or_time_taken,21.51,,21.51,legacy_last_time_line,,D:\Research\FrequencyAssignment\SourceCode\Result\no_pre_processing\Gurobi\results\TUD916.5.log
legacy_result,GUR,gurobi,on,scen01,TO,16,600.0,legacy_timeout_cap,,,44.37,legacy_last_time_line,600.0,D:\Research\FrequencyAssignment\SourceCode\Result\pre_processing\Gurobi\results\scen01.log
legacy_result,GUR,gurobi,on,scen02,OPT,14,2.77,legacy_last_total_or_time_taken,2.77,,2.77,legacy_last_time_line,,D:\Research\FrequencyAssignment\SourceCode\Result\pre_processing\Gurobi\results\scen02.log
legacy_result,GUR,gurobi,on,scen03,TO,14,600.0,legacy_timeout_cap,,,94.53,legacy_last_time_line,600.0,D:\Research\FrequencyAssignment\SourceCode\Result\pre_processing\Gurobi\results\scen03.log
legacy_result,GUR,gurobi,on,scen04,OPT,46,0.16,legacy_last_total_or_time_taken,0.16,,0.16,legacy_last_time_line,,D:\Research\FrequencyAssignment\SourceCode\Result\pre_processing\Gurobi\results\scen04.log
legacy_result,GUR,gurobi,on,scen05,OPT,40,3.86,legacy_last_total_or_time_taken,3.86,,3.86,legacy_last_time_line,,D:\Research\FrequencyAssignment\SourceCode\Result\pre_processing\Gurobi\results\scen05.log
legacy_result,GUR,gurobi,on,scen06,INF,-,3.28,legacy_last_total_or_time_taken,3.28,,3.28,legacy_last_time_line,,D:\Research\FrequencyAssignment\SourceCode\Result\pre_processing\Gurobi\results\scen06.log
legacy_result,GUR,gurobi,on,scen07,INF,-,4.22,legacy_last_total_or_time_taken,4.22,,4.22,legacy_last_time_line,,D:\Research\FrequencyAssignment\SourceCode\Result\pre_processing\Gurobi\results\scen07.log
legacy_result,GUR,gurobi,on,scen08,INF,-,9.57,legacy_last_total_or_time_taken,9.57,,9.57,legacy_last_time_line,,D:\Research\FrequencyAssignment\SourceCode\Result\pre_processing\Gurobi\results\scen08.log
legacy_result,GUR,gurobi,on,scen09,INF,-,,legacy_last_total_or_time_taken,,,,,,D:\Research\FrequencyAssignment\SourceCode\Result\pre_processing\Gurobi\results\scen09.log
legacy_result,GUR,gurobi,on,scen10,INF,-,,legacy_last_total_or_time_taken,,,,,,D:\Research\FrequencyAssignment\SourceCode\Result\pre_processing\Gurobi\results\scen10.log
legacy_result,GUR,gurobi,on,scen11,OPT,22,70.8,legacy_last_total_or_time_taken,70.8,,70.8,legacy_last_time_line,,D:\Research\FrequencyAssignment\SourceCode\Result\pre_processing\Gurobi\results\scen11.log
legacy_result,GUR,gurobi,on,graph01,OPT,18,1.35,legacy_last_total_or_time_taken,1.35,,1.35,legacy_last_time_line,,D:\Research\FrequencyAssignment\SourceCode\Result\pre_processing\Gurobi\results\graph01.log
legacy_result,GUR,gurobi,on,graph02,OPT,14,5.32,legacy_last_total_or_time_taken,5.32,,5.32,legacy_last_time_line,,D:\Research\FrequencyAssignment\SourceCode\Result\pre_processing\Gurobi\results\graph02.log
legacy_result,GUR,gurobi,on,graph03,TO,22,600.0,legacy_timeout_cap,,,75.45,legacy_last_time_line,600.0,D:\Research\FrequencyAssignment\SourceCode\Result\pre_processing\Gurobi\results\graph03.log
legacy_result,GUR,gurobi,on,graph04,TO,36,600.0,legacy_timeout_cap,,,547.86,legacy_last_time_line,600.0,D:\Research\FrequencyAssignment\SourceCode\Result\pre_processing\Gurobi\results\graph04.log
legacy_result,GUR,gurobi,on,graph05,INF,-,,legacy_last_total_or_time_taken,,,,,,D:\Research\FrequencyAssignment\SourceCode\Result\pre_processing\Gurobi\results\graph05.log
legacy_result,GUR,gurobi,on,graph06,INF,-,2.46,legacy_last_total_or_time_taken,2.46,,2.46,legacy_last_time_line,,D:\Research\FrequencyAssignment\SourceCode\Result\pre_processing\Gurobi\results\graph06.log
legacy_result,GUR,gurobi,on,graph07,INF,-,,legacy_last_total_or_time_taken,,,,,,D:\Research\FrequencyAssignment\SourceCode\Result\pre_processing\Gurobi\results\graph07.log
legacy_result,GUR,gurobi,on,graph08,OPT,18,18.2,legacy_last_total_or_time_taken,18.2,,18.2,legacy_last_time_line,,D:\Research\FrequencyAssignment\SourceCode\Result\pre_processing\Gurobi\results\graph08.log
legacy_result,GUR,gurobi,on,graph09,OPT,18,73.44,legacy_last_total_or_time_taken,73.44,,73.44,legacy_last_time_line,,D:\Research\FrequencyAssignment\SourceCode\Result\pre_processing\Gurobi\results\graph09.log
legacy_result,GUR,gurobi,on,graph010,TO,44,600.0,legacy_timeout_cap,,,70.22,legacy_last_time_line,600.0,D:\Research\FrequencyAssignment\SourceCode\Result\pre_processing\Gurobi\results\graph010.log
legacy_result,GUR,gurobi,on,graph10,TO,-,600.0,legacy_timeout_cap,,,,,600.0,D:\Research\FrequencyAssignment\SourceCode\Result\pre_processing\Gurobi\results\graph10.log
legacy_result,GUR,gurobi,on,graph11,INF,-,4.95,legacy_last_total_or_time_taken,4.95,,4.95,legacy_last_time_line,,D:\Research\FrequencyAssignment\SourceCode\Result\pre_processing\Gurobi\results\graph11.log
legacy_result,GUR,gurobi,on,graph012,INF,-,,legacy_last_total_or_time_taken,,,,,,D:\Research\FrequencyAssignment\SourceCode\Result\pre_processing\Gurobi\results\graph012.log
legacy_result,GUR,gurobi,on,graph12,INF,-,1.15,legacy_last_total_or_time_taken,1.15,,1.15,legacy_last_time_line,,D:\Research\FrequencyAssignment\SourceCode\Result\pre_processing\Gurobi\results\graph12.log
legacy_result,GUR,gurobi,on,graph13,INF,-,7.52,legacy_last_total_or_time_taken,7.52,,7.52,legacy_last_time_line,,D:\Research\FrequencyAssignment\SourceCode\Result\pre_processing\Gurobi\results\graph13.log
legacy_result,GUR,gurobi,on,graph14,OPT,8,84.95,legacy_last_total_or_time_taken,84.95,,84.95,legacy_last_time_line,,D:\Research\FrequencyAssignment\SourceCode\Result\pre_processing\Gurobi\results\graph14.log
legacy_result,GUR,gurobi,on,TUD200.1,OPT,12,5.77,legacy_last_total_or_time_taken,5.77,,5.77,legacy_last_time_line,,D:\Research\FrequencyAssignment\SourceCode\Result\pre_processing\Gurobi\results\TUD200.1.log
legacy_result,GUR,gurobi,on,TUD200.2,OPT,46,0.99,legacy_last_total_or_time_taken,0.99,,0.99,legacy_last_time_line,,D:\Research\FrequencyAssignment\SourceCode\Result\pre_processing\Gurobi\results\TUD200.2.log
legacy_result,GUR,gurobi,on,TUD200.3,OPT,14,7.82,legacy_last_total_or_time_taken,7.82,,7.82,legacy_last_time_line,,D:\Research\FrequencyAssignment\SourceCode\Result\pre_processing\Gurobi\results\TUD200.3.log
legacy_result,GUR,gurobi,on,TUD200.4,OPT,20,1.05,legacy_last_total_or_time_taken,1.05,,1.05,legacy_last_time_line,,D:\Research\FrequencyAssignment\SourceCode\Result\pre_processing\Gurobi\results\TUD200.4.log
legacy_result,GUR,gurobi,on,TUD200.5,INF,-,1.43,legacy_last_total_or_time_taken,1.43,,1.43,legacy_last_time_line,,D:\Research\FrequencyAssignment\SourceCode\Result\pre_processing\Gurobi\results\TUD200.5.log
legacy_result,GUR,gurobi,on,TUD916.1,TO,-,600.0,legacy_timeout_cap,,,,,600.0,D:\Research\FrequencyAssignment\SourceCode\Result\pre_processing\Gurobi\results\TUD916.1.log
legacy_result,GUR,gurobi,on,TUD916.2,OPT,48,3.7,legacy_last_total_or_time_taken,3.7,,3.7,legacy_last_time_line,,D:\Research\FrequencyAssignment\SourceCode\Result\pre_processing\Gurobi\results\TUD916.2.log
legacy_result,GUR,gurobi,on,TUD916.3,TO,-,600.0,legacy_timeout_cap,,,,,600.0,D:\Research\FrequencyAssignment\SourceCode\Result\pre_processing\Gurobi\results\TUD916.3.log
legacy_result,GUR,gurobi,on,TUD916.4,OPT,26,5.57,legacy_last_total_or_time_taken,5.57,,5.57,legacy_last_time_line,,D:\Research\FrequencyAssignment\SourceCode\Result\pre_processing\Gurobi\results\TUD916.4.log
legacy_result,GUR,gurobi,on,TUD916.5,INF,-,,legacy_last_total_or_time_taken,,,,,,D:\Research\FrequencyAssignment\SourceCode\Result\pre_processing\Gurobi\results\TUD916.5.log
legacy_result,POSE_INC,tot_assumptions,off,scen01,OPT,16,167.48,legacy_last_total_or_time_taken,167.48,167.48,,legacy_last_time_line,,D:\Research\FrequencyAssignment\SourceCode\Result\no_pre_processing\SAT\PSE\tot_assumptions\scen01.log
legacy_result,POSE_INC,tot_assumptions,off,scen02,OPT,14,22.06,legacy_last_total_or_time_taken,22.06,22.06,,legacy_last_time_line,,D:\Research\FrequencyAssignment\SourceCode\Result\no_pre_processing\SAT\PSE\tot_assumptions\scen02.log
legacy_result,POSE_INC,tot_assumptions,off,scen03,OPT,14,103.45,legacy_last_total_or_time_taken,103.45,103.45,,legacy_last_time_line,,D:\Research\FrequencyAssignment\SourceCode\Result\no_pre_processing\SAT\PSE\tot_assumptions\scen03.log
legacy_result,POSE_INC,tot_assumptions,off,scen04,OPT,46,0.24,legacy_last_total_or_time_taken,0.24,0.24,,legacy_last_time_line,,D:\Research\FrequencyAssignment\SourceCode\Result\no_pre_processing\SAT\PSE\tot_assumptions\scen04.log
legacy_result,POSE_INC,tot_assumptions,off,scen05,OPT,40,0.41,legacy_last_total_or_time_taken,0.41,0.41,,legacy_last_time_line,,D:\Research\FrequencyAssignment\SourceCode\Result\no_pre_processing\SAT\PSE\tot_assumptions\scen05.log
legacy_result,POSE_INC,tot_assumptions,off,scen06,INF,-,0.2,legacy_last_total_or_time_taken,0.2,0.2,,legacy_last_time_line,,D:\Research\FrequencyAssignment\SourceCode\Result\no_pre_processing\SAT\PSE\tot_assumptions\scen06.log
legacy_result,POSE_INC,tot_assumptions,off,scen07,INF,-,0.41,legacy_last_total_or_time_taken,0.41,0.41,,legacy_last_time_line,,D:\Research\FrequencyAssignment\SourceCode\Result\no_pre_processing\SAT\PSE\tot_assumptions\scen07.log
legacy_result,POSE_INC,tot_assumptions,off,scen08,INF,-,0.79,legacy_last_total_or_time_taken,0.79,0.79,,legacy_last_time_line,,D:\Research\FrequencyAssignment\SourceCode\Result\no_pre_processing\SAT\PSE\tot_assumptions\scen08.log
legacy_result,POSE_INC,tot_assumptions,off,scen09,INF,-,0.06,legacy_last_total_or_time_taken,0.06,0.06,,legacy_last_time_line,,D:\Research\FrequencyAssignment\SourceCode\Result\no_pre_processing\SAT\PSE\tot_assumptions\scen09.log
legacy_result,POSE_INC,tot_assumptions,off,scen10,INF,-,0.06,legacy_last_total_or_time_taken,0.06,0.06,,legacy_last_time_line,,D:\Research\FrequencyAssignment\SourceCode\Result\no_pre_processing\SAT\PSE\tot_assumptions\scen10.log
legacy_result,POSE_INC,tot_assumptions,off,scen11,OPT,22,26.07,legacy_last_total_or_time_taken,26.07,26.07,,legacy_last_time_line,,D:\Research\FrequencyAssignment\SourceCode\Result\no_pre_processing\SAT\PSE\tot_assumptions\scen11.log
legacy_result,POSE_INC,tot_assumptions,off,graph01,OPT,18,119.84,legacy_last_total_or_time_taken,119.84,119.84,,legacy_last_time_line,,D:\Research\FrequencyAssignment\SourceCode\Result\no_pre_processing\SAT\PSE\tot_assumptions\graph01.log
legacy_result,POSE_INC,tot_assumptions,off,graph02,OPT,14,24.13,legacy_last_total_or_time_taken,24.13,24.13,,legacy_last_time_line,,D:\Research\FrequencyAssignment\SourceCode\Result\no_pre_processing\SAT\PSE\tot_assumptions\graph02.log
legacy_result,POSE_INC,tot_assumptions,off,graph03,OPT,20,4.52,legacy_last_total_or_time_taken,4.52,4.52,,legacy_last_time_line,,D:\Research\FrequencyAssignment\SourceCode\Result\no_pre_processing\SAT\PSE\tot_assumptions\graph03.log
legacy_result,POSE_INC,tot_assumptions,off,graph04,OPT,22,8.65,legacy_last_total_or_time_taken,8.65,8.65,,legacy_last_time_line,,D:\Research\FrequencyAssignment\SourceCode\Result\no_pre_processing\SAT\PSE\tot_assumptions\graph04.log
legacy_result,POSE_INC,tot_assumptions,off,graph05,INF,-,0.15,legacy_last_total_or_time_taken,0.15,0.15,,legacy_last_time_line,,D:\Research\FrequencyAssignment\SourceCode\Result\no_pre_processing\SAT\PSE\tot_assumptions\graph05.log
legacy_result,POSE_INC,tot_assumptions,off,graph06,INF,-,0.3,legacy_last_total_or_time_taken,0.3,0.3,,legacy_last_time_line,,D:\Research\FrequencyAssignment\SourceCode\Result\no_pre_processing\SAT\PSE\tot_assumptions\graph06.log
legacy_result,POSE_INC,tot_assumptions,off,graph07,INF,-,0.05,legacy_last_total_or_time_taken,0.05,0.05,,legacy_last_time_line,,D:\Research\FrequencyAssignment\SourceCode\Result\no_pre_processing\SAT\PSE\tot_assumptions\graph07.log
legacy_result,POSE_INC,tot_assumptions,off,graph08,OPT,18,33.91,legacy_last_total_or_time_taken,33.91,33.91,,legacy_last_time_line,,D:\Research\FrequencyAssignment\SourceCode\Result\no_pre_processing\SAT\PSE\tot_assumptions\graph08.log
legacy_result,POSE_INC,tot_assumptions,off,graph09,OPT,18,87.02,legacy_last_total_or_time_taken,87.02,87.02,,legacy_last_time_line,,D:\Research\FrequencyAssignment\SourceCode\Result\no_pre_processing\SAT\PSE\tot_assumptions\graph09.log
legacy_result,POSE_INC,tot_assumptions,off,graph10,OPT,22,28.45,legacy_last_total_or_time_taken,28.45,28.45,,legacy_last_time_line,,D:\Research\FrequencyAssignment\SourceCode\Result\no_pre_processing\SAT\PSE\tot_assumptions\graph10.log
legacy_result,POSE_INC,tot_assumptions,off,graph11,INF,-,0.52,legacy_last_total_or_time_taken,0.52,0.52,,legacy_last_time_line,,D:\Research\FrequencyAssignment\SourceCode\Result\no_pre_processing\SAT\PSE\tot_assumptions\graph11.log
legacy_result,POSE_INC,tot_assumptions,off,graph12,INF,-,0.09,legacy_last_total_or_time_taken,0.09,0.09,,legacy_last_time_line,,D:\Research\FrequencyAssignment\SourceCode\Result\no_pre_processing\SAT\PSE\tot_assumptions\graph12.log
legacy_result,POSE_INC,tot_assumptions,off,graph13,INF,-,0.74,legacy_last_total_or_time_taken,0.74,0.74,,legacy_last_time_line,,D:\Research\FrequencyAssignment\SourceCode\Result\no_pre_processing\SAT\PSE\tot_assumptions\graph13.log
legacy_result,POSE_INC,tot_assumptions,off,graph14,OPT,8,13.88,legacy_last_total_or_time_taken,13.88,13.88,,legacy_last_time_line,,D:\Research\FrequencyAssignment\SourceCode\Result\no_pre_processing\SAT\PSE\tot_assumptions\graph14.log
legacy_result,POSE_INC,tot_assumptions,off,TUD200.1,OPT,12,4.49,legacy_last_total_or_time_taken,4.49,4.49,,legacy_last_time_line,,D:\Research\FrequencyAssignment\SourceCode\Result\no_pre_processing\SAT\PSE\tot_assumptions\TUD200.1.log
legacy_result,POSE_INC,tot_assumptions,off,TUD200.2,OPT,46,0.16,legacy_last_total_or_time_taken,0.16,0.16,,legacy_last_time_line,,D:\Research\FrequencyAssignment\SourceCode\Result\no_pre_processing\SAT\PSE\tot_assumptions\TUD200.2.log
legacy_result,POSE_INC,tot_assumptions,off,TUD200.3,OPT,14,2.49,legacy_last_total_or_time_taken,2.49,2.49,,legacy_last_time_line,,D:\Research\FrequencyAssignment\SourceCode\Result\no_pre_processing\SAT\PSE\tot_assumptions\TUD200.3.log
legacy_result,POSE_INC,tot_assumptions,off,TUD200.4,OPT,20,0.15,legacy_last_total_or_time_taken,0.15,0.15,,legacy_last_time_line,,D:\Research\FrequencyAssignment\SourceCode\Result\no_pre_processing\SAT\PSE\tot_assumptions\TUD200.4.log
legacy_result,POSE_INC,tot_assumptions,off,TUD200.5,INF,-,0.16,legacy_last_total_or_time_taken,0.16,0.16,,legacy_last_time_line,,D:\Research\FrequencyAssignment\SourceCode\Result\no_pre_processing\SAT\PSE\tot_assumptions\TUD200.5.log
legacy_result,POSE_INC,tot_assumptions,off,TUD916.1,OPT,18,14.76,legacy_last_total_or_time_taken,14.76,14.76,,legacy_last_time_line,,D:\Research\FrequencyAssignment\SourceCode\Result\no_pre_processing\SAT\PSE\tot_assumptions\TUD916.1.log
legacy_result,POSE_INC,tot_assumptions,off,TUD916.2,OPT,48,0.71,legacy_last_total_or_time_taken,0.71,0.71,,legacy_last_time_line,,D:\Research\FrequencyAssignment\SourceCode\Result\no_pre_processing\SAT\PSE\tot_assumptions\TUD916.2.log
legacy_result,POSE_INC,tot_assumptions,off,TUD916.3,OPT,24,2.33,legacy_last_total_or_time_taken,2.33,2.33,,legacy_last_time_line,,D:\Research\FrequencyAssignment\SourceCode\Result\no_pre_processing\SAT\PSE\tot_assumptions\TUD916.3.log
legacy_result,POSE_INC,tot_assumptions,off,TUD916.4,OPT,26,0.71,legacy_last_total_or_time_taken,0.71,0.71,,legacy_last_time_line,,D:\Research\FrequencyAssignment\SourceCode\Result\no_pre_processing\SAT\PSE\tot_assumptions\TUD916.4.log
legacy_result,POSE_INC,tot_assumptions,off,TUD916.5,INF,-,0.72,legacy_last_total_or_time_taken,0.72,0.72,,legacy_last_time_line,,D:\Research\FrequencyAssignment\SourceCode\Result\no_pre_processing\SAT\PSE\tot_assumptions\TUD916.5.log
legacy_result,POSE_INC,tot_assumptions,on,scen01,OPT,16,169.61,legacy_last_total_or_time_taken,169.61,169.61,,legacy_last_time_line,,D:\Research\FrequencyAssignment\SourceCode\Result\pre_processing\SAT\PSE\tot_assumptions\scen01.log
legacy_result,POSE_INC,tot_assumptions,on,scen02,OPT,14,22.26,legacy_last_total_or_time_taken,22.26,22.26,,legacy_last_time_line,,D:\Research\FrequencyAssignment\SourceCode\Result\pre_processing\SAT\PSE\tot_assumptions\scen02.log
legacy_result,POSE_INC,tot_assumptions,on,scen03,OPT,14,102.5,legacy_last_total_or_time_taken,102.5,102.5,,legacy_last_time_line,,D:\Research\FrequencyAssignment\SourceCode\Result\pre_processing\SAT\PSE\tot_assumptions\scen03.log
legacy_result,POSE_INC,tot_assumptions,on,scen04,OPT,46,0.06,legacy_last_total_or_time_taken,0.06,0.06,,legacy_last_time_line,,D:\Research\FrequencyAssignment\SourceCode\Result\pre_processing\SAT\PSE\tot_assumptions\scen04.log
legacy_result,POSE_INC,tot_assumptions,on,scen05,OPT,40,0.29,legacy_last_total_or_time_taken,0.29,0.29,,legacy_last_time_line,,D:\Research\FrequencyAssignment\SourceCode\Result\pre_processing\SAT\PSE\tot_assumptions\scen05.log
legacy_result,POSE_INC,tot_assumptions,on,scen06,INF,-,0.19,legacy_last_total_or_time_taken,0.19,0.19,,legacy_last_time_line,,D:\Research\FrequencyAssignment\SourceCode\Result\pre_processing\SAT\PSE\tot_assumptions\scen06.log
legacy_result,POSE_INC,tot_assumptions,on,scen07,INF,-,0.3,legacy_last_total_or_time_taken,0.3,0.3,,legacy_last_time_line,,D:\Research\FrequencyAssignment\SourceCode\Result\pre_processing\SAT\PSE\tot_assumptions\scen07.log
legacy_result,POSE_INC,tot_assumptions,on,scen08,INF,-,0.68,legacy_last_total_or_time_taken,0.68,0.68,,legacy_last_time_line,,D:\Research\FrequencyAssignment\SourceCode\Result\pre_processing\SAT\PSE\tot_assumptions\scen08.log
legacy_result,POSE_INC,tot_assumptions,on,scen09,INF,-,0.01,legacy_last_total_or_time_taken,0.01,0.01,,legacy_last_time_line,,D:\Research\FrequencyAssignment\SourceCode\Result\pre_processing\SAT\PSE\tot_assumptions\scen09.log
legacy_result,POSE_INC,tot_assumptions,on,scen10,INF,-,0.01,legacy_last_total_or_time_taken,0.01,0.01,,legacy_last_time_line,,D:\Research\FrequencyAssignment\SourceCode\Result\pre_processing\SAT\PSE\tot_assumptions\scen10.log
legacy_result,POSE_INC,tot_assumptions,on,scen11,OPT,22,26.43,legacy_last_total_or_time_taken,26.43,26.43,,legacy_last_time_line,,D:\Research\FrequencyAssignment\SourceCode\Result\pre_processing\SAT\PSE\tot_assumptions\scen11.log
legacy_result,POSE_INC,tot_assumptions,on,graph01,OPT,18,120.11,legacy_last_total_or_time_taken,120.11,120.11,,legacy_last_time_line,,D:\Research\FrequencyAssignment\SourceCode\Result\pre_processing\SAT\PSE\tot_assumptions\graph01.log
legacy_result,POSE_INC,tot_assumptions,on,graph02,OPT,14,24.0,legacy_last_total_or_time_taken,24.0,24.0,,legacy_last_time_line,,D:\Research\FrequencyAssignment\SourceCode\Result\pre_processing\SAT\PSE\tot_assumptions\graph02.log
legacy_result,POSE_INC,tot_assumptions,on,graph03,OPT,20,5.62,legacy_last_total_or_time_taken,5.62,5.62,,legacy_last_time_line,,D:\Research\FrequencyAssignment\SourceCode\Result\pre_processing\SAT\PSE\tot_assumptions\graph03.log
legacy_result,POSE_INC,tot_assumptions,on,graph04,OPT,22,9.6,legacy_last_total_or_time_taken,9.6,9.6,,legacy_last_time_line,,D:\Research\FrequencyAssignment\SourceCode\Result\pre_processing\SAT\PSE\tot_assumptions\graph04.log
legacy_result,POSE_INC,tot_assumptions,on,graph05,INF,-,0.04,legacy_last_total_or_time_taken,0.04,0.04,,legacy_last_time_line,,D:\Research\FrequencyAssignment\SourceCode\Result\pre_processing\SAT\PSE\tot_assumptions\graph05.log
legacy_result,POSE_INC,tot_assumptions,on,graph06,INF,-,0.23,legacy_last_total_or_time_taken,0.23,0.23,,legacy_last_time_line,,D:\Research\FrequencyAssignment\SourceCode\Result\pre_processing\SAT\PSE\tot_assumptions\graph06.log
legacy_result,POSE_INC,tot_assumptions,on,graph07,INF,-,0.01,legacy_last_total_or_time_taken,0.01,0.01,,legacy_last_time_line,,D:\Research\FrequencyAssignment\SourceCode\Result\pre_processing\SAT\PSE\tot_assumptions\graph07.log
legacy_result,POSE_INC,tot_assumptions,on,graph08,OPT,18,33.83,legacy_last_total_or_time_taken,33.83,33.83,,legacy_last_time_line,,D:\Research\FrequencyAssignment\SourceCode\Result\pre_processing\SAT\PSE\tot_assumptions\graph08.log
legacy_result,POSE_INC,tot_assumptions,on,graph09,OPT,18,87.17,legacy_last_total_or_time_taken,87.17,87.17,,legacy_last_time_line,,D:\Research\FrequencyAssignment\SourceCode\Result\pre_processing\SAT\PSE\tot_assumptions\graph09.log
legacy_result,POSE_INC,tot_assumptions,on,graph10,OPT,22,30.28,legacy_last_total_or_time_taken,30.28,30.28,,legacy_last_time_line,,D:\Research\FrequencyAssignment\SourceCode\Result\pre_processing\SAT\PSE\tot_assumptions\graph10.log
legacy_result,POSE_INC,tot_assumptions,on,graph11,INF,-,0.42,legacy_last_total_or_time_taken,0.42,0.42,,legacy_last_time_line,,D:\Research\FrequencyAssignment\SourceCode\Result\pre_processing\SAT\PSE\tot_assumptions\graph11.log
legacy_result,POSE_INC,tot_assumptions,on,graph12,INF,-,0.01,legacy_last_total_or_time_taken,0.01,0.01,,legacy_last_time_line,,D:\Research\FrequencyAssignment\SourceCode\Result\pre_processing\SAT\PSE\tot_assumptions\graph12.log
legacy_result,POSE_INC,tot_assumptions,on,graph13,INF,-,0.62,legacy_last_total_or_time_taken,0.62,0.62,,legacy_last_time_line,,D:\Research\FrequencyAssignment\SourceCode\Result\pre_processing\SAT\PSE\tot_assumptions\graph13.log
legacy_result,POSE_INC,tot_assumptions,on,graph14,OPT,8,13.93,legacy_last_total_or_time_taken,13.93,13.93,,legacy_last_time_line,,D:\Research\FrequencyAssignment\SourceCode\Result\pre_processing\SAT\PSE\tot_assumptions\graph14.log
legacy_result,POSE_INC,tot_assumptions,on,TUD200.1,OPT,12,6.57,legacy_last_total_or_time_taken,6.57,6.57,,legacy_last_time_line,,D:\Research\FrequencyAssignment\SourceCode\Result\pre_processing\SAT\PSE\tot_assumptions\TUD200.1.log
legacy_result,POSE_INC,tot_assumptions,on,TUD200.2,OPT,46,0.1,legacy_last_total_or_time_taken,0.1,0.1,,legacy_last_time_line,,D:\Research\FrequencyAssignment\SourceCode\Result\pre_processing\SAT\PSE\tot_assumptions\TUD200.2.log
legacy_result,POSE_INC,tot_assumptions,on,TUD200.3,OPT,14,1.47,legacy_last_total_or_time_taken,1.47,1.47,,legacy_last_time_line,,D:\Research\FrequencyAssignment\SourceCode\Result\pre_processing\SAT\PSE\tot_assumptions\TUD200.3.log
legacy_result,POSE_INC,tot_assumptions,on,TUD200.4,OPT,20,0.1,legacy_last_total_or_time_taken,0.1,0.1,,legacy_last_time_line,,D:\Research\FrequencyAssignment\SourceCode\Result\pre_processing\SAT\PSE\tot_assumptions\TUD200.4.log
legacy_result,POSE_INC,tot_assumptions,on,TUD200.5,INF,-,0.13,legacy_last_total_or_time_taken,0.13,0.13,,legacy_last_time_line,,D:\Research\FrequencyAssignment\SourceCode\Result\pre_processing\SAT\PSE\tot_assumptions\TUD200.5.log
legacy_result,POSE_INC,tot_assumptions,on,TUD916.1,OPT,18,14.6,legacy_last_total_or_time_taken,14.6,14.6,,legacy_last_time_line,,D:\Research\FrequencyAssignment\SourceCode\Result\pre_processing\SAT\PSE\tot_assumptions\TUD916.1.log
legacy_result,POSE_INC,tot_assumptions,on,TUD916.2,OPT,48,0.4,legacy_last_total_or_time_taken,0.4,0.4,,legacy_last_time_line,,D:\Research\FrequencyAssignment\SourceCode\Result\pre_processing\SAT\PSE\tot_assumptions\TUD916.2.log
legacy_result,POSE_INC,tot_assumptions,on,TUD916.3,OPT,24,3.24,legacy_last_total_or_time_taken,3.24,3.24,,legacy_last_time_line,,D:\Research\FrequencyAssignment\SourceCode\Result\pre_processing\SAT\PSE\tot_assumptions\TUD916.3.log
legacy_result,POSE_INC,tot_assumptions,on,TUD916.4,OPT,26,0.49,legacy_last_total_or_time_taken,0.49,0.49,,legacy_last_time_line,,D:\Research\FrequencyAssignment\SourceCode\Result\pre_processing\SAT\PSE\tot_assumptions\TUD916.4.log
legacy_result,POSE_INC,tot_assumptions,on,TUD916.5,INF,-,0.21,legacy_last_total_or_time_taken,0.21,0.21,,legacy_last_time_line,,D:\Research\FrequencyAssignment\SourceCode\Result\pre_processing\SAT\PSE\tot_assumptions\TUD916.5.log
legacy_result,POSE_INCSC,nsc_assumptions,off,scen01,OPT,16,104.53,legacy_last_total_or_time_taken,104.53,104.53,,legacy_last_time_line,,D:\Research\FrequencyAssignment\SourceCode\Result\no_pre_processing\SAT\PSE\nsc_assumptions\scen01.log
legacy_result,POSE_INCSC,nsc_assumptions,off,scen02,OPT,14,14.57,legacy_last_total_or_time_taken,14.57,14.57,,legacy_last_time_line,,D:\Research\FrequencyAssignment\SourceCode\Result\no_pre_processing\SAT\PSE\nsc_assumptions\scen02.log
legacy_result,POSE_INCSC,nsc_assumptions,off,scen03,OPT,14,68.67,legacy_last_total_or_time_taken,68.67,68.67,,legacy_last_time_line,,D:\Research\FrequencyAssignment\SourceCode\Result\no_pre_processing\SAT\PSE\nsc_assumptions\scen03.log
legacy_result,POSE_INCSC,nsc_assumptions,off,scen04,OPT,46,0.25,legacy_last_total_or_time_taken,0.25,0.25,,legacy_last_time_line,,D:\Research\FrequencyAssignment\SourceCode\Result\no_pre_processing\SAT\PSE\nsc_assumptions\scen04.log
legacy_result,POSE_INCSC,nsc_assumptions,off,scen05,OPT,40,0.4,legacy_last_total_or_time_taken,0.4,0.4,,legacy_last_time_line,,D:\Research\FrequencyAssignment\SourceCode\Result\no_pre_processing\SAT\PSE\nsc_assumptions\scen05.log
legacy_result,POSE_INCSC,nsc_assumptions,off,scen06,INF,-,0.2,legacy_last_total_or_time_taken,0.2,0.2,,legacy_last_time_line,,D:\Research\FrequencyAssignment\SourceCode\Result\no_pre_processing\SAT\PSE\nsc_assumptions\scen06.log
legacy_result,POSE_INCSC,nsc_assumptions,off,scen07,INF,-,0.4,legacy_last_total_or_time_taken,0.4,0.4,,legacy_last_time_line,,D:\Research\FrequencyAssignment\SourceCode\Result\no_pre_processing\SAT\PSE\nsc_assumptions\scen07.log
legacy_result,POSE_INCSC,nsc_assumptions,off,scen08,INF,-,0.8,legacy_last_total_or_time_taken,0.8,0.8,,legacy_last_time_line,,D:\Research\FrequencyAssignment\SourceCode\Result\no_pre_processing\SAT\PSE\nsc_assumptions\scen08.log
legacy_result,POSE_INCSC,nsc_assumptions,off,scen09,INF,-,0.05,legacy_last_total_or_time_taken,0.05,0.05,,legacy_last_time_line,,D:\Research\FrequencyAssignment\SourceCode\Result\no_pre_processing\SAT\PSE\nsc_assumptions\scen09.log
legacy_result,POSE_INCSC,nsc_assumptions,off,scen10,INF,-,0.05,legacy_last_total_or_time_taken,0.05,0.05,,legacy_last_time_line,,D:\Research\FrequencyAssignment\SourceCode\Result\no_pre_processing\SAT\PSE\nsc_assumptions\scen10.log
legacy_result,POSE_INCSC,nsc_assumptions,off,scen11,OPT,22,29.04,legacy_last_total_or_time_taken,29.04,29.04,,legacy_last_time_line,,D:\Research\FrequencyAssignment\SourceCode\Result\no_pre_processing\SAT\PSE\nsc_assumptions\scen11.log
legacy_result,POSE_INCSC,nsc_assumptions,off,graph01,OPT,18,76.8,legacy_last_total_or_time_taken,76.8,76.8,,legacy_last_time_line,,D:\Research\FrequencyAssignment\SourceCode\Result\no_pre_processing\SAT\PSE\nsc_assumptions\graph01.log
legacy_result,POSE_INCSC,nsc_assumptions,off,graph02,OPT,14,12.17,legacy_last_total_or_time_taken,12.17,12.17,,legacy_last_time_line,,D:\Research\FrequencyAssignment\SourceCode\Result\no_pre_processing\SAT\PSE\nsc_assumptions\graph02.log
legacy_result,POSE_INCSC,nsc_assumptions,off,graph03,OPT,20,5.91,legacy_last_total_or_time_taken,5.91,5.91,,legacy_last_time_line,,D:\Research\FrequencyAssignment\SourceCode\Result\no_pre_processing\SAT\PSE\nsc_assumptions\graph03.log
legacy_result,POSE_INCSC,nsc_assumptions,off,graph04,OPT,22,13.69,legacy_last_total_or_time_taken,13.69,13.69,,legacy_last_time_line,,D:\Research\FrequencyAssignment\SourceCode\Result\no_pre_processing\SAT\PSE\nsc_assumptions\graph04.log
legacy_result,POSE_INCSC,nsc_assumptions,off,graph05,INF,-,0.15,legacy_last_total_or_time_taken,0.15,0.15,,legacy_last_time_line,,D:\Research\FrequencyAssignment\SourceCode\Result\no_pre_processing\SAT\PSE\nsc_assumptions\graph05.log
legacy_result,POSE_INCSC,nsc_assumptions,off,graph06,INF,-,0.3,legacy_last_total_or_time_taken,0.3,0.3,,legacy_last_time_line,,D:\Research\FrequencyAssignment\SourceCode\Result\no_pre_processing\SAT\PSE\nsc_assumptions\graph06.log
legacy_result,POSE_INCSC,nsc_assumptions,off,graph07,INF,-,0.05,legacy_last_total_or_time_taken,0.05,0.05,,legacy_last_time_line,,D:\Research\FrequencyAssignment\SourceCode\Result\no_pre_processing\SAT\PSE\nsc_assumptions\graph07.log
legacy_result,POSE_INCSC,nsc_assumptions,off,graph08,OPT,18,17.46,legacy_last_total_or_time_taken,17.46,17.46,,legacy_last_time_line,,D:\Research\FrequencyAssignment\SourceCode\Result\no_pre_processing\SAT\PSE\nsc_assumptions\graph08.log
legacy_result,POSE_INCSC,nsc_assumptions,off,graph09,OPT,18,61.32,legacy_last_total_or_time_taken,61.32,61.32,,legacy_last_time_line,,D:\Research\FrequencyAssignment\SourceCode\Result\no_pre_processing\SAT\PSE\nsc_assumptions\graph09.log
legacy_result,POSE_INCSC,nsc_assumptions,off,graph10,OPT,22,37.59,legacy_last_total_or_time_taken,37.59,37.59,,legacy_last_time_line,,D:\Research\FrequencyAssignment\SourceCode\Result\no_pre_processing\SAT\PSE\nsc_assumptions\graph10.log
legacy_result,POSE_INCSC,nsc_assumptions,off,graph11,INF,-,0.52,legacy_last_total_or_time_taken,0.52,0.52,,legacy_last_time_line,,D:\Research\FrequencyAssignment\SourceCode\Result\no_pre_processing\SAT\PSE\nsc_assumptions\graph11.log
legacy_result,POSE_INCSC,nsc_assumptions,off,graph12,INF,-,0.09,legacy_last_total_or_time_taken,0.09,0.09,,legacy_last_time_line,,D:\Research\FrequencyAssignment\SourceCode\Result\no_pre_processing\SAT\PSE\nsc_assumptions\graph12.log
legacy_result,POSE_INCSC,nsc_assumptions,off,graph13,INF,-,0.76,legacy_last_total_or_time_taken,0.76,0.76,,legacy_last_time_line,,D:\Research\FrequencyAssignment\SourceCode\Result\no_pre_processing\SAT\PSE\nsc_assumptions\graph13.log
legacy_result,POSE_INCSC,nsc_assumptions,off,graph14,OPT,8,9.98,legacy_last_total_or_time_taken,9.98,9.98,,legacy_last_time_line,,D:\Research\FrequencyAssignment\SourceCode\Result\no_pre_processing\SAT\PSE\nsc_assumptions\graph14.log
legacy_result,POSE_INCSC,nsc_assumptions,off,TUD200.1,OPT,12,2.13,legacy_last_total_or_time_taken,2.13,2.13,,legacy_last_time_line,,D:\Research\FrequencyAssignment\SourceCode\Result\no_pre_processing\SAT\PSE\nsc_assumptions\TUD200.1.log
legacy_result,POSE_INCSC,nsc_assumptions,off,TUD200.2,OPT,46,0.16,legacy_last_total_or_time_taken,0.16,0.16,,legacy_last_time_line,,D:\Research\FrequencyAssignment\SourceCode\Result\no_pre_processing\SAT\PSE\nsc_assumptions\TUD200.2.log
legacy_result,POSE_INCSC,nsc_assumptions,off,TUD200.3,OPT,14,1.62,legacy_last_total_or_time_taken,1.62,1.62,,legacy_last_time_line,,D:\Research\FrequencyAssignment\SourceCode\Result\no_pre_processing\SAT\PSE\nsc_assumptions\TUD200.3.log
legacy_result,POSE_INCSC,nsc_assumptions,off,TUD200.4,OPT,20,0.15,legacy_last_total_or_time_taken,0.15,0.15,,legacy_last_time_line,,D:\Research\FrequencyAssignment\SourceCode\Result\no_pre_processing\SAT\PSE\nsc_assumptions\TUD200.4.log
legacy_result,POSE_INCSC,nsc_assumptions,off,TUD200.5,INF,-,0.16,legacy_last_total_or_time_taken,0.16,0.16,,legacy_last_time_line,,D:\Research\FrequencyAssignment\SourceCode\Result\no_pre_processing\SAT\PSE\nsc_assumptions\TUD200.5.log
legacy_result,POSE_INCSC,nsc_assumptions,off,TUD916.1,OPT,18,12.98,legacy_last_total_or_time_taken,12.98,12.98,,legacy_last_time_line,,D:\Research\FrequencyAssignment\SourceCode\Result\no_pre_processing\SAT\PSE\nsc_assumptions\TUD916.1.log
legacy_result,POSE_INCSC,nsc_assumptions,off,TUD916.2,OPT,48,0.69,legacy_last_total_or_time_taken,0.69,0.69,,legacy_last_time_line,,D:\Research\FrequencyAssignment\SourceCode\Result\no_pre_processing\SAT\PSE\nsc_assumptions\TUD916.2.log
legacy_result,POSE_INCSC,nsc_assumptions,off,TUD916.3,OPT,24,3.06,legacy_last_total_or_time_taken,3.06,3.06,,legacy_last_time_line,,D:\Research\FrequencyAssignment\SourceCode\Result\no_pre_processing\SAT\PSE\nsc_assumptions\TUD916.3.log
legacy_result,POSE_INCSC,nsc_assumptions,off,TUD916.4,OPT,26,0.7,legacy_last_total_or_time_taken,0.7,0.7,,legacy_last_time_line,,D:\Research\FrequencyAssignment\SourceCode\Result\no_pre_processing\SAT\PSE\nsc_assumptions\TUD916.4.log
legacy_result,POSE_INCSC,nsc_assumptions,off,TUD916.5,INF,-,0.71,legacy_last_total_or_time_taken,0.71,0.71,,legacy_last_time_line,,D:\Research\FrequencyAssignment\SourceCode\Result\no_pre_processing\SAT\PSE\nsc_assumptions\TUD916.5.log
legacy_result,POSE_INCSC,nsc_assumptions,on,scen01,OPT,16,106.02,legacy_last_total_or_time_taken,106.02,106.02,,legacy_last_time_line,,D:\Research\FrequencyAssignment\SourceCode\Result\pre_processing\SAT\PSE\nsc_assumptions\scen01.log
legacy_result,POSE_INCSC,nsc_assumptions,on,scen02,OPT,14,14.63,legacy_last_total_or_time_taken,14.63,14.63,,legacy_last_time_line,,D:\Research\FrequencyAssignment\SourceCode\Result\pre_processing\SAT\PSE\nsc_assumptions\scen02.log
legacy_result,POSE_INCSC,nsc_assumptions,on,scen03,OPT,14,68.84,legacy_last_total_or_time_taken,68.84,68.84,,legacy_last_time_line,,D:\Research\FrequencyAssignment\SourceCode\Result\pre_processing\SAT\PSE\nsc_assumptions\scen03.log
legacy_result,POSE_INCSC,nsc_assumptions,on,scen04,OPT,46,0.06,legacy_last_total_or_time_taken,0.06,0.06,,legacy_last_time_line,,D:\Research\FrequencyAssignment\SourceCode\Result\pre_processing\SAT\PSE\nsc_assumptions\scen04.log
legacy_result,POSE_INCSC,nsc_assumptions,on,scen05,OPT,40,0.29,legacy_last_total_or_time_taken,0.29,0.29,,legacy_last_time_line,,D:\Research\FrequencyAssignment\SourceCode\Result\pre_processing\SAT\PSE\nsc_assumptions\scen05.log
legacy_result,POSE_INCSC,nsc_assumptions,on,scen06,INF,-,0.19,legacy_last_total_or_time_taken,0.19,0.19,,legacy_last_time_line,,D:\Research\FrequencyAssignment\SourceCode\Result\pre_processing\SAT\PSE\nsc_assumptions\scen06.log
legacy_result,POSE_INCSC,nsc_assumptions,on,scen07,INF,-,0.3,legacy_last_total_or_time_taken,0.3,0.3,,legacy_last_time_line,,D:\Research\FrequencyAssignment\SourceCode\Result\pre_processing\SAT\PSE\nsc_assumptions\scen07.log
legacy_result,POSE_INCSC,nsc_assumptions,on,scen08,INF,-,0.69,legacy_last_total_or_time_taken,0.69,0.69,,legacy_last_time_line,,D:\Research\FrequencyAssignment\SourceCode\Result\pre_processing\SAT\PSE\nsc_assumptions\scen08.log
legacy_result,POSE_INCSC,nsc_assumptions,on,scen09,INF,-,0.01,legacy_last_total_or_time_taken,0.01,0.01,,legacy_last_time_line,,D:\Research\FrequencyAssignment\SourceCode\Result\pre_processing\SAT\PSE\nsc_assumptions\scen09.log
legacy_result,POSE_INCSC,nsc_assumptions,on,scen10,INF,-,0.01,legacy_last_total_or_time_taken,0.01,0.01,,legacy_last_time_line,,D:\Research\FrequencyAssignment\SourceCode\Result\pre_processing\SAT\PSE\nsc_assumptions\scen10.log
legacy_result,POSE_INCSC,nsc_assumptions,on,scen11,OPT,22,29.21,legacy_last_total_or_time_taken,29.21,29.21,,legacy_last_time_line,,D:\Research\FrequencyAssignment\SourceCode\Result\pre_processing\SAT\PSE\nsc_assumptions\scen11.log
legacy_result,POSE_INCSC,nsc_assumptions,on,graph01,OPT,18,76.26,legacy_last_total_or_time_taken,76.26,76.26,,legacy_last_time_line,,D:\Research\FrequencyAssignment\SourceCode\Result\pre_processing\SAT\PSE\nsc_assumptions\graph01.log
legacy_result,POSE_INCSC,nsc_assumptions,on,graph02,OPT,14,12.17,legacy_last_total_or_time_taken,12.17,12.17,,legacy_last_time_line,,D:\Research\FrequencyAssignment\SourceCode\Result\pre_processing\SAT\PSE\nsc_assumptions\graph02.log
legacy_result,POSE_INCSC,nsc_assumptions,on,graph03,OPT,20,5.88,legacy_last_total_or_time_taken,5.88,5.88,,legacy_last_time_line,,D:\Research\FrequencyAssignment\SourceCode\Result\pre_processing\SAT\PSE\nsc_assumptions\graph03.log
legacy_result,POSE_INCSC,nsc_assumptions,on,graph04,OPT,22,13.13,legacy_last_total_or_time_taken,13.13,13.13,,legacy_last_time_line,,D:\Research\FrequencyAssignment\SourceCode\Result\pre_processing\SAT\PSE\nsc_assumptions\graph04.log
legacy_result,POSE_INCSC,nsc_assumptions,on,graph05,INF,-,0.04,legacy_last_total_or_time_taken,0.04,0.04,,legacy_last_time_line,,D:\Research\FrequencyAssignment\SourceCode\Result\pre_processing\SAT\PSE\nsc_assumptions\graph05.log
legacy_result,POSE_INCSC,nsc_assumptions,on,graph06,INF,-,0.23,legacy_last_total_or_time_taken,0.23,0.23,,legacy_last_time_line,,D:\Research\FrequencyAssignment\SourceCode\Result\pre_processing\SAT\PSE\nsc_assumptions\graph06.log
legacy_result,POSE_INCSC,nsc_assumptions,on,graph07,INF,-,0.01,legacy_last_total_or_time_taken,0.01,0.01,,legacy_last_time_line,,D:\Research\FrequencyAssignment\SourceCode\Result\pre_processing\SAT\PSE\nsc_assumptions\graph07.log
legacy_result,POSE_INCSC,nsc_assumptions,on,graph08,OPT,18,17.67,legacy_last_total_or_time_taken,17.67,17.67,,legacy_last_time_line,,D:\Research\FrequencyAssignment\SourceCode\Result\pre_processing\SAT\PSE\nsc_assumptions\graph08.log
legacy_result,POSE_INCSC,nsc_assumptions,on,graph09,OPT,18,61.55,legacy_last_total_or_time_taken,61.55,61.55,,legacy_last_time_line,,D:\Research\FrequencyAssignment\SourceCode\Result\pre_processing\SAT\PSE\nsc_assumptions\graph09.log
legacy_result,POSE_INCSC,nsc_assumptions,on,graph10,OPT,22,33.63,legacy_last_total_or_time_taken,33.63,33.63,,legacy_last_time_line,,D:\Research\FrequencyAssignment\SourceCode\Result\pre_processing\SAT\PSE\nsc_assumptions\graph10.log
legacy_result,POSE_INCSC,nsc_assumptions,on,graph11,INF,-,0.43,legacy_last_total_or_time_taken,0.43,0.43,,legacy_last_time_line,,D:\Research\FrequencyAssignment\SourceCode\Result\pre_processing\SAT\PSE\nsc_assumptions\graph11.log
legacy_result,POSE_INCSC,nsc_assumptions,on,graph12,INF,-,0.01,legacy_last_total_or_time_taken,0.01,0.01,,legacy_last_time_line,,D:\Research\FrequencyAssignment\SourceCode\Result\pre_processing\SAT\PSE\nsc_assumptions\graph12.log
legacy_result,POSE_INCSC,nsc_assumptions,on,graph13,INF,-,0.62,legacy_last_total_or_time_taken,0.62,0.62,,legacy_last_time_line,,D:\Research\FrequencyAssignment\SourceCode\Result\pre_processing\SAT\PSE\nsc_assumptions\graph13.log
legacy_result,POSE_INCSC,nsc_assumptions,on,graph14,OPT,8,10.16,legacy_last_total_or_time_taken,10.16,10.16,,legacy_last_time_line,,D:\Research\FrequencyAssignment\SourceCode\Result\pre_processing\SAT\PSE\nsc_assumptions\graph14.log
legacy_result,POSE_INCSC,nsc_assumptions,on,TUD200.1,OPT,12,3.34,legacy_last_total_or_time_taken,3.34,3.34,,legacy_last_time_line,,D:\Research\FrequencyAssignment\SourceCode\Result\pre_processing\SAT\PSE\nsc_assumptions\TUD200.1.log
legacy_result,POSE_INCSC,nsc_assumptions,on,TUD200.2,OPT,46,0.1,legacy_last_total_or_time_taken,0.1,0.1,,legacy_last_time_line,,D:\Research\FrequencyAssignment\SourceCode\Result\pre_processing\SAT\PSE\nsc_assumptions\TUD200.2.log
legacy_result,POSE_INCSC,nsc_assumptions,on,TUD200.3,OPT,14,1.45,legacy_last_total_or_time_taken,1.45,1.45,,legacy_last_time_line,,D:\Research\FrequencyAssignment\SourceCode\Result\pre_processing\SAT\PSE\nsc_assumptions\TUD200.3.log
legacy_result,POSE_INCSC,nsc_assumptions,on,TUD200.4,OPT,20,0.1,legacy_last_total_or_time_taken,0.1,0.1,,legacy_last_time_line,,D:\Research\FrequencyAssignment\SourceCode\Result\pre_processing\SAT\PSE\nsc_assumptions\TUD200.4.log
legacy_result,POSE_INCSC,nsc_assumptions,on,TUD200.5,INF,-,0.13,legacy_last_total_or_time_taken,0.13,0.13,,legacy_last_time_line,,D:\Research\FrequencyAssignment\SourceCode\Result\pre_processing\SAT\PSE\nsc_assumptions\TUD200.5.log
legacy_result,POSE_INCSC,nsc_assumptions,on,TUD916.1,OPT,18,9.77,legacy_last_total_or_time_taken,9.77,9.77,,legacy_last_time_line,,D:\Research\FrequencyAssignment\SourceCode\Result\pre_processing\SAT\PSE\nsc_assumptions\TUD916.1.log
legacy_result,POSE_INCSC,nsc_assumptions,on,TUD916.2,OPT,48,0.41,legacy_last_total_or_time_taken,0.41,0.41,,legacy_last_time_line,,D:\Research\FrequencyAssignment\SourceCode\Result\pre_processing\SAT\PSE\nsc_assumptions\TUD916.2.log
legacy_result,POSE_INCSC,nsc_assumptions,on,TUD916.3,OPT,24,3.31,legacy_last_total_or_time_taken,3.31,3.31,,legacy_last_time_line,,D:\Research\FrequencyAssignment\SourceCode\Result\pre_processing\SAT\PSE\nsc_assumptions\TUD916.3.log
legacy_result,POSE_INCSC,nsc_assumptions,on,TUD916.4,OPT,26,0.5,legacy_last_total_or_time_taken,0.5,0.5,,legacy_last_time_line,,D:\Research\FrequencyAssignment\SourceCode\Result\pre_processing\SAT\PSE\nsc_assumptions\TUD916.4.log
legacy_result,POSE_INCSC,nsc_assumptions,on,TUD916.5,INF,-,0.21,legacy_last_total_or_time_taken,0.21,0.21,,legacy_last_time_line,,D:\Research\FrequencyAssignment\SourceCode\Result\pre_processing\SAT\PSE\nsc_assumptions\TUD916.5.log
legacy_result2,CPX_CP,cp,off,scen01,TO,16,600.0,legacy_timeout_cap,,,,,600.0,D:\Research\FrequencyAssignment\SourceCode\Result2\no_pre_processing\CPLEX\CP\no_preprocessing\scen01.log
legacy_result2,CPX_CP,cp,off,scen02,TO,14,600.0,legacy_timeout_cap,,,,,600.0,D:\Research\FrequencyAssignment\SourceCode\Result2\no_pre_processing\CPLEX\CP\no_preprocessing\scen02.log
legacy_result2,CPX_CP,cp,off,scen03,TO,14,600.0,legacy_timeout_cap,,,,,600.0,D:\Research\FrequencyAssignment\SourceCode\Result2\no_pre_processing\CPLEX\CP\no_preprocessing\scen03.log
legacy_result2,CPX_CP,cp,off,scen04,OPT,46,0.16,legacy_last_total_or_time_taken,0.16,,0.16,legacy_last_time_line,,D:\Research\FrequencyAssignment\SourceCode\Result2\no_pre_processing\CPLEX\CP\no_preprocessing\scen04.log
legacy_result2,CPX_CP,cp,off,scen05,OPT,40,0.35,legacy_last_total_or_time_taken,0.35,,0.35,legacy_last_time_line,,D:\Research\FrequencyAssignment\SourceCode\Result2\no_pre_processing\CPLEX\CP\no_preprocessing\scen05.log
legacy_result2,CPX_CP,cp,off,scen06,INF,-,0.06,legacy_last_total_or_time_taken,0.06,,0.06,legacy_last_time_line,,D:\Research\FrequencyAssignment\SourceCode\Result2\no_pre_processing\CPLEX\CP\no_preprocessing\scen06.log
legacy_result2,CPX_CP,cp,off,scen07,INF,-,0.1,legacy_last_total_or_time_taken,0.1,,0.1,legacy_last_time_line,,D:\Research\FrequencyAssignment\SourceCode\Result2\no_pre_processing\CPLEX\CP\no_preprocessing\scen07.log
legacy_result2,CPX_CP,cp,off,scen08,INF,-,0.2,legacy_last_total_or_time_taken,0.2,,0.2,legacy_last_time_line,,D:\Research\FrequencyAssignment\SourceCode\Result2\no_pre_processing\CPLEX\CP\no_preprocessing\scen08.log
legacy_result2,CPX_CP,cp,off,scen09,INF,-,0.12,legacy_last_total_or_time_taken,0.12,,0.12,legacy_last_time_line,,D:\Research\FrequencyAssignment\SourceCode\Result2\no_pre_processing\CPLEX\CP\no_preprocessing\scen09.log
legacy_result2,CPX_CP,cp,off,scen10,INF,-,0.12,legacy_last_total_or_time_taken,0.12,,0.12,legacy_last_time_line,,D:\Research\FrequencyAssignment\SourceCode\Result2\no_pre_processing\CPLEX\CP\no_preprocessing\scen10.log
legacy_result2,CPX_CP,cp,off,scen11,TO,22,600.0,legacy_timeout_cap,,,,,600.0,D:\Research\FrequencyAssignment\SourceCode\Result2\no_pre_processing\CPLEX\CP\no_preprocessing\scen11.log
legacy_result2,CPX_CP,cp,off,graph01,TO,18,600.0,legacy_timeout_cap,,,,,600.0,D:\Research\FrequencyAssignment\SourceCode\Result2\no_pre_processing\CPLEX\CP\no_preprocessing\graph01.log
legacy_result2,CPX_CP,cp,off,graph02,TO,14,600.0,legacy_timeout_cap,,,,,600.0,D:\Research\FrequencyAssignment\SourceCode\Result2\no_pre_processing\CPLEX\CP\no_preprocessing\graph02.log
legacy_result2,CPX_CP,cp,off,graph03,OPT,20,120.02,legacy_last_total_or_time_taken,120.02,,120.02,legacy_last_time_line,,D:\Research\FrequencyAssignment\SourceCode\Result2\no_pre_processing\CPLEX\CP\no_preprocessing\graph03.log
legacy_result2,CPX_CP,cp,off,graph04,OPT,22,270.27,legacy_last_total_or_time_taken,270.27,,270.27,legacy_last_time_line,,D:\Research\FrequencyAssignment\SourceCode\Result2\no_pre_processing\CPLEX\CP\no_preprocessing\graph04.log
legacy_result2,CPX_CP,cp,off,graph05,INF,-,0.05,legacy_last_total_or_time_taken,0.05,,0.05,legacy_last_time_line,,D:\Research\FrequencyAssignment\SourceCode\Result2\no_pre_processing\CPLEX\CP\no_preprocessing\graph05.log
legacy_result2,CPX_CP,cp,off,graph06,INF,-,0.09,legacy_last_total_or_time_taken,0.09,,0.09,legacy_last_time_line,,D:\Research\FrequencyAssignment\SourceCode\Result2\no_pre_processing\CPLEX\CP\no_preprocessing\graph06.log
legacy_result2,CPX_CP,cp,off,graph07,INF,-,0.07,legacy_last_total_or_time_taken,0.07,,0.07,legacy_last_time_line,,D:\Research\FrequencyAssignment\SourceCode\Result2\no_pre_processing\CPLEX\CP\no_preprocessing\graph07.log
legacy_result2,CPX_CP,cp,off,graph08,TO,18,600.0,legacy_timeout_cap,,,,,600.0,D:\Research\FrequencyAssignment\SourceCode\Result2\no_pre_processing\CPLEX\CP\no_preprocessing\graph08.log
legacy_result2,CPX_CP,cp,off,graph09,TO,18,600.0,legacy_timeout_cap,,,,,600.0,D:\Research\FrequencyAssignment\SourceCode\Result2\no_pre_processing\CPLEX\CP\no_preprocessing\graph09.log
legacy_result2,CPX_CP,cp,off,graph10,TO,22,600.0,legacy_timeout_cap,,,,,600.0,D:\Research\FrequencyAssignment\SourceCode\Result2\no_pre_processing\CPLEX\CP\no_preprocessing\graph10.log
legacy_result2,CPX_CP,cp,off,graph11,INF,-,0.13,legacy_last_total_or_time_taken,0.13,,0.13,legacy_last_time_line,,D:\Research\FrequencyAssignment\SourceCode\Result2\no_pre_processing\CPLEX\CP\no_preprocessing\graph11.log
legacy_result2,CPX_CP,cp,off,graph12,INF,-,0.12,legacy_last_total_or_time_taken,0.12,,0.12,legacy_last_time_line,,D:\Research\FrequencyAssignment\SourceCode\Result2\no_pre_processing\CPLEX\CP\no_preprocessing\graph12.log
legacy_result2,CPX_CP,cp,off,graph13,INF,-,0.19,legacy_last_total_or_time_taken,0.19,,0.19,legacy_last_time_line,,D:\Research\FrequencyAssignment\SourceCode\Result2\no_pre_processing\CPLEX\CP\no_preprocessing\graph13.log
legacy_result2,CPX_CP,cp,off,graph14,TO,10,600.0,legacy_timeout_cap,,,,,600.0,D:\Research\FrequencyAssignment\SourceCode\Result2\no_pre_processing\CPLEX\CP\no_preprocessing\graph14.log
legacy_result2,CPX_CP,cp,off,TUD200.1,TO,12,600.0,legacy_timeout_cap,,,,,600.0,D:\Research\FrequencyAssignment\SourceCode\Result2\no_pre_processing\CPLEX\CP\no_preprocessing\TUD200.1.log
legacy_result2,CPX_CP,cp,off,TUD200.2,OPT,46,0.06,legacy_last_total_or_time_taken,0.06,,0.06,legacy_last_time_line,,D:\Research\FrequencyAssignment\SourceCode\Result2\no_pre_processing\CPLEX\CP\no_preprocessing\TUD200.2.log
legacy_result2,CPX_CP,cp,off,TUD200.3,TO,14,600.0,legacy_timeout_cap,,,,,600.0,D:\Research\FrequencyAssignment\SourceCode\Result2\no_pre_processing\CPLEX\CP\no_preprocessing\TUD200.3.log
legacy_result2,CPX_CP,cp,off,TUD200.4,OPT,20,0.08,legacy_last_total_or_time_taken,0.08,,0.08,legacy_last_time_line,,D:\Research\FrequencyAssignment\SourceCode\Result2\no_pre_processing\CPLEX\CP\no_preprocessing\TUD200.4.log
legacy_result2,CPX_CP,cp,off,TUD200.5,INF,-,0.05,legacy_last_total_or_time_taken,0.05,,0.05,legacy_last_time_line,,D:\Research\FrequencyAssignment\SourceCode\Result2\no_pre_processing\CPLEX\CP\no_preprocessing\TUD200.5.log
legacy_result2,CPX_CP,cp,off,TUD916.1,TO,24,600.0,legacy_timeout_cap,,,,,600.0,D:\Research\FrequencyAssignment\SourceCode\Result2\no_pre_processing\CPLEX\CP\no_preprocessing\TUD916.1.log
legacy_result2,CPX_CP,cp,off,TUD916.2,OPT,48,0.22,legacy_last_total_or_time_taken,0.22,,0.22,legacy_last_time_line,,D:\Research\FrequencyAssignment\SourceCode\Result2\no_pre_processing\CPLEX\CP\no_preprocessing\TUD916.2.log
legacy_result2,CPX_CP,cp,off,TUD916.3,OPT,24,43.17,legacy_last_total_or_time_taken,43.17,,43.17,legacy_last_time_line,,D:\Research\FrequencyAssignment\SourceCode\Result2\no_pre_processing\CPLEX\CP\no_preprocessing\TUD916.3.log
legacy_result2,CPX_CP,cp,off,TUD916.4,OPT,26,0.3,legacy_last_total_or_time_taken,0.3,,0.3,legacy_last_time_line,,D:\Research\FrequencyAssignment\SourceCode\Result2\no_pre_processing\CPLEX\CP\no_preprocessing\TUD916.4.log
legacy_result2,CPX_CP,cp,off,TUD916.5,INF,-,0.18,legacy_last_total_or_time_taken,0.18,,0.18,legacy_last_time_line,,D:\Research\FrequencyAssignment\SourceCode\Result2\no_pre_processing\CPLEX\CP\no_preprocessing\TUD916.5.log
legacy_result2,CPX_CP,cp,on,scen01,TO,16,600.0,legacy_timeout_cap,,,,,600.0,D:\Research\FrequencyAssignment\SourceCode\Result2\pre_processing\CPLEX\CP\preprocessing\scen01.log
legacy_result2,CPX_CP,cp,on,scen02,TO,14,600.0,legacy_timeout_cap,,,,,600.0,D:\Research\FrequencyAssignment\SourceCode\Result2\pre_processing\CPLEX\CP\preprocessing\scen02.log
legacy_result2,CPX_CP,cp,on,scen03,TO,14,600.0,legacy_timeout_cap,,,,,600.0,D:\Research\FrequencyAssignment\SourceCode\Result2\pre_processing\CPLEX\CP\preprocessing\scen03.log
legacy_result2,CPX_CP,cp,on,scen04,OPT,46,0.22,legacy_last_total_or_time_taken,0.22,,0.22,legacy_last_time_line,,D:\Research\FrequencyAssignment\SourceCode\Result2\pre_processing\CPLEX\CP\preprocessing\scen04.log
legacy_result2,CPX_CP,cp,on,scen05,OPT,40,0.73,legacy_last_total_or_time_taken,0.73,,0.73,legacy_last_time_line,,D:\Research\FrequencyAssignment\SourceCode\Result2\pre_processing\CPLEX\CP\preprocessing\scen05.log
legacy_result2,CPX_CP,cp,on,scen06,INF,-,0.24,legacy_last_total_or_time_taken,0.24,0.24,,legacy_last_time_line,,D:\Research\FrequencyAssignment\SourceCode\Result2\pre_processing\CPLEX\CP\preprocessing\scen06.log
legacy_result2,CPX_CP,cp,on,scen07,INF,-,0.2,legacy_last_total_or_time_taken,0.2,0.2,,legacy_last_time_line,,D:\Research\FrequencyAssignment\SourceCode\Result2\pre_processing\CPLEX\CP\preprocessing\scen07.log
legacy_result2,CPX_CP,cp,on,scen08,INF,-,0.28,legacy_last_total_or_time_taken,0.28,0.28,,legacy_last_time_line,,D:\Research\FrequencyAssignment\SourceCode\Result2\pre_processing\CPLEX\CP\preprocessing\scen08.log
legacy_result2,CPX_CP,cp,on,scen09,INF,-,0.01,legacy_last_total_or_time_taken,0.01,0.01,,legacy_last_time_line,,D:\Research\FrequencyAssignment\SourceCode\Result2\pre_processing\CPLEX\CP\preprocessing\scen09.log
legacy_result2,CPX_CP,cp,on,scen10,INF,-,0.01,legacy_last_total_or_time_taken,0.01,0.01,,legacy_last_time_line,,D:\Research\FrequencyAssignment\SourceCode\Result2\pre_processing\CPLEX\CP\preprocessing\scen10.log
legacy_result2,CPX_CP,cp,on,scen11,TO,22,600.0,legacy_timeout_cap,,,,,600.0,D:\Research\FrequencyAssignment\SourceCode\Result2\pre_processing\CPLEX\CP\preprocessing\scen11.log
legacy_result2,CPX_CP,cp,on,graph01,TO,18,600.0,legacy_timeout_cap,,,,,600.0,D:\Research\FrequencyAssignment\SourceCode\Result2\pre_processing\CPLEX\CP\preprocessing\graph01.log
legacy_result2,CPX_CP,cp,on,graph02,TO,14,600.0,legacy_timeout_cap,,,,,600.0,D:\Research\FrequencyAssignment\SourceCode\Result2\pre_processing\CPLEX\CP\preprocessing\graph02.log
legacy_result2,CPX_CP,cp,on,graph03,OPT,20,89.41,legacy_last_total_or_time_taken,89.41,,89.41,legacy_last_time_line,,D:\Research\FrequencyAssignment\SourceCode\Result2\pre_processing\CPLEX\CP\preprocessing\graph03.log
legacy_result2,CPX_CP,cp,on,graph04,OPT,22,315.61,legacy_last_total_or_time_taken,315.61,,315.61,legacy_last_time_line,,D:\Research\FrequencyAssignment\SourceCode\Result2\pre_processing\CPLEX\CP\preprocessing\graph04.log
legacy_result2,CPX_CP,cp,on,graph05,INF,-,0.04,legacy_last_total_or_time_taken,0.04,0.04,,legacy_last_time_line,,D:\Research\FrequencyAssignment\SourceCode\Result2\pre_processing\CPLEX\CP\preprocessing\graph05.log
legacy_result2,CPX_CP,cp,on,graph06,INF,-,0.1,legacy_last_total_or_time_taken,0.1,0.1,,legacy_last_time_line,,D:\Research\FrequencyAssignment\SourceCode\Result2\pre_processing\CPLEX\CP\preprocessing\graph06.log
legacy_result2,CPX_CP,cp,on,graph07,INF,-,0.01,legacy_last_total_or_time_taken,0.01,0.01,,legacy_last_time_line,,D:\Research\FrequencyAssignment\SourceCode\Result2\pre_processing\CPLEX\CP\preprocessing\graph07.log
legacy_result2,CPX_CP,cp,on,graph08,TO,18,600.0,legacy_timeout_cap,,,,,600.0,D:\Research\FrequencyAssignment\SourceCode\Result2\pre_processing\CPLEX\CP\preprocessing\graph08.log
legacy_result2,CPX_CP,cp,on,graph09,TO,18,600.0,legacy_timeout_cap,,,,,600.0,D:\Research\FrequencyAssignment\SourceCode\Result2\pre_processing\CPLEX\CP\preprocessing\graph09.log
legacy_result2,CPX_CP,cp,on,graph10,TO,22,600.0,legacy_timeout_cap,,,,,600.0,D:\Research\FrequencyAssignment\SourceCode\Result2\pre_processing\CPLEX\CP\preprocessing\graph10.log
legacy_result2,CPX_CP,cp,on,graph11,INF,-,0.15,legacy_last_total_or_time_taken,0.15,0.15,,legacy_last_time_line,,D:\Research\FrequencyAssignment\SourceCode\Result2\pre_processing\CPLEX\CP\preprocessing\graph11.log
legacy_result2,CPX_CP,cp,on,graph12,INF,-,0.01,legacy_last_total_or_time_taken,0.01,0.01,,legacy_last_time_line,,D:\Research\FrequencyAssignment\SourceCode\Result2\pre_processing\CPLEX\CP\preprocessing\graph12.log
legacy_result2,CPX_CP,cp,on,graph13,INF,-,0.25,legacy_last_total_or_time_taken,0.25,0.25,,legacy_last_time_line,,D:\Research\FrequencyAssignment\SourceCode\Result2\pre_processing\CPLEX\CP\preprocessing\graph13.log
legacy_result2,CPX_CP,cp,on,graph14,TO,10,600.0,legacy_timeout_cap,,,,,600.0,D:\Research\FrequencyAssignment\SourceCode\Result2\pre_processing\CPLEX\CP\preprocessing\graph14.log
legacy_result2,CPX_CP,cp,on,TUD200.1,TO,12,600.0,legacy_timeout_cap,,,,,600.0,D:\Research\FrequencyAssignment\SourceCode\Result2\pre_processing\CPLEX\CP\preprocessing\TUD200.1.log
legacy_result2,CPX_CP,cp,on,TUD200.2,OPT,46,0.12,legacy_last_total_or_time_taken,0.12,,0.12,legacy_last_time_line,,D:\Research\FrequencyAssignment\SourceCode\Result2\pre_processing\CPLEX\CP\preprocessing\TUD200.2.log
legacy_result2,CPX_CP,cp,on,TUD200.3,OPT,14,455.48,legacy_last_total_or_time_taken,455.48,,455.48,legacy_last_time_line,,D:\Research\FrequencyAssignment\SourceCode\Result2\pre_processing\CPLEX\CP\preprocessing\TUD200.3.log
legacy_result2,CPX_CP,cp,on,TUD200.4,OPT,20,0.16,legacy_last_total_or_time_taken,0.16,,0.16,legacy_last_time_line,,D:\Research\FrequencyAssignment\SourceCode\Result2\pre_processing\CPLEX\CP\preprocessing\TUD200.4.log
legacy_result2,CPX_CP,cp,on,TUD200.5,INF,-,0.05,legacy_last_total_or_time_taken,0.05,0.05,,legacy_last_time_line,,D:\Research\FrequencyAssignment\SourceCode\Result2\pre_processing\CPLEX\CP\preprocessing\TUD200.5.log
legacy_result2,CPX_CP,cp,on,TUD916.1,TO,22,600.0,legacy_timeout_cap,,,,,600.0,D:\Research\FrequencyAssignment\SourceCode\Result2\pre_processing\CPLEX\CP\preprocessing\TUD916.1.log
legacy_result2,CPX_CP,cp,on,TUD916.2,OPT,48,0.48,legacy_last_total_or_time_taken,0.48,,0.48,legacy_last_time_line,,D:\Research\FrequencyAssignment\SourceCode\Result2\pre_processing\CPLEX\CP\preprocessing\TUD916.2.log
legacy_result2,CPX_CP,cp,on,TUD916.3,OPT,24,35.65,legacy_last_total_or_time_taken,35.65,,35.65,legacy_last_time_line,,D:\Research\FrequencyAssignment\SourceCode\Result2\pre_processing\CPLEX\CP\preprocessing\TUD916.3.log
legacy_result2,CPX_CP,cp,on,TUD916.4,OPT,26,0.79,legacy_last_total_or_time_taken,0.79,,0.79,legacy_last_time_line,,D:\Research\FrequencyAssignment\SourceCode\Result2\pre_processing\CPLEX\CP\preprocessing\TUD916.4.log
legacy_result2,CPX_CP,cp,on,TUD916.5,INF,-,0.19,legacy_last_total_or_time_taken,0.19,0.19,,legacy_last_time_line,,D:\Research\FrequencyAssignment\SourceCode\Result2\pre_processing\CPLEX\CP\preprocessing\TUD916.5.log
legacy_result2,CPX_MP,mip,off,scen01,TO,24,600.0,legacy_timeout_cap,,118.95,,legacy_last_time_line,600.0,D:\Research\FrequencyAssignment\SourceCode\Result2\no_pre_processing\CPLEX\MIP\no_preprocessing\scen01.log
legacy_result2,CPX_MP,mip,off,scen02,TO,14,600.0,legacy_timeout_cap,,585.28,,legacy_last_time_line,600.0,D:\Research\FrequencyAssignment\SourceCode\Result2\no_pre_processing\CPLEX\MIP\no_preprocessing\scen02.log
legacy_result2,CPX_MP,mip,off,scen03,TO,18,600.0,legacy_timeout_cap,,283.48,,legacy_last_time_line,600.0,D:\Research\FrequencyAssignment\SourceCode\Result2\no_pre_processing\CPLEX\MIP\no_preprocessing\scen03.log
legacy_result2,CPX_MP,mip,off,scen04,OPT,46,3.45,legacy_last_total_or_time_taken,3.45,,3.45,legacy_last_time_line,,D:\Research\FrequencyAssignment\SourceCode\Result2\no_pre_processing\CPLEX\MIP\no_preprocessing\scen04.log
legacy_result2,CPX_MP,mip,off,scen05,OPT,40,25.92,legacy_last_total_or_time_taken,25.92,25.92,25.92,legacy_last_time_line,,D:\Research\FrequencyAssignment\SourceCode\Result2\no_pre_processing\CPLEX\MIP\no_preprocessing\scen05.log
legacy_result2,CPX_MP,mip,off,scen06,INF,-,10.84,legacy_last_total_or_time_taken,10.84,,10.84,legacy_last_time_line,,D:\Research\FrequencyAssignment\SourceCode\Result2\no_pre_processing\CPLEX\MIP\no_preprocessing\scen06.log
legacy_result2,CPX_MP,mip,off,scen07,INF,-,29.83,legacy_last_total_or_time_taken,29.83,,29.83,legacy_last_time_line,,D:\Research\FrequencyAssignment\SourceCode\Result2\no_pre_processing\CPLEX\MIP\no_preprocessing\scen07.log
legacy_result2,CPX_MP,mip,off,scen08,INF,-,50.63,legacy_last_total_or_time_taken,50.63,,50.63,legacy_last_time_line,,D:\Research\FrequencyAssignment\SourceCode\Result2\no_pre_processing\CPLEX\MIP\no_preprocessing\scen08.log
legacy_result2,CPX_MP,mip,off,scen09,INF,-,0.3,legacy_last_total_or_time_taken,0.3,,0.3,legacy_last_time_line,,D:\Research\FrequencyAssignment\SourceCode\Result2\no_pre_processing\CPLEX\MIP\no_preprocessing\scen09.log
legacy_result2,CPX_MP,mip,off,scen10,INF,-,0.31,legacy_last_total_or_time_taken,0.31,,0.31,legacy_last_time_line,,D:\Research\FrequencyAssignment\SourceCode\Result2\no_pre_processing\CPLEX\MIP\no_preprocessing\scen10.log
legacy_result2,CPX_MP,mip,off,scen11,TO,32,600.0,legacy_timeout_cap,,30.33,,legacy_last_time_line,600.0,D:\Research\FrequencyAssignment\SourceCode\Result2\no_pre_processing\CPLEX\MIP\no_preprocessing\scen11.log
legacy_result2,CPX_MP,mip,off,graph01,OPT,18,2.02,legacy_last_total_or_time_taken,2.02,2.01,2.02,legacy_last_time_line,,D:\Research\FrequencyAssignment\SourceCode\Result2\no_pre_processing\CPLEX\MIP\no_preprocessing\graph01.log
legacy_result2,CPX_MP,mip,off,graph02,OPT,14,15.7,legacy_last_total_or_time_taken,15.7,6.78,15.7,legacy_last_time_line,,D:\Research\FrequencyAssignment\SourceCode\Result2\no_pre_processing\CPLEX\MIP\no_preprocessing\graph02.log
legacy_result2,CPX_MP,mip,off,graph03,TO,38,600.0,legacy_timeout_cap,,440.68,,legacy_last_time_line,600.0,D:\Research\FrequencyAssignment\SourceCode\Result2\no_pre_processing\CPLEX\MIP\no_preprocessing\graph03.log
legacy_result2,CPX_MP,mip,off,graph04,TO,-,600.0,legacy_timeout_cap,,,,,600.0,D:\Research\FrequencyAssignment\SourceCode\Result2\no_pre_processing\CPLEX\MIP\no_preprocessing\graph04.log
legacy_result2,CPX_MP,mip,off,graph05,INF,-,8.25,legacy_last_total_or_time_taken,8.25,,8.25,legacy_last_time_line,,D:\Research\FrequencyAssignment\SourceCode\Result2\no_pre_processing\CPLEX\MIP\no_preprocessing\graph05.log
legacy_result2,CPX_MP,mip,off,graph06,INF,-,4.25,legacy_last_total_or_time_taken,4.25,,4.25,legacy_last_time_line,,D:\Research\FrequencyAssignment\SourceCode\Result2\no_pre_processing\CPLEX\MIP\no_preprocessing\graph06.log
legacy_result2,CPX_MP,mip,off,graph07,INF,-,0.29,legacy_last_total_or_time_taken,0.29,,0.29,legacy_last_time_line,,D:\Research\FrequencyAssignment\SourceCode\Result2\no_pre_processing\CPLEX\MIP\no_preprocessing\graph07.log
legacy_result2,CPX_MP,mip,off,graph08,TO,22,600.0,legacy_timeout_cap,,35.31,,legacy_last_time_line,600.0,D:\Research\FrequencyAssignment\SourceCode\Result2\no_pre_processing\CPLEX\MIP\no_preprocessing\graph08.log
legacy_result2,CPX_MP,mip,off,graph09,TO,28,600.0,legacy_timeout_cap,,79.72,,legacy_last_time_line,600.0,D:\Research\FrequencyAssignment\SourceCode\Result2\no_pre_processing\CPLEX\MIP\no_preprocessing\graph09.log
legacy_result2,CPX_MP,mip,off,graph10,TO,-,600.0,legacy_timeout_cap,,,,,600.0,D:\Research\FrequencyAssignment\SourceCode\Result2\no_pre_processing\CPLEX\MIP\no_preprocessing\graph10.log
legacy_result2,CPX_MP,mip,off,graph11,INF,-,7.03,legacy_last_total_or_time_taken,7.03,,7.03,legacy_last_time_line,,D:\Research\FrequencyAssignment\SourceCode\Result2\no_pre_processing\CPLEX\MIP\no_preprocessing\graph11.log
legacy_result2,CPX_MP,mip,off,graph12,INF,-,0.64,legacy_last_total_or_time_taken,0.64,,0.64,legacy_last_time_line,,D:\Research\FrequencyAssignment\SourceCode\Result2\no_pre_processing\CPLEX\MIP\no_preprocessing\graph12.log
legacy_result2,CPX_MP,mip,off,graph13,INF,-,10.66,legacy_last_total_or_time_taken,10.66,,10.66,legacy_last_time_line,,D:\Research\FrequencyAssignment\SourceCode\Result2\no_pre_processing\CPLEX\MIP\no_preprocessing\graph13.log
legacy_result2,CPX_MP,mip,off,graph14,TO,16,600.0,legacy_timeout_cap,,70.73,,legacy_last_time_line,600.0,D:\Research\FrequencyAssignment\SourceCode\Result2\no_pre_processing\CPLEX\MIP\no_preprocessing\graph14.log
legacy_result2,CPX_MP,mip,off,TUD200.1,OPT,12,12.42,legacy_last_total_or_time_taken,12.42,5.06,12.42,legacy_last_time_line,,D:\Research\FrequencyAssignment\SourceCode\Result2\no_pre_processing\CPLEX\MIP\no_preprocessing\TUD200.1.log
legacy_result2,CPX_MP,mip,off,TUD200.2,OPT,46,2.88,legacy_last_total_or_time_taken,2.88,,2.88,legacy_last_time_line,,D:\Research\FrequencyAssignment\SourceCode\Result2\no_pre_processing\CPLEX\MIP\no_preprocessing\TUD200.2.log
legacy_result2,CPX_MP,mip,off,TUD200.3,OPT,14,9.77,legacy_last_total_or_time_taken,9.77,3.75,9.77,legacy_last_time_line,,D:\Research\FrequencyAssignment\SourceCode\Result2\no_pre_processing\CPLEX\MIP\no_preprocessing\TUD200.3.log
legacy_result2,CPX_MP,mip,off,TUD200.4,OPT,20,5.11,legacy_last_total_or_time_taken,5.11,5.1,5.11,legacy_last_time_line,,D:\Research\FrequencyAssignment\SourceCode\Result2\no_pre_processing\CPLEX\MIP\no_preprocessing\TUD200.4.log
legacy_result2,CPX_MP,mip,off,TUD200.5,INF,-,8.99,legacy_last_total_or_time_taken,8.99,,8.99,legacy_last_time_line,,D:\Research\FrequencyAssignment\SourceCode\Result2\no_pre_processing\CPLEX\MIP\no_preprocessing\TUD200.5.log
legacy_result2,CPX_MP,mip,off,TUD916.1,TO,48,600.0,legacy_timeout_cap,,69.44,,legacy_last_time_line,600.0,D:\Research\FrequencyAssignment\SourceCode\Result2\no_pre_processing\CPLEX\MIP\no_preprocessing\TUD916.1.log
legacy_result2,CPX_MP,mip,off,TUD916.2,OPT,48,12.09,legacy_last_total_or_time_taken,12.09,,12.09,legacy_last_time_line,,D:\Research\FrequencyAssignment\SourceCode\Result2\no_pre_processing\CPLEX\MIP\no_preprocessing\TUD916.2.log
legacy_result2,CPX_MP,mip,off,TUD916.3,TO,46,600.0,legacy_timeout_cap,,67.45,,legacy_last_time_line,600.0,D:\Research\FrequencyAssignment\SourceCode\Result2\no_pre_processing\CPLEX\MIP\no_preprocessing\TUD916.3.log
legacy_result2,CPX_MP,mip,off,TUD916.4,OPT,26,37.14,legacy_last_total_or_time_taken,37.14,,37.14,legacy_last_time_line,,D:\Research\FrequencyAssignment\SourceCode\Result2\no_pre_processing\CPLEX\MIP\no_preprocessing\TUD916.4.log
legacy_result2,CPX_MP,mip,off,TUD916.5,INF,-,9.96,legacy_last_total_or_time_taken,9.96,,9.96,legacy_last_time_line,,D:\Research\FrequencyAssignment\SourceCode\Result2\no_pre_processing\CPLEX\MIP\no_preprocessing\TUD916.5.log
legacy_result2,CPX_MP,mip,on,scen01,TO,24,600.0,legacy_timeout_cap,,115.8,,legacy_last_time_line,600.0,D:\Research\FrequencyAssignment\SourceCode\Result2\pre_processing\CPLEX\MIP\preprocessing\scen01.log
legacy_result2,CPX_MP,mip,on,scen02,TO,14,600.0,legacy_timeout_cap,,582.59,,legacy_last_time_line,600.0,D:\Research\FrequencyAssignment\SourceCode\Result2\pre_processing\CPLEX\MIP\preprocessing\scen02.log
legacy_result2,CPX_MP,mip,on,scen03,TO,18,600.0,legacy_timeout_cap,,277.41,,legacy_last_time_line,600.0,D:\Research\FrequencyAssignment\SourceCode\Result2\pre_processing\CPLEX\MIP\preprocessing\scen03.log
legacy_result2,CPX_MP,mip,on,scen04,OPT,46,0.12,legacy_last_total_or_time_taken,0.12,,0.12,legacy_last_time_line,,D:\Research\FrequencyAssignment\SourceCode\Result2\pre_processing\CPLEX\MIP\preprocessing\scen04.log
legacy_result2,CPX_MP,mip,on,scen05,OPT,40,1.1,legacy_last_total_or_time_taken,1.1,1.09,1.1,legacy_last_time_line,,D:\Research\FrequencyAssignment\SourceCode\Result2\pre_processing\CPLEX\MIP\preprocessing\scen05.log
legacy_result2,CPX_MP,mip,on,scen06,INF,-,0.23,legacy_last_total_or_time_taken,0.23,0.23,,legacy_last_time_line,,D:\Research\FrequencyAssignment\SourceCode\Result2\pre_processing\CPLEX\MIP\preprocessing\scen06.log
legacy_result2,CPX_MP,mip,on,scen07,INF,-,0.2,legacy_last_total_or_time_taken,0.2,0.2,,legacy_last_time_line,,D:\Research\FrequencyAssignment\SourceCode\Result2\pre_processing\CPLEX\MIP\preprocessing\scen07.log
legacy_result2,CPX_MP,mip,on,scen08,INF,-,0.27,legacy_last_total_or_time_taken,0.27,0.27,,legacy_last_time_line,,D:\Research\FrequencyAssignment\SourceCode\Result2\pre_processing\CPLEX\MIP\preprocessing\scen08.log
legacy_result2,CPX_MP,mip,on,scen09,INF,-,0.01,legacy_last_total_or_time_taken,0.01,0.01,,legacy_last_time_line,,D:\Research\FrequencyAssignment\SourceCode\Result2\pre_processing\CPLEX\MIP\preprocessing\scen09.log
legacy_result2,CPX_MP,mip,on,scen10,INF,-,0.01,legacy_last_total_or_time_taken,0.01,0.01,,legacy_last_time_line,,D:\Research\FrequencyAssignment\SourceCode\Result2\pre_processing\CPLEX\MIP\preprocessing\scen10.log
legacy_result2,CPX_MP,mip,on,scen11,TO,32,600.0,legacy_timeout_cap,,29.41,,legacy_last_time_line,600.0,D:\Research\FrequencyAssignment\SourceCode\Result2\pre_processing\CPLEX\MIP\preprocessing\scen11.log
legacy_result2,CPX_MP,mip,on,graph01,OPT,18,2.19,legacy_last_total_or_time_taken,2.19,2.18,2.19,legacy_last_time_line,,D:\Research\FrequencyAssignment\SourceCode\Result2\pre_processing\CPLEX\MIP\preprocessing\graph01.log
legacy_result2,CPX_MP,mip,on,graph02,OPT,14,15.97,legacy_last_total_or_time_taken,15.97,6.75,15.97,legacy_last_time_line,,D:\Research\FrequencyAssignment\SourceCode\Result2\pre_processing\CPLEX\MIP\preprocessing\graph02.log
legacy_result2,CPX_MP,mip,on,graph03,TO,32,600.0,legacy_timeout_cap,,341.82,,legacy_last_time_line,600.0,D:\Research\FrequencyAssignment\SourceCode\Result2\pre_processing\CPLEX\MIP\preprocessing\graph03.log
legacy_result2,CPX_MP,mip,on,graph04,TO,-,600.0,legacy_timeout_cap,,,,,600.0,D:\Research\FrequencyAssignment\SourceCode\Result2\pre_processing\CPLEX\MIP\preprocessing\graph04.log
legacy_result2,CPX_MP,mip,on,graph05,INF,-,0.04,legacy_last_total_or_time_taken,0.04,0.04,,legacy_last_time_line,,D:\Research\FrequencyAssignment\SourceCode\Result2\pre_processing\CPLEX\MIP\preprocessing\graph05.log
legacy_result2,CPX_MP,mip,on,graph06,INF,-,0.09,legacy_last_total_or_time_taken,0.09,0.09,,legacy_last_time_line,,D:\Research\FrequencyAssignment\SourceCode\Result2\pre_processing\CPLEX\MIP\preprocessing\graph06.log
legacy_result2,CPX_MP,mip,on,graph07,INF,-,0.0,legacy_last_total_or_time_taken,0.0,0.0,,legacy_last_time_line,,D:\Research\FrequencyAssignment\SourceCode\Result2\pre_processing\CPLEX\MIP\preprocessing\graph07.log
legacy_result2,CPX_MP,mip,on,graph08,TO,22,600.0,legacy_timeout_cap,,35.02,,legacy_last_time_line,600.0,D:\Research\FrequencyAssignment\SourceCode\Result2\pre_processing\CPLEX\MIP\preprocessing\graph08.log
legacy_result2,CPX_MP,mip,on,graph09,TO,28,600.0,legacy_timeout_cap,,75.89,,legacy_last_time_line,600.0,D:\Research\FrequencyAssignment\SourceCode\Result2\pre_processing\CPLEX\MIP\preprocessing\graph09.log
legacy_result2,CPX_MP,mip,on,graph10,TO,-,600.0,legacy_timeout_cap,,,,,600.0,D:\Research\FrequencyAssignment\SourceCode\Result2\pre_processing\CPLEX\MIP\preprocessing\graph10.log
legacy_result2,CPX_MP,mip,on,graph11,INF,-,0.16,legacy_last_total_or_time_taken,0.16,0.16,,legacy_last_time_line,,D:\Research\FrequencyAssignment\SourceCode\Result2\pre_processing\CPLEX\MIP\preprocessing\graph11.log
legacy_result2,CPX_MP,mip,on,graph12,INF,-,0.01,legacy_last_total_or_time_taken,0.01,0.01,,legacy_last_time_line,,D:\Research\FrequencyAssignment\SourceCode\Result2\pre_processing\CPLEX\MIP\preprocessing\graph12.log
legacy_result2,CPX_MP,mip,on,graph13,INF,-,0.24,legacy_last_total_or_time_taken,0.24,0.24,,legacy_last_time_line,,D:\Research\FrequencyAssignment\SourceCode\Result2\pre_processing\CPLEX\MIP\preprocessing\graph13.log
legacy_result2,CPX_MP,mip,on,graph14,TO,16,600.0,legacy_timeout_cap,,69.94,,legacy_last_time_line,600.0,D:\Research\FrequencyAssignment\SourceCode\Result2\pre_processing\CPLEX\MIP\preprocessing\graph14.log
legacy_result2,CPX_MP,mip,on,TUD200.1,OPT,12,12.34,legacy_last_total_or_time_taken,12.34,5.73,12.34,legacy_last_time_line,,D:\Research\FrequencyAssignment\SourceCode\Result2\pre_processing\CPLEX\MIP\preprocessing\TUD200.1.log
legacy_result2,CPX_MP,mip,on,TUD200.2,OPT,46,0.09,legacy_last_total_or_time_taken,0.09,,0.09,legacy_last_time_line,,D:\Research\FrequencyAssignment\SourceCode\Result2\pre_processing\CPLEX\MIP\preprocessing\TUD200.2.log
legacy_result2,CPX_MP,mip,on,TUD200.3,OPT,14,345.36,legacy_last_total_or_time_taken,345.36,345.34,345.36,legacy_last_time_line,,D:\Research\FrequencyAssignment\SourceCode\Result2\pre_processing\CPLEX\MIP\preprocessing\TUD200.3.log
legacy_result2,CPX_MP,mip,on,TUD200.4,OPT,20,0.16,legacy_last_total_or_time_taken,0.16,,0.16,legacy_last_time_line,,D:\Research\FrequencyAssignment\SourceCode\Result2\pre_processing\CPLEX\MIP\preprocessing\TUD200.4.log
legacy_result2,CPX_MP,mip,on,TUD200.5,INF,-,0.05,legacy_last_total_or_time_taken,0.05,0.05,,legacy_last_time_line,,D:\Research\FrequencyAssignment\SourceCode\Result2\pre_processing\CPLEX\MIP\preprocessing\TUD200.5.log
legacy_result2,CPX_MP,mip,on,TUD916.1,TO,46,600.0,legacy_timeout_cap,,61.83,,legacy_last_time_line,600.0,D:\Research\FrequencyAssignment\SourceCode\Result2\pre_processing\CPLEX\MIP\preprocessing\TUD916.1.log
legacy_result2,CPX_MP,mip,on,TUD916.2,OPT,48,0.35,legacy_last_total_or_time_taken,0.35,,0.35,legacy_last_time_line,,D:\Research\FrequencyAssignment\SourceCode\Result2\pre_processing\CPLEX\MIP\preprocessing\TUD916.2.log
legacy_result2,CPX_MP,mip,on,TUD916.3,TO,46,600.0,legacy_timeout_cap,,69.28,,legacy_last_time_line,600.0,D:\Research\FrequencyAssignment\SourceCode\Result2\pre_processing\CPLEX\MIP\preprocessing\TUD916.3.log
legacy_result2,CPX_MP,mip,on,TUD916.4,OPT,26,0.62,legacy_last_total_or_time_taken,0.62,,0.62,legacy_last_time_line,,D:\Research\FrequencyAssignment\SourceCode\Result2\pre_processing\CPLEX\MIP\preprocessing\TUD916.4.log
legacy_result2,CPX_MP,mip,on,TUD916.5,INF,-,0.19,legacy_last_total_or_time_taken,0.19,0.19,,legacy_last_time_line,,D:\Research\FrequencyAssignment\SourceCode\Result2\pre_processing\CPLEX\MIP\preprocessing\TUD916.5.log
legacy_result2,DSE_INCSC,nsc_assumptions,off,scen01,TO,16,600.0,legacy_timeout_cap,,,2.43,legacy_last_time_line,600.0,D:\Research\FrequencyAssignment\SourceCode\Result2\no_pre_processing\SAT\pairwise\no_pre_processing\nsc_assumptions\scen01.log
legacy_result2,DSE_INCSC,nsc_assumptions,off,scen02,TO,14,600.0,legacy_timeout_cap,,,0.49,legacy_last_time_line,600.0,D:\Research\FrequencyAssignment\SourceCode\Result2\no_pre_processing\SAT\pairwise\no_pre_processing\nsc_assumptions\scen02.log
legacy_result2,DSE_INCSC,nsc_assumptions,off,scen03,TO,14,600.0,legacy_timeout_cap,,,1.61,legacy_last_time_line,600.0,D:\Research\FrequencyAssignment\SourceCode\Result2\no_pre_processing\SAT\pairwise\no_pre_processing\nsc_assumptions\scen03.log
legacy_result2,DSE_INCSC,nsc_assumptions,off,scen04,OPT,46,0.85,legacy_last_total_or_time_taken,0.85,0.86,0.85,legacy_last_time_line,,D:\Research\FrequencyAssignment\SourceCode\Result2\no_pre_processing\SAT\pairwise\no_pre_processing\nsc_assumptions\scen04.log
legacy_result2,DSE_INCSC,nsc_assumptions,off,scen05,OPT,40,2.58,legacy_last_total_or_time_taken,2.58,,2.58,legacy_last_time_line,,D:\Research\FrequencyAssignment\SourceCode\Result2\no_pre_processing\SAT\pairwise\no_pre_processing\nsc_assumptions\scen05.log
legacy_result2,DSE_INCSC,nsc_assumptions,off,scen06,INF,-,0.88,legacy_last_total_or_time_taken,0.88,0.88,,legacy_last_time_line,,D:\Research\FrequencyAssignment\SourceCode\Result2\no_pre_processing\SAT\pairwise\no_pre_processing\nsc_assumptions\scen06.log
legacy_result2,DSE_INCSC,nsc_assumptions,off,scen07,INF,-,1.88,legacy_last_total_or_time_taken,1.88,1.88,,legacy_last_time_line,,D:\Research\FrequencyAssignment\SourceCode\Result2\no_pre_processing\SAT\pairwise\no_pre_processing\nsc_assumptions\scen07.log
legacy_result2,DSE_INCSC,nsc_assumptions,off,scen08,INF,-,3.58,legacy_last_total_or_time_taken,3.58,3.58,,legacy_last_time_line,,D:\Research\FrequencyAssignment\SourceCode\Result2\no_pre_processing\SAT\pairwise\no_pre_processing\nsc_assumptions\scen08.log
legacy_result2,DSE_INCSC,nsc_assumptions,off,scen09,INF,-,0.13,legacy_last_total_or_time_taken,0.13,0.13,,legacy_last_time_line,,D:\Research\FrequencyAssignment\SourceCode\Result2\no_pre_processing\SAT\pairwise\no_pre_processing\nsc_assumptions\scen09.log
legacy_result2,DSE_INCSC,nsc_assumptions,off,scen10,INF,-,0.13,legacy_last_total_or_time_taken,0.13,0.13,,legacy_last_time_line,,D:\Research\FrequencyAssignment\SourceCode\Result2\no_pre_processing\SAT\pairwise\no_pre_processing\nsc_assumptions\scen10.log
legacy_result2,DSE_INCSC,nsc_assumptions,off,scen11,TO,22,600.0,legacy_timeout_cap,,,5.84,legacy_last_time_line,600.0,D:\Research\FrequencyAssignment\SourceCode\Result2\no_pre_processing\SAT\pairwise\no_pre_processing\nsc_assumptions\scen11.log
legacy_result2,DSE_INCSC,nsc_assumptions,off,graph01,TO,18,600.0,legacy_timeout_cap,,,0.35,legacy_last_time_line,600.0,D:\Research\FrequencyAssignment\SourceCode\Result2\no_pre_processing\SAT\pairwise\no_pre_processing\nsc_assumptions\graph01.log
legacy_result2,DSE_INCSC,nsc_assumptions,off,graph02,TO,14,600.0,legacy_timeout_cap,,,0.65,legacy_last_time_line,600.0,D:\Research\FrequencyAssignment\SourceCode\Result2\no_pre_processing\SAT\pairwise\no_pre_processing\nsc_assumptions\graph02.log
legacy_result2,DSE_INCSC,nsc_assumptions,off,graph03,OPT,20,28.51,legacy_last_total_or_time_taken,28.51,,28.51,legacy_last_time_line,,D:\Research\FrequencyAssignment\SourceCode\Result2\no_pre_processing\SAT\pairwise\no_pre_processing\nsc_assumptions\graph03.log
legacy_result2,DSE_INCSC,nsc_assumptions,off,graph04,OPT,22,59.09,legacy_last_total_or_time_taken,59.09,,59.09,legacy_last_time_line,,D:\Research\FrequencyAssignment\SourceCode\Result2\no_pre_processing\SAT\pairwise\no_pre_processing\nsc_assumptions\graph04.log
legacy_result2,DSE_INCSC,nsc_assumptions,off,graph05,INF,-,0.61,legacy_last_total_or_time_taken,0.61,0.61,,legacy_last_time_line,,D:\Research\FrequencyAssignment\SourceCode\Result2\no_pre_processing\SAT\pairwise\no_pre_processing\nsc_assumptions\graph05.log
legacy_result2,DSE_INCSC,nsc_assumptions,off,graph06,INF,-,1.19,legacy_last_total_or_time_taken,1.19,1.19,,legacy_last_time_line,,D:\Research\FrequencyAssignment\SourceCode\Result2\no_pre_processing\SAT\pairwise\no_pre_processing\nsc_assumptions\graph06.log
legacy_result2,DSE_INCSC,nsc_assumptions,off,graph07,INF,-,0.12,legacy_last_total_or_time_taken,0.12,0.12,,legacy_last_time_line,,D:\Research\FrequencyAssignment\SourceCode\Result2\no_pre_processing\SAT\pairwise\no_pre_processing\nsc_assumptions\graph07.log
legacy_result2,DSE_INCSC,nsc_assumptions,off,graph08,TO,18,600.0,legacy_timeout_cap,,,1.23,legacy_last_time_line,600.0,D:\Research\FrequencyAssignment\SourceCode\Result2\no_pre_processing\SAT\pairwise\no_pre_processing\nsc_assumptions\graph08.log
legacy_result2,DSE_INCSC,nsc_assumptions,off,graph09,TO,18,600.0,legacy_timeout_cap,,,2.73,legacy_last_time_line,600.0,D:\Research\FrequencyAssignment\SourceCode\Result2\no_pre_processing\SAT\pairwise\no_pre_processing\nsc_assumptions\graph09.log
legacy_result2,DSE_INCSC,nsc_assumptions,off,graph10,TO,22,600.0,legacy_timeout_cap,,,110.52,legacy_last_time_line,600.0,D:\Research\FrequencyAssignment\SourceCode\Result2\no_pre_processing\SAT\pairwise\no_pre_processing\nsc_assumptions\graph10.log
legacy_result2,DSE_INCSC,nsc_assumptions,off,graph11,INF,-,2.13,legacy_last_total_or_time_taken,2.13,2.13,,legacy_last_time_line,,D:\Research\FrequencyAssignment\SourceCode\Result2\no_pre_processing\SAT\pairwise\no_pre_processing\nsc_assumptions\graph11.log
legacy_result2,DSE_INCSC,nsc_assumptions,off,graph12,INF,-,0.24,legacy_last_total_or_time_taken,0.24,0.24,,legacy_last_time_line,,D:\Research\FrequencyAssignment\SourceCode\Result2\no_pre_processing\SAT\pairwise\no_pre_processing\nsc_assumptions\graph12.log
legacy_result2,DSE_INCSC,nsc_assumptions,off,graph13,INF,-,3.21,legacy_last_total_or_time_taken,3.21,3.21,,legacy_last_time_line,,D:\Research\FrequencyAssignment\SourceCode\Result2\no_pre_processing\SAT\pairwise\no_pre_processing\nsc_assumptions\graph13.log
legacy_result2,DSE_INCSC,nsc_assumptions,off,graph14,OPT,8,103.06,legacy_last_total_or_time_taken,103.06,,103.06,legacy_last_time_line,,D:\Research\FrequencyAssignment\SourceCode\Result2\no_pre_processing\SAT\pairwise\no_pre_processing\nsc_assumptions\graph14.log
legacy_result2,DSE_INCSC,nsc_assumptions,off,TUD200.1,OPT,12,104.14,legacy_last_total_or_time_taken,104.14,,104.14,legacy_last_time_line,,D:\Research\FrequencyAssignment\SourceCode\Result2\no_pre_processing\SAT\pairwise\no_pre_processing\nsc_assumptions\TUD200.1.log
legacy_result2,DSE_INCSC,nsc_assumptions,off,TUD200.2,OPT,46,0.75,legacy_last_total_or_time_taken,0.75,0.77,0.75,legacy_last_time_line,,D:\Research\FrequencyAssignment\SourceCode\Result2\no_pre_processing\SAT\pairwise\no_pre_processing\nsc_assumptions\TUD200.2.log
legacy_result2,DSE_INCSC,nsc_assumptions,off,TUD200.3,OPT,14,3.97,legacy_last_total_or_time_taken,3.97,,3.97,legacy_last_time_line,,D:\Research\FrequencyAssignment\SourceCode\Result2\no_pre_processing\SAT\pairwise\no_pre_processing\nsc_assumptions\TUD200.3.log
legacy_result2,DSE_INCSC,nsc_assumptions,off,TUD200.4,OPT,20,0.59,legacy_last_total_or_time_taken,0.59,,0.59,legacy_last_time_line,,D:\Research\FrequencyAssignment\SourceCode\Result2\no_pre_processing\SAT\pairwise\no_pre_processing\nsc_assumptions\TUD200.4.log
legacy_result2,DSE_INCSC,nsc_assumptions,off,TUD200.5,INF,-,0.68,legacy_last_total_or_time_taken,0.68,0.68,,legacy_last_time_line,,D:\Research\FrequencyAssignment\SourceCode\Result2\no_pre_processing\SAT\pairwise\no_pre_processing\nsc_assumptions\TUD200.5.log
legacy_result2,DSE_INCSC,nsc_assumptions,off,TUD916.1,OPT,18,54.4,legacy_last_total_or_time_taken,54.4,,54.4,legacy_last_time_line,,D:\Research\FrequencyAssignment\SourceCode\Result2\no_pre_processing\SAT\pairwise\no_pre_processing\nsc_assumptions\TUD916.1.log
legacy_result2,DSE_INCSC,nsc_assumptions,off,TUD916.2,OPT,48,3.11,legacy_last_total_or_time_taken,3.11,3.26,3.11,legacy_last_time_line,,D:\Research\FrequencyAssignment\SourceCode\Result2\no_pre_processing\SAT\pairwise\no_pre_processing\nsc_assumptions\TUD916.2.log
legacy_result2,DSE_INCSC,nsc_assumptions,off,TUD916.3,OPT,24,9.17,legacy_last_total_or_time_taken,9.17,,9.17,legacy_last_time_line,,D:\Research\FrequencyAssignment\SourceCode\Result2\no_pre_processing\SAT\pairwise\no_pre_processing\nsc_assumptions\TUD916.3.log
legacy_result2,DSE_INCSC,nsc_assumptions,off,TUD916.4,OPT,26,3.58,legacy_last_total_or_time_taken,3.58,,3.58,legacy_last_time_line,,D:\Research\FrequencyAssignment\SourceCode\Result2\no_pre_processing\SAT\pairwise\no_pre_processing\nsc_assumptions\TUD916.4.log
legacy_result2,DSE_INCSC,nsc_assumptions,off,TUD916.5,INF,-,2.87,legacy_last_total_or_time_taken,2.87,2.87,,legacy_last_time_line,,D:\Research\FrequencyAssignment\SourceCode\Result2\no_pre_processing\SAT\pairwise\no_pre_processing\nsc_assumptions\TUD916.5.log
legacy_result2,DSE_INCSC,nsc_assumptions,on,scen01,TO,16,600.0,legacy_timeout_cap,,,2.63,legacy_last_time_line,600.0,D:\Research\FrequencyAssignment\SourceCode\Result2\pre_processing\SAT\pairwise\preprocessing\nsc_assumptions\scen01.log
legacy_result2,DSE_INCSC,nsc_assumptions,on,scen02,TO,14,600.0,legacy_timeout_cap,,,0.48,legacy_last_time_line,600.0,D:\Research\FrequencyAssignment\SourceCode\Result2\pre_processing\SAT\pairwise\preprocessing\nsc_assumptions\scen02.log
legacy_result2,DSE_INCSC,nsc_assumptions,on,scen03,TO,14,600.0,legacy_timeout_cap,,,1.68,legacy_last_time_line,600.0,D:\Research\FrequencyAssignment\SourceCode\Result2\pre_processing\SAT\pairwise\preprocessing\nsc_assumptions\scen03.log
legacy_result2,DSE_INCSC,nsc_assumptions,on,scen04,OPT,46,0.06,legacy_last_total_or_time_taken,0.06,0.07,0.06,legacy_last_time_line,,D:\Research\FrequencyAssignment\SourceCode\Result2\pre_processing\SAT\pairwise\preprocessing\nsc_assumptions\scen04.log
legacy_result2,DSE_INCSC,nsc_assumptions,on,scen05,OPT,40,0.79,legacy_last_total_or_time_taken,0.79,,0.79,legacy_last_time_line,,D:\Research\FrequencyAssignment\SourceCode\Result2\pre_processing\SAT\pairwise\preprocessing\nsc_assumptions\scen05.log
legacy_result2,DSE_INCSC,nsc_assumptions,on,scen06,INF,-,0.49,legacy_last_total_or_time_taken,0.49,0.49,,legacy_last_time_line,,D:\Research\FrequencyAssignment\SourceCode\Result2\pre_processing\SAT\pairwise\preprocessing\nsc_assumptions\scen06.log
legacy_result2,DSE_INCSC,nsc_assumptions,on,scen07,INF,-,0.72,legacy_last_total_or_time_taken,0.72,0.72,,legacy_last_time_line,,D:\Research\FrequencyAssignment\SourceCode\Result2\pre_processing\SAT\pairwise\preprocessing\nsc_assumptions\scen07.log
legacy_result2,DSE_INCSC,nsc_assumptions,on,scen08,INF,-,1.73,legacy_last_total_or_time_taken,1.73,1.73,,legacy_last_time_line,,D:\Research\FrequencyAssignment\SourceCode\Result2\pre_processing\SAT\pairwise\preprocessing\nsc_assumptions\scen08.log
legacy_result2,DSE_INCSC,nsc_assumptions,on,scen09,INF,-,0.02,legacy_last_total_or_time_taken,0.02,0.02,,legacy_last_time_line,,D:\Research\FrequencyAssignment\SourceCode\Result2\pre_processing\SAT\pairwise\preprocessing\nsc_assumptions\scen09.log
legacy_result2,DSE_INCSC,nsc_assumptions,on,scen10,INF,-,0.01,legacy_last_total_or_time_taken,0.01,0.01,,legacy_last_time_line,,D:\Research\FrequencyAssignment\SourceCode\Result2\pre_processing\SAT\pairwise\preprocessing\nsc_assumptions\scen10.log
legacy_result2,DSE_INCSC,nsc_assumptions,on,scen11,TO,22,600.0,legacy_timeout_cap,,,5.95,legacy_last_time_line,600.0,D:\Research\FrequencyAssignment\SourceCode\Result2\pre_processing\SAT\pairwise\preprocessing\nsc_assumptions\scen11.log
legacy_result2,DSE_INCSC,nsc_assumptions,on,graph01,TO,18,600.0,legacy_timeout_cap,,,0.39,legacy_last_time_line,600.0,D:\Research\FrequencyAssignment\SourceCode\Result2\pre_processing\SAT\pairwise\preprocessing\nsc_assumptions\graph01.log
legacy_result2,DSE_INCSC,nsc_assumptions,on,graph02,TO,14,600.0,legacy_timeout_cap,,,0.71,legacy_last_time_line,600.0,D:\Research\FrequencyAssignment\SourceCode\Result2\pre_processing\SAT\pairwise\preprocessing\nsc_assumptions\graph02.log
legacy_result2,DSE_INCSC,nsc_assumptions,on,graph03,OPT,20,24.1,legacy_last_total_or_time_taken,24.1,,24.1,legacy_last_time_line,,D:\Research\FrequencyAssignment\SourceCode\Result2\pre_processing\SAT\pairwise\preprocessing\nsc_assumptions\graph03.log
legacy_result2,DSE_INCSC,nsc_assumptions,on,graph04,OPT,22,58.64,legacy_last_total_or_time_taken,58.64,,58.64,legacy_last_time_line,,D:\Research\FrequencyAssignment\SourceCode\Result2\pre_processing\SAT\pairwise\preprocessing\nsc_assumptions\graph04.log
legacy_result2,DSE_INCSC,nsc_assumptions,on,graph05,INF,-,0.09,legacy_last_total_or_time_taken,0.09,0.09,,legacy_last_time_line,,D:\Research\FrequencyAssignment\SourceCode\Result2\pre_processing\SAT\pairwise\preprocessing\nsc_assumptions\graph05.log
legacy_result2,DSE_INCSC,nsc_assumptions,on,graph06,INF,-,0.49,legacy_last_total_or_time_taken,0.49,0.49,,legacy_last_time_line,,D:\Research\FrequencyAssignment\SourceCode\Result2\pre_processing\SAT\pairwise\preprocessing\nsc_assumptions\graph06.log
legacy_result2,DSE_INCSC,nsc_assumptions,on,graph07,INF,-,0.01,legacy_last_total_or_time_taken,0.01,0.01,,legacy_last_time_line,,D:\Research\FrequencyAssignment\SourceCode\Result2\pre_processing\SAT\pairwise\preprocessing\nsc_assumptions\graph07.log
legacy_result2,DSE_INCSC,nsc_assumptions,on,graph08,TO,18,600.0,legacy_timeout_cap,,,1.37,legacy_last_time_line,600.0,D:\Research\FrequencyAssignment\SourceCode\Result2\pre_processing\SAT\pairwise\preprocessing\nsc_assumptions\graph08.log
legacy_result2,DSE_INCSC,nsc_assumptions,on,graph09,TO,18,600.0,legacy_timeout_cap,,,2.88,legacy_last_time_line,600.0,D:\Research\FrequencyAssignment\SourceCode\Result2\pre_processing\SAT\pairwise\preprocessing\nsc_assumptions\graph09.log
legacy_result2,DSE_INCSC,nsc_assumptions,on,graph10,TO,22,600.0,legacy_timeout_cap,,,19.73,legacy_last_time_line,600.0,D:\Research\FrequencyAssignment\SourceCode\Result2\pre_processing\SAT\pairwise\preprocessing\nsc_assumptions\graph10.log
legacy_result2,DSE_INCSC,nsc_assumptions,on,graph11,INF,-,0.98,legacy_last_total_or_time_taken,0.98,0.98,,legacy_last_time_line,,D:\Research\FrequencyAssignment\SourceCode\Result2\pre_processing\SAT\pairwise\preprocessing\nsc_assumptions\graph11.log
legacy_result2,DSE_INCSC,nsc_assumptions,on,graph12,INF,-,0.02,legacy_last_total_or_time_taken,0.02,0.02,,legacy_last_time_line,,D:\Research\FrequencyAssignment\SourceCode\Result2\pre_processing\SAT\pairwise\preprocessing\nsc_assumptions\graph12.log
legacy_result2,DSE_INCSC,nsc_assumptions,on,graph13,INF,-,1.45,legacy_last_total_or_time_taken,1.45,1.45,,legacy_last_time_line,,D:\Research\FrequencyAssignment\SourceCode\Result2\pre_processing\SAT\pairwise\preprocessing\nsc_assumptions\graph13.log
legacy_result2,DSE_INCSC,nsc_assumptions,on,graph14,OPT,8,106.29,legacy_last_total_or_time_taken,106.29,,106.29,legacy_last_time_line,,D:\Research\FrequencyAssignment\SourceCode\Result2\pre_processing\SAT\pairwise\preprocessing\nsc_assumptions\graph14.log
legacy_result2,DSE_INCSC,nsc_assumptions,on,TUD200.1,OPT,12,42.02,legacy_last_total_or_time_taken,42.02,,42.02,legacy_last_time_line,,D:\Research\FrequencyAssignment\SourceCode\Result2\pre_processing\SAT\pairwise\preprocessing\nsc_assumptions\TUD200.1.log
legacy_result2,DSE_INCSC,nsc_assumptions,on,TUD200.2,OPT,46,0.25,legacy_last_total_or_time_taken,0.25,0.26,0.25,legacy_last_time_line,,D:\Research\FrequencyAssignment\SourceCode\Result2\pre_processing\SAT\pairwise\preprocessing\nsc_assumptions\TUD200.2.log
legacy_result2,DSE_INCSC,nsc_assumptions,on,TUD200.3,OPT,14,8.0,legacy_last_total_or_time_taken,8.0,,8.0,legacy_last_time_line,,D:\Research\FrequencyAssignment\SourceCode\Result2\pre_processing\SAT\pairwise\preprocessing\nsc_assumptions\TUD200.3.log
legacy_result2,DSE_INCSC,nsc_assumptions,on,TUD200.4,OPT,20,0.25,legacy_last_total_or_time_taken,0.25,,0.25,legacy_last_time_line,,D:\Research\FrequencyAssignment\SourceCode\Result2\pre_processing\SAT\pairwise\preprocessing\nsc_assumptions\TUD200.4.log
legacy_result2,DSE_INCSC,nsc_assumptions,on,TUD200.5,INF,-,0.29,legacy_last_total_or_time_taken,0.29,0.29,,legacy_last_time_line,,D:\Research\FrequencyAssignment\SourceCode\Result2\pre_processing\SAT\pairwise\preprocessing\nsc_assumptions\TUD200.5.log
legacy_result2,DSE_INCSC,nsc_assumptions,on,TUD916.1,OPT,18,58.76,legacy_last_total_or_time_taken,58.76,,58.76,legacy_last_time_line,,D:\Research\FrequencyAssignment\SourceCode\Result2\pre_processing\SAT\pairwise\preprocessing\nsc_assumptions\TUD916.1.log
legacy_result2,DSE_INCSC,nsc_assumptions,on,TUD916.2,OPT,48,0.85,legacy_last_total_or_time_taken,0.85,0.86,0.85,legacy_last_time_line,,D:\Research\FrequencyAssignment\SourceCode\Result2\pre_processing\SAT\pairwise\preprocessing\nsc_assumptions\TUD916.2.log
legacy_result2,DSE_INCSC,nsc_assumptions,on,TUD916.3,OPT,24,15.68,legacy_last_total_or_time_taken,15.68,,15.68,legacy_last_time_line,,D:\Research\FrequencyAssignment\SourceCode\Result2\pre_processing\SAT\pairwise\preprocessing\nsc_assumptions\TUD916.3.log
legacy_result2,DSE_INCSC,nsc_assumptions,on,TUD916.4,OPT,26,1.08,legacy_last_total_or_time_taken,1.08,,1.08,legacy_last_time_line,,D:\Research\FrequencyAssignment\SourceCode\Result2\pre_processing\SAT\pairwise\preprocessing\nsc_assumptions\TUD916.4.log
legacy_result2,DSE_INCSC,nsc_assumptions,on,TUD916.5,INF,-,0.24,legacy_last_total_or_time_taken,0.24,0.24,,legacy_last_time_line,,D:\Research\FrequencyAssignment\SourceCode\Result2\pre_processing\SAT\pairwise\preprocessing\nsc_assumptions\TUD916.5.log
legacy_result2,GUR,gurobi,off,scen01,TO,20,600.0,legacy_timeout_cap,,,31.03,legacy_last_time_line,600.0,D:\Research\FrequencyAssignment\SourceCode\Result2\no_pre_processing\Gurobi\no_pre_processing\scen01.log
legacy_result2,GUR,gurobi,off,scen02,OPT,14,6.85,legacy_last_total_or_time_taken,6.85,,6.85,legacy_last_time_line,,D:\Research\FrequencyAssignment\SourceCode\Result2\no_pre_processing\Gurobi\no_pre_processing\scen02.log
legacy_result2,GUR,gurobi,off,scen03,TO,16,600.0,legacy_timeout_cap,,,412.96,legacy_last_time_line,600.0,D:\Research\FrequencyAssignment\SourceCode\Result2\no_pre_processing\Gurobi\no_pre_processing\scen03.log
legacy_result2,GUR,gurobi,off,scen04,OPT,46,5.45,legacy_last_total_or_time_taken,5.45,,5.45,legacy_last_time_line,,D:\Research\FrequencyAssignment\SourceCode\Result2\no_pre_processing\Gurobi\no_pre_processing\scen04.log
legacy_result2,GUR,gurobi,off,scen05,OPT,40,13.78,legacy_last_total_or_time_taken,13.78,,13.78,legacy_last_time_line,,D:\Research\FrequencyAssignment\SourceCode\Result2\no_pre_processing\Gurobi\no_pre_processing\scen05.log
legacy_result2,GUR,gurobi,off,scen06,INF,-,7.31,legacy_last_total_or_time_taken,7.31,,7.31,legacy_last_time_line,,D:\Research\FrequencyAssignment\SourceCode\Result2\no_pre_processing\Gurobi\no_pre_processing\scen06.log
legacy_result2,GUR,gurobi,off,scen07,INF,-,14.6,legacy_last_total_or_time_taken,14.6,,14.6,legacy_last_time_line,,D:\Research\FrequencyAssignment\SourceCode\Result2\no_pre_processing\Gurobi\no_pre_processing\scen07.log
legacy_result2,GUR,gurobi,off,scen08,INF,-,29.29,legacy_last_total_or_time_taken,29.29,,29.29,legacy_last_time_line,,D:\Research\FrequencyAssignment\SourceCode\Result2\no_pre_processing\Gurobi\no_pre_processing\scen08.log
legacy_result2,GUR,gurobi,off,scen09,INF,-,0.65,legacy_last_total_or_time_taken,0.65,,0.65,legacy_last_time_line,,D:\Research\FrequencyAssignment\SourceCode\Result2\no_pre_processing\Gurobi\no_pre_processing\scen09.log
legacy_result2,GUR,gurobi,off,scen10,INF,-,0.62,legacy_last_total_or_time_taken,0.62,,0.62,legacy_last_time_line,,D:\Research\FrequencyAssignment\SourceCode\Result2\no_pre_processing\Gurobi\no_pre_processing\scen10.log
legacy_result2,GUR,gurobi,off,scen11,OPT,22,196.02,legacy_last_total_or_time_taken,196.02,,196.02,legacy_last_time_line,,D:\Research\FrequencyAssignment\SourceCode\Result2\no_pre_processing\Gurobi\no_pre_processing\scen11.log
legacy_result2,GUR,gurobi,off,graph01,OPT,18,4.97,legacy_last_total_or_time_taken,4.97,,4.97,legacy_last_time_line,,D:\Research\FrequencyAssignment\SourceCode\Result2\no_pre_processing\Gurobi\no_pre_processing\graph01.log
legacy_result2,GUR,gurobi,off,graph02,OPT,14,43.95,legacy_last_total_or_time_taken,43.95,,43.95,legacy_last_time_line,,D:\Research\FrequencyAssignment\SourceCode\Result2\no_pre_processing\Gurobi\no_pre_processing\graph02.log
legacy_result2,GUR,gurobi,off,graph03,TO,20,600.0,legacy_timeout_cap,,,584.88,legacy_last_time_line,600.0,D:\Research\FrequencyAssignment\SourceCode\Result2\no_pre_processing\Gurobi\no_pre_processing\graph03.log
legacy_result2,GUR,gurobi,off,graph04,TO,44,600.0,legacy_timeout_cap,,,370.86,legacy_last_time_line,600.0,D:\Research\FrequencyAssignment\SourceCode\Result2\no_pre_processing\Gurobi\no_pre_processing\graph04.log
legacy_result2,GUR,gurobi,off,graph05,INF,-,4.66,legacy_last_total_or_time_taken,4.66,,4.66,legacy_last_time_line,,D:\Research\FrequencyAssignment\SourceCode\Result2\no_pre_processing\Gurobi\no_pre_processing\graph05.log
legacy_result2,GUR,gurobi,off,graph06,INF,-,7.65,legacy_last_total_or_time_taken,7.65,,7.65,legacy_last_time_line,,D:\Research\FrequencyAssignment\SourceCode\Result2\no_pre_processing\Gurobi\no_pre_processing\graph06.log
legacy_result2,GUR,gurobi,off,graph07,INF,-,0.64,legacy_last_total_or_time_taken,0.64,,0.64,legacy_last_time_line,,D:\Research\FrequencyAssignment\SourceCode\Result2\no_pre_processing\Gurobi\no_pre_processing\graph07.log
legacy_result2,GUR,gurobi,off,graph08,OPT,18,236.65,legacy_last_total_or_time_taken,236.65,,236.65,legacy_last_time_line,,D:\Research\FrequencyAssignment\SourceCode\Result2\no_pre_processing\Gurobi\no_pre_processing\graph08.log
legacy_result2,GUR,gurobi,off,graph09,TO,26,600.0,legacy_timeout_cap,,,329.98,legacy_last_time_line,600.0,D:\Research\FrequencyAssignment\SourceCode\Result2\no_pre_processing\Gurobi\no_pre_processing\graph09.log
legacy_result2,GUR,gurobi,off,graph10,TO,-,600.0,legacy_timeout_cap,,,,,600.0,D:\Research\FrequencyAssignment\SourceCode\Result2\no_pre_processing\Gurobi\no_pre_processing\graph10.log
legacy_result2,GUR,gurobi,off,graph11,INF,-,13.61,legacy_last_total_or_time_taken,13.61,,13.61,legacy_last_time_line,,D:\Research\FrequencyAssignment\SourceCode\Result2\no_pre_processing\Gurobi\no_pre_processing\graph11.log
legacy_result2,GUR,gurobi,off,graph12,INF,-,1.25,legacy_last_total_or_time_taken,1.25,,1.25,legacy_last_time_line,,D:\Research\FrequencyAssignment\SourceCode\Result2\no_pre_processing\Gurobi\no_pre_processing\graph12.log
legacy_result2,GUR,gurobi,off,graph13,INF,-,18.7,legacy_last_total_or_time_taken,18.7,,18.7,legacy_last_time_line,,D:\Research\FrequencyAssignment\SourceCode\Result2\no_pre_processing\Gurobi\no_pre_processing\graph13.log
legacy_result2,GUR,gurobi,off,graph14,OPT,8,468.48,legacy_last_total_or_time_taken,468.48,,468.48,legacy_last_time_line,,D:\Research\FrequencyAssignment\SourceCode\Result2\no_pre_processing\Gurobi\no_pre_processing\graph14.log
legacy_result2,GUR,gurobi,off,TUD200.1,OPT,12,8.77,legacy_last_total_or_time_taken,8.77,,8.77,legacy_last_time_line,,D:\Research\FrequencyAssignment\SourceCode\Result2\no_pre_processing\Gurobi\no_pre_processing\TUD200.1.log
legacy_result2,GUR,gurobi,off,TUD200.2,OPT,46,4.96,legacy_last_total_or_time_taken,4.96,,4.96,legacy_last_time_line,,D:\Research\FrequencyAssignment\SourceCode\Result2\no_pre_processing\Gurobi\no_pre_processing\TUD200.2.log
legacy_result2,GUR,gurobi,off,TUD200.3,OPT,14,16.29,legacy_last_total_or_time_taken,16.29,,16.29,legacy_last_time_line,,D:\Research\FrequencyAssignment\SourceCode\Result2\no_pre_processing\Gurobi\no_pre_processing\TUD200.3.log
legacy_result2,GUR,gurobi,off,TUD200.4,OPT,20,4.02,legacy_last_total_or_time_taken,4.02,,4.02,legacy_last_time_line,,D:\Research\FrequencyAssignment\SourceCode\Result2\no_pre_processing\Gurobi\no_pre_processing\TUD200.4.log
legacy_result2,GUR,gurobi,off,TUD200.5,INF,-,5.53,legacy_last_total_or_time_taken,5.53,,5.53,legacy_last_time_line,,D:\Research\FrequencyAssignment\SourceCode\Result2\no_pre_processing\Gurobi\no_pre_processing\TUD200.5.log
legacy_result2,GUR,gurobi,off,TUD916.1,TO,-,600.0,legacy_timeout_cap,,,,,600.0,D:\Research\FrequencyAssignment\SourceCode\Result2\no_pre_processing\Gurobi\no_pre_processing\TUD916.1.log
legacy_result2,GUR,gurobi,off,TUD916.2,OPT,48,22.01,legacy_last_total_or_time_taken,22.01,,22.01,legacy_last_time_line,,D:\Research\FrequencyAssignment\SourceCode\Result2\no_pre_processing\Gurobi\no_pre_processing\TUD916.2.log
legacy_result2,GUR,gurobi,off,TUD916.3,TO,-,600.0,legacy_timeout_cap,,,,,600.0,D:\Research\FrequencyAssignment\SourceCode\Result2\no_pre_processing\Gurobi\no_pre_processing\TUD916.3.log
legacy_result2,GUR,gurobi,off,TUD916.4,OPT,26,22.9,legacy_last_total_or_time_taken,22.9,,22.9,legacy_last_time_line,,D:\Research\FrequencyAssignment\SourceCode\Result2\no_pre_processing\Gurobi\no_pre_processing\TUD916.4.log
legacy_result2,GUR,gurobi,off,TUD916.5,INF,-,18.61,legacy_last_total_or_time_taken,18.61,,18.61,legacy_last_time_line,,D:\Research\FrequencyAssignment\SourceCode\Result2\no_pre_processing\Gurobi\no_pre_processing\TUD916.5.log
legacy_result2,GUR,gurobi,on,scen01,TO,20,600.0,legacy_timeout_cap,,,32.53,legacy_last_time_line,600.0,D:\Research\FrequencyAssignment\SourceCode\Result2\pre_processing\Gurobi\pre_processing\scen01.log
legacy_result2,GUR,gurobi,on,scen02,OPT,14,7.39,legacy_last_total_or_time_taken,7.39,,7.39,legacy_last_time_line,,D:\Research\FrequencyAssignment\SourceCode\Result2\pre_processing\Gurobi\pre_processing\scen02.log
legacy_result2,GUR,gurobi,on,scen03,TO,16,600.0,legacy_timeout_cap,,,410.61,legacy_last_time_line,600.0,D:\Research\FrequencyAssignment\SourceCode\Result2\pre_processing\Gurobi\pre_processing\scen03.log
legacy_result2,GUR,gurobi,on,scen04,OPT,46,0.16,legacy_last_total_or_time_taken,0.16,,0.16,legacy_last_time_line,,D:\Research\FrequencyAssignment\SourceCode\Result2\pre_processing\Gurobi\pre_processing\scen04.log
legacy_result2,GUR,gurobi,on,scen05,OPT,40,1.37,legacy_last_total_or_time_taken,1.37,,1.37,legacy_last_time_line,,D:\Research\FrequencyAssignment\SourceCode\Result2\pre_processing\Gurobi\pre_processing\scen05.log
legacy_result2,GUR,gurobi,on,scen06,INF,-,0.24,legacy_last_total_or_time_taken,0.24,,0.24,legacy_last_time_line,,D:\Research\FrequencyAssignment\SourceCode\Result2\pre_processing\Gurobi\pre_processing\scen06.log
legacy_result2,GUR,gurobi,on,scen07,INF,-,0.2,legacy_last_total_or_time_taken,0.2,,0.2,legacy_last_time_line,,D:\Research\FrequencyAssignment\SourceCode\Result2\pre_processing\Gurobi\pre_processing\scen07.log
legacy_result2,GUR,gurobi,on,scen08,INF,-,0.28,legacy_last_total_or_time_taken,0.28,,0.28,legacy_last_time_line,,D:\Research\FrequencyAssignment\SourceCode\Result2\pre_processing\Gurobi\pre_processing\scen08.log
legacy_result2,GUR,gurobi,on,scen09,INF,-,0.01,legacy_last_total_or_time_taken,0.01,,0.01,legacy_last_time_line,,D:\Research\FrequencyAssignment\SourceCode\Result2\pre_processing\Gurobi\pre_processing\scen09.log
legacy_result2,GUR,gurobi,on,scen10,INF,-,0.01,legacy_last_total_or_time_taken,0.01,,0.01,legacy_last_time_line,,D:\Research\FrequencyAssignment\SourceCode\Result2\pre_processing\Gurobi\pre_processing\scen10.log
legacy_result2,GUR,gurobi,on,scen11,OPT,22,198.57,legacy_last_total_or_time_taken,198.57,,198.57,legacy_last_time_line,,D:\Research\FrequencyAssignment\SourceCode\Result2\pre_processing\Gurobi\pre_processing\scen11.log
legacy_result2,GUR,gurobi,on,graph01,OPT,18,5.68,legacy_last_total_or_time_taken,5.68,,5.68,legacy_last_time_line,,D:\Research\FrequencyAssignment\SourceCode\Result2\pre_processing\Gurobi\pre_processing\graph01.log
legacy_result2,GUR,gurobi,on,graph02,OPT,14,44.7,legacy_last_total_or_time_taken,44.7,,44.7,legacy_last_time_line,,D:\Research\FrequencyAssignment\SourceCode\Result2\pre_processing\Gurobi\pre_processing\graph02.log
legacy_result2,GUR,gurobi,on,graph03,TO,22,600.0,legacy_timeout_cap,,,505.25,legacy_last_time_line,600.0,D:\Research\FrequencyAssignment\SourceCode\Result2\pre_processing\Gurobi\pre_processing\graph03.log
legacy_result2,GUR,gurobi,on,graph04,TO,44,600.0,legacy_timeout_cap,,,152.24,legacy_last_time_line,600.0,D:\Research\FrequencyAssignment\SourceCode\Result2\pre_processing\Gurobi\pre_processing\graph04.log
legacy_result2,GUR,gurobi,on,graph05,INF,-,0.04,legacy_last_total_or_time_taken,0.04,,0.04,legacy_last_time_line,,D:\Research\FrequencyAssignment\SourceCode\Result2\pre_processing\Gurobi\pre_processing\graph05.log
legacy_result2,GUR,gurobi,on,graph06,INF,-,0.09,legacy_last_total_or_time_taken,0.09,,0.09,legacy_last_time_line,,D:\Research\FrequencyAssignment\SourceCode\Result2\pre_processing\Gurobi\pre_processing\graph06.log
legacy_result2,GUR,gurobi,on,graph07,INF,-,0.0,legacy_last_total_or_time_taken,0.0,,0.0,legacy_last_time_line,,D:\Research\FrequencyAssignment\SourceCode\Result2\pre_processing\Gurobi\pre_processing\graph07.log
legacy_result2,GUR,gurobi,on,graph08,OPT,18,240.57,legacy_last_total_or_time_taken,240.57,,240.57,legacy_last_time_line,,D:\Research\FrequencyAssignment\SourceCode\Result2\pre_processing\Gurobi\pre_processing\graph08.log
legacy_result2,GUR,gurobi,on,graph09,TO,26,600.0,legacy_timeout_cap,,,324.52,legacy_last_time_line,600.0,D:\Research\FrequencyAssignment\SourceCode\Result2\pre_processing\Gurobi\pre_processing\graph09.log
legacy_result2,GUR,gurobi,on,graph10,TO,-,600.0,legacy_timeout_cap,,,,,600.0,D:\Research\FrequencyAssignment\SourceCode\Result2\pre_processing\Gurobi\pre_processing\graph10.log
legacy_result2,GUR,gurobi,on,graph11,INF,-,0.15,legacy_last_total_or_time_taken,0.15,,0.15,legacy_last_time_line,,D:\Research\FrequencyAssignment\SourceCode\Result2\pre_processing\Gurobi\pre_processing\graph11.log
legacy_result2,GUR,gurobi,on,graph12,INF,-,0.01,legacy_last_total_or_time_taken,0.01,,0.01,legacy_last_time_line,,D:\Research\FrequencyAssignment\SourceCode\Result2\pre_processing\Gurobi\pre_processing\graph12.log
legacy_result2,GUR,gurobi,on,graph13,INF,-,0.24,legacy_last_total_or_time_taken,0.24,,0.24,legacy_last_time_line,,D:\Research\FrequencyAssignment\SourceCode\Result2\pre_processing\Gurobi\pre_processing\graph13.log
legacy_result2,GUR,gurobi,on,graph14,OPT,8,456.71,legacy_last_total_or_time_taken,456.71,,456.71,legacy_last_time_line,,D:\Research\FrequencyAssignment\SourceCode\Result2\pre_processing\Gurobi\pre_processing\graph14.log
legacy_result2,GUR,gurobi,on,TUD200.1,OPT,12,14.22,legacy_last_total_or_time_taken,14.22,,14.22,legacy_last_time_line,,D:\Research\FrequencyAssignment\SourceCode\Result2\pre_processing\Gurobi\pre_processing\TUD200.1.log
legacy_result2,GUR,gurobi,on,TUD200.2,OPT,46,0.09,legacy_last_total_or_time_taken,0.09,,0.09,legacy_last_time_line,,D:\Research\FrequencyAssignment\SourceCode\Result2\pre_processing\Gurobi\pre_processing\TUD200.2.log
legacy_result2,GUR,gurobi,on,TUD200.3,OPT,14,15.13,legacy_last_total_or_time_taken,15.13,,15.13,legacy_last_time_line,,D:\Research\FrequencyAssignment\SourceCode\Result2\pre_processing\Gurobi\pre_processing\TUD200.3.log
legacy_result2,GUR,gurobi,on,TUD200.4,OPT,20,0.2,legacy_last_total_or_time_taken,0.2,,0.2,legacy_last_time_line,,D:\Research\FrequencyAssignment\SourceCode\Result2\pre_processing\Gurobi\pre_processing\TUD200.4.log
legacy_result2,GUR,gurobi,on,TUD200.5,INF,-,0.05,legacy_last_total_or_time_taken,0.05,,0.05,legacy_last_time_line,,D:\Research\FrequencyAssignment\SourceCode\Result2\pre_processing\Gurobi\pre_processing\TUD200.5.log
legacy_result2,GUR,gurobi,on,TUD916.1,TO,-,600.0,legacy_timeout_cap,,,,,600.0,D:\Research\FrequencyAssignment\SourceCode\Result2\pre_processing\Gurobi\pre_processing\TUD916.1.log
legacy_result2,GUR,gurobi,on,TUD916.2,OPT,48,0.37,legacy_last_total_or_time_taken,0.37,,0.37,legacy_last_time_line,,D:\Research\FrequencyAssignment\SourceCode\Result2\pre_processing\Gurobi\pre_processing\TUD916.2.log
legacy_result2,GUR,gurobi,on,TUD916.3,TO,-,600.0,legacy_timeout_cap,,,,,600.0,D:\Research\FrequencyAssignment\SourceCode\Result2\pre_processing\Gurobi\pre_processing\TUD916.3.log
legacy_result2,GUR,gurobi,on,TUD916.4,OPT,26,0.73,legacy_last_total_or_time_taken,0.73,,0.73,legacy_last_time_line,,D:\Research\FrequencyAssignment\SourceCode\Result2\pre_processing\Gurobi\pre_processing\TUD916.4.log
legacy_result2,GUR,gurobi,on,TUD916.5,INF,-,0.19,legacy_last_total_or_time_taken,0.19,,0.19,legacy_last_time_line,,D:\Research\FrequencyAssignment\SourceCode\Result2\pre_processing\Gurobi\pre_processing\TUD916.5.log
legacy_result2,POSE_INC,tot_assumptions,off,scen01,OPT,16,220.25,legacy_last_total_or_time_taken,220.25,220.25,,legacy_last_time_line,,D:\Research\FrequencyAssignment\SourceCode\Result2\no_pre_processing\SAT\PSE\no_preprocessing\tot_assumptions\scen01.log
legacy_result2,POSE_INC,tot_assumptions,off,scen02,OPT,14,13.88,legacy_last_total_or_time_taken,13.88,13.88,,legacy_last_time_line,,D:\Research\FrequencyAssignment\SourceCode\Result2\no_pre_processing\SAT\PSE\no_preprocessing\tot_assumptions\scen02.log
legacy_result2,POSE_INC,tot_assumptions,off,scen03,OPT,14,125.33,legacy_last_total_or_time_taken,125.33,125.33,,legacy_last_time_line,,D:\Research\FrequencyAssignment\SourceCode\Result2\no_pre_processing\SAT\PSE\no_preprocessing\tot_assumptions\scen03.log
legacy_result2,POSE_INC,tot_assumptions,off,scen04,OPT,46,0.18,legacy_last_total_or_time_taken,0.18,0.18,,legacy_last_time_line,,D:\Research\FrequencyAssignment\SourceCode\Result2\no_pre_processing\SAT\PSE\no_preprocessing\tot_assumptions\scen04.log
legacy_result2,POSE_INC,tot_assumptions,off,scen05,OPT,40,0.31,legacy_last_total_or_time_taken,0.31,0.31,,legacy_last_time_line,,D:\Research\FrequencyAssignment\SourceCode\Result2\no_pre_processing\SAT\PSE\no_preprocessing\tot_assumptions\scen05.log
legacy_result2,POSE_INC,tot_assumptions,off,scen06,INF,-,0.13,legacy_last_total_or_time_taken,0.13,0.13,,legacy_last_time_line,,D:\Research\FrequencyAssignment\SourceCode\Result2\no_pre_processing\SAT\PSE\no_preprocessing\tot_assumptions\scen06.log
legacy_result2,POSE_INC,tot_assumptions,off,scen07,INF,-,0.28,legacy_last_total_or_time_taken,0.28,0.28,,legacy_last_time_line,,D:\Research\FrequencyAssignment\SourceCode\Result2\no_pre_processing\SAT\PSE\no_preprocessing\tot_assumptions\scen07.log
legacy_result2,POSE_INC,tot_assumptions,off,scen08,INF,-,0.56,legacy_last_total_or_time_taken,0.56,0.56,,legacy_last_time_line,,D:\Research\FrequencyAssignment\SourceCode\Result2\no_pre_processing\SAT\PSE\no_preprocessing\tot_assumptions\scen08.log
legacy_result2,POSE_INC,tot_assumptions,off,scen09,INF,-,0.04,legacy_last_total_or_time_taken,0.04,0.04,,legacy_last_time_line,,D:\Research\FrequencyAssignment\SourceCode\Result2\no_pre_processing\SAT\PSE\no_preprocessing\tot_assumptions\scen09.log
legacy_result2,POSE_INC,tot_assumptions,off,scen10,INF,-,0.04,legacy_last_total_or_time_taken,0.04,0.04,,legacy_last_time_line,,D:\Research\FrequencyAssignment\SourceCode\Result2\no_pre_processing\SAT\PSE\no_preprocessing\tot_assumptions\scen10.log
legacy_result2,POSE_INC,tot_assumptions,off,scen11,OPT,22,16.31,legacy_last_total_or_time_taken,16.31,16.31,,legacy_last_time_line,,D:\Research\FrequencyAssignment\SourceCode\Result2\no_pre_processing\SAT\PSE\no_preprocessing\tot_assumptions\scen11.log
legacy_result2,POSE_INC,tot_assumptions,off,graph01,OPT,18,155.71,legacy_last_total_or_time_taken,155.71,155.71,,legacy_last_time_line,,D:\Research\FrequencyAssignment\SourceCode\Result2\no_pre_processing\SAT\PSE\no_preprocessing\tot_assumptions\graph01.log
legacy_result2,POSE_INC,tot_assumptions,off,graph02,OPT,14,16.89,legacy_last_total_or_time_taken,16.89,16.89,,legacy_last_time_line,,D:\Research\FrequencyAssignment\SourceCode\Result2\no_pre_processing\SAT\PSE\no_preprocessing\tot_assumptions\graph02.log
legacy_result2,POSE_INC,tot_assumptions,off,graph03,OPT,20,4.49,legacy_last_total_or_time_taken,4.49,4.49,,legacy_last_time_line,,D:\Research\FrequencyAssignment\SourceCode\Result2\no_pre_processing\SAT\PSE\no_preprocessing\tot_assumptions\graph03.log
legacy_result2,POSE_INC,tot_assumptions,off,graph04,OPT,22,10.05,legacy_last_total_or_time_taken,10.05,10.05,,legacy_last_time_line,,D:\Research\FrequencyAssignment\SourceCode\Result2\no_pre_processing\SAT\PSE\no_preprocessing\tot_assumptions\graph04.log
legacy_result2,POSE_INC,tot_assumptions,off,graph05,INF,-,0.1,legacy_last_total_or_time_taken,0.1,0.1,,legacy_last_time_line,,D:\Research\FrequencyAssignment\SourceCode\Result2\no_pre_processing\SAT\PSE\no_preprocessing\tot_assumptions\graph05.log
legacy_result2,POSE_INC,tot_assumptions,off,graph06,INF,-,0.2,legacy_last_total_or_time_taken,0.2,0.2,,legacy_last_time_line,,D:\Research\FrequencyAssignment\SourceCode\Result2\no_pre_processing\SAT\PSE\no_preprocessing\tot_assumptions\graph06.log
legacy_result2,POSE_INC,tot_assumptions,off,graph07,INF,-,0.04,legacy_last_total_or_time_taken,0.04,0.04,,legacy_last_time_line,,D:\Research\FrequencyAssignment\SourceCode\Result2\no_pre_processing\SAT\PSE\no_preprocessing\tot_assumptions\graph07.log
legacy_result2,POSE_INC,tot_assumptions,off,graph08,OPT,18,103.01,legacy_last_total_or_time_taken,103.01,103.01,,legacy_last_time_line,,D:\Research\FrequencyAssignment\SourceCode\Result2\no_pre_processing\SAT\PSE\no_preprocessing\tot_assumptions\graph08.log
legacy_result2,POSE_INC,tot_assumptions,off,graph09,OPT,18,283.89,legacy_last_total_or_time_taken,283.89,283.89,,legacy_last_time_line,,D:\Research\FrequencyAssignment\SourceCode\Result2\no_pre_processing\SAT\PSE\no_preprocessing\tot_assumptions\graph09.log
legacy_result2,POSE_INC,tot_assumptions,off,graph10,OPT,22,46.36,legacy_last_total_or_time_taken,46.36,46.36,,legacy_last_time_line,,D:\Research\FrequencyAssignment\SourceCode\Result2\no_pre_processing\SAT\PSE\no_preprocessing\tot_assumptions\graph10.log
legacy_result2,POSE_INC,tot_assumptions,off,graph11,INF,-,0.33,legacy_last_total_or_time_taken,0.33,0.33,,legacy_last_time_line,,D:\Research\FrequencyAssignment\SourceCode\Result2\no_pre_processing\SAT\PSE\no_preprocessing\tot_assumptions\graph11.log
legacy_result2,POSE_INC,tot_assumptions,off,graph12,INF,-,0.07,legacy_last_total_or_time_taken,0.07,0.07,,legacy_last_time_line,,D:\Research\FrequencyAssignment\SourceCode\Result2\no_pre_processing\SAT\PSE\no_preprocessing\tot_assumptions\graph12.log
legacy_result2,POSE_INC,tot_assumptions,off,graph13,INF,-,0.5,legacy_last_total_or_time_taken,0.5,0.5,,legacy_last_time_line,,D:\Research\FrequencyAssignment\SourceCode\Result2\no_pre_processing\SAT\PSE\no_preprocessing\tot_assumptions\graph13.log
legacy_result2,POSE_INC,tot_assumptions,off,graph14,OPT,8,8.34,legacy_last_total_or_time_taken,8.34,8.34,,legacy_last_time_line,,D:\Research\FrequencyAssignment\SourceCode\Result2\no_pre_processing\SAT\PSE\no_preprocessing\tot_assumptions\graph14.log
legacy_result2,POSE_INC,tot_assumptions,off,TUD200.1,OPT,12,2.71,legacy_last_total_or_time_taken,2.71,2.71,,legacy_last_time_line,,D:\Research\FrequencyAssignment\SourceCode\Result2\no_pre_processing\SAT\PSE\no_preprocessing\tot_assumptions\TUD200.1.log
legacy_result2,POSE_INC,tot_assumptions,off,TUD200.2,OPT,46,0.11,legacy_last_total_or_time_taken,0.11,0.11,,legacy_last_time_line,,D:\Research\FrequencyAssignment\SourceCode\Result2\no_pre_processing\SAT\PSE\no_preprocessing\tot_assumptions\TUD200.2.log
legacy_result2,POSE_INC,tot_assumptions,off,TUD200.3,OPT,14,1.54,legacy_last_total_or_time_taken,1.54,1.54,,legacy_last_time_line,,D:\Research\FrequencyAssignment\SourceCode\Result2\no_pre_processing\SAT\PSE\no_preprocessing\tot_assumptions\TUD200.3.log
legacy_result2,POSE_INC,tot_assumptions,off,TUD200.4,OPT,20,0.11,legacy_last_total_or_time_taken,0.11,0.11,,legacy_last_time_line,,D:\Research\FrequencyAssignment\SourceCode\Result2\no_pre_processing\SAT\PSE\no_preprocessing\tot_assumptions\TUD200.4.log
legacy_result2,POSE_INC,tot_assumptions,off,TUD200.5,INF,-,0.12,legacy_last_total_or_time_taken,0.12,0.12,,legacy_last_time_line,,D:\Research\FrequencyAssignment\SourceCode\Result2\no_pre_processing\SAT\PSE\no_preprocessing\tot_assumptions\TUD200.5.log
legacy_result2,POSE_INC,tot_assumptions,off,TUD916.1,OPT,18,9.79,legacy_last_total_or_time_taken,9.79,9.79,,legacy_last_time_line,,D:\Research\FrequencyAssignment\SourceCode\Result2\no_pre_processing\SAT\PSE\no_preprocessing\tot_assumptions\TUD916.1.log
legacy_result2,POSE_INC,tot_assumptions,off,TUD916.2,OPT,48,0.5,legacy_last_total_or_time_taken,0.5,0.5,,legacy_last_time_line,,D:\Research\FrequencyAssignment\SourceCode\Result2\no_pre_processing\SAT\PSE\no_preprocessing\tot_assumptions\TUD916.2.log
legacy_result2,POSE_INC,tot_assumptions,off,TUD916.3,OPT,24,3.54,legacy_last_total_or_time_taken,3.54,3.54,,legacy_last_time_line,,D:\Research\FrequencyAssignment\SourceCode\Result2\no_pre_processing\SAT\PSE\no_preprocessing\tot_assumptions\TUD916.3.log
legacy_result2,POSE_INC,tot_assumptions,off,TUD916.4,OPT,26,0.54,legacy_last_total_or_time_taken,0.54,0.54,,legacy_last_time_line,,D:\Research\FrequencyAssignment\SourceCode\Result2\no_pre_processing\SAT\PSE\no_preprocessing\tot_assumptions\TUD916.4.log
legacy_result2,POSE_INC,tot_assumptions,off,TUD916.5,INF,-,0.48,legacy_last_total_or_time_taken,0.48,0.48,,legacy_last_time_line,,D:\Research\FrequencyAssignment\SourceCode\Result2\no_pre_processing\SAT\PSE\no_preprocessing\tot_assumptions\TUD916.5.log
legacy_result2,POSE_INC,tot_assumptions,on,scen01,OPT,16,215.06,legacy_last_total_or_time_taken,215.06,215.06,,legacy_last_time_line,,D:\Research\FrequencyAssignment\SourceCode\Result2\pre_processing\SAT\PSE\preprocessing\tot_assumptions\scen01.log
legacy_result2,POSE_INC,tot_assumptions,on,scen02,OPT,14,13.86,legacy_last_total_or_time_taken,13.86,13.86,,legacy_last_time_line,,D:\Research\FrequencyAssignment\SourceCode\Result2\pre_processing\SAT\PSE\preprocessing\tot_assumptions\scen02.log
legacy_result2,POSE_INC,tot_assumptions,on,scen03,OPT,14,122.41,legacy_last_total_or_time_taken,122.41,122.41,,legacy_last_time_line,,D:\Research\FrequencyAssignment\SourceCode\Result2\pre_processing\SAT\PSE\preprocessing\tot_assumptions\scen03.log
legacy_result2,POSE_INC,tot_assumptions,on,scen04,OPT,46,0.09,legacy_last_total_or_time_taken,0.09,0.09,,legacy_last_time_line,,D:\Research\FrequencyAssignment\SourceCode\Result2\pre_processing\SAT\PSE\preprocessing\tot_assumptions\scen04.log
legacy_result2,POSE_INC,tot_assumptions,on,scen05,OPT,40,0.42,legacy_last_total_or_time_taken,0.42,0.42,,legacy_last_time_line,,D:\Research\FrequencyAssignment\SourceCode\Result2\pre_processing\SAT\PSE\preprocessing\tot_assumptions\scen05.log
legacy_result2,POSE_INC,tot_assumptions,on,scen06,INF,-,0.22,legacy_last_total_or_time_taken,0.22,0.22,,legacy_last_time_line,,D:\Research\FrequencyAssignment\SourceCode\Result2\pre_processing\SAT\PSE\preprocessing\tot_assumptions\scen06.log
legacy_result2,POSE_INC,tot_assumptions,on,scen07,INF,-,0.2,legacy_last_total_or_time_taken,0.2,0.2,,legacy_last_time_line,,D:\Research\FrequencyAssignment\SourceCode\Result2\pre_processing\SAT\PSE\preprocessing\tot_assumptions\scen07.log
legacy_result2,POSE_INC,tot_assumptions,on,scen08,INF,-,0.27,legacy_last_total_or_time_taken,0.27,0.27,,legacy_last_time_line,,D:\Research\FrequencyAssignment\SourceCode\Result2\pre_processing\SAT\PSE\preprocessing\tot_assumptions\scen08.log
legacy_result2,POSE_INC,tot_assumptions,on,scen09,INF,-,0.01,legacy_last_total_or_time_taken,0.01,0.01,,legacy_last_time_line,,D:\Research\FrequencyAssignment\SourceCode\Result2\pre_processing\SAT\PSE\preprocessing\tot_assumptions\scen09.log
legacy_result2,POSE_INC,tot_assumptions,on,scen10,INF,-,0.01,legacy_last_total_or_time_taken,0.01,0.01,,legacy_last_time_line,,D:\Research\FrequencyAssignment\SourceCode\Result2\pre_processing\SAT\PSE\preprocessing\tot_assumptions\scen10.log
legacy_result2,POSE_INC,tot_assumptions,on,scen11,OPT,22,16.42,legacy_last_total_or_time_taken,16.42,16.42,,legacy_last_time_line,,D:\Research\FrequencyAssignment\SourceCode\Result2\pre_processing\SAT\PSE\preprocessing\tot_assumptions\scen11.log
legacy_result2,POSE_INC,tot_assumptions,on,graph01,OPT,18,152.72,legacy_last_total_or_time_taken,152.72,152.72,,legacy_last_time_line,,D:\Research\FrequencyAssignment\SourceCode\Result2\pre_processing\SAT\PSE\preprocessing\tot_assumptions\graph01.log
legacy_result2,POSE_INC,tot_assumptions,on,graph02,OPT,14,16.95,legacy_last_total_or_time_taken,16.95,16.95,,legacy_last_time_line,,D:\Research\FrequencyAssignment\SourceCode\Result2\pre_processing\SAT\PSE\preprocessing\tot_assumptions\graph02.log
legacy_result2,POSE_INC,tot_assumptions,on,graph03,OPT,20,4.46,legacy_last_total_or_time_taken,4.46,4.46,,legacy_last_time_line,,D:\Research\FrequencyAssignment\SourceCode\Result2\pre_processing\SAT\PSE\preprocessing\tot_assumptions\graph03.log
legacy_result2,POSE_INC,tot_assumptions,on,graph04,OPT,22,10.93,legacy_last_total_or_time_taken,10.93,10.93,,legacy_last_time_line,,D:\Research\FrequencyAssignment\SourceCode\Result2\pre_processing\SAT\PSE\preprocessing\tot_assumptions\graph04.log
legacy_result2,POSE_INC,tot_assumptions,on,graph05,INF,-,0.04,legacy_last_total_or_time_taken,0.04,0.04,,legacy_last_time_line,,D:\Research\FrequencyAssignment\SourceCode\Result2\pre_processing\SAT\PSE\preprocessing\tot_assumptions\graph05.log
legacy_result2,POSE_INC,tot_assumptions,on,graph06,INF,-,0.09,legacy_last_total_or_time_taken,0.09,0.09,,legacy_last_time_line,,D:\Research\FrequencyAssignment\SourceCode\Result2\pre_processing\SAT\PSE\preprocessing\tot_assumptions\graph06.log
legacy_result2,POSE_INC,tot_assumptions,on,graph07,INF,-,0.01,legacy_last_total_or_time_taken,0.01,0.01,,legacy_last_time_line,,D:\Research\FrequencyAssignment\SourceCode\Result2\pre_processing\SAT\PSE\preprocessing\tot_assumptions\graph07.log
legacy_result2,POSE_INC,tot_assumptions,on,graph08,OPT,18,103.44,legacy_last_total_or_time_taken,103.44,103.44,,legacy_last_time_line,,D:\Research\FrequencyAssignment\SourceCode\Result2\pre_processing\SAT\PSE\preprocessing\tot_assumptions\graph08.log
legacy_result2,POSE_INC,tot_assumptions,on,graph09,OPT,18,286.23,legacy_last_total_or_time_taken,286.23,286.23,,legacy_last_time_line,,D:\Research\FrequencyAssignment\SourceCode\Result2\pre_processing\SAT\PSE\preprocessing\tot_assumptions\graph09.log
legacy_result2,POSE_INC,tot_assumptions,on,graph10,OPT,22,40.94,legacy_last_total_or_time_taken,40.94,40.94,,legacy_last_time_line,,D:\Research\FrequencyAssignment\SourceCode\Result2\pre_processing\SAT\PSE\preprocessing\tot_assumptions\graph10.log
legacy_result2,POSE_INC,tot_assumptions,on,graph11,INF,-,0.15,legacy_last_total_or_time_taken,0.15,0.15,,legacy_last_time_line,,D:\Research\FrequencyAssignment\SourceCode\Result2\pre_processing\SAT\PSE\preprocessing\tot_assumptions\graph11.log
legacy_result2,POSE_INC,tot_assumptions,on,graph12,INF,-,0.01,legacy_last_total_or_time_taken,0.01,0.01,,legacy_last_time_line,,D:\Research\FrequencyAssignment\SourceCode\Result2\pre_processing\SAT\PSE\preprocessing\tot_assumptions\graph12.log
legacy_result2,POSE_INC,tot_assumptions,on,graph13,INF,-,0.24,legacy_last_total_or_time_taken,0.24,0.24,,legacy_last_time_line,,D:\Research\FrequencyAssignment\SourceCode\Result2\pre_processing\SAT\PSE\preprocessing\tot_assumptions\graph13.log
legacy_result2,POSE_INC,tot_assumptions,on,graph14,OPT,8,8.49,legacy_last_total_or_time_taken,8.49,8.49,,legacy_last_time_line,,D:\Research\FrequencyAssignment\SourceCode\Result2\pre_processing\SAT\PSE\preprocessing\tot_assumptions\graph14.log
legacy_result2,POSE_INC,tot_assumptions,on,TUD200.1,OPT,12,1.75,legacy_last_total_or_time_taken,1.75,1.75,,legacy_last_time_line,,D:\Research\FrequencyAssignment\SourceCode\Result2\pre_processing\SAT\PSE\preprocessing\tot_assumptions\TUD200.1.log
legacy_result2,POSE_INC,tot_assumptions,on,TUD200.2,OPT,46,0.08,legacy_last_total_or_time_taken,0.08,0.08,,legacy_last_time_line,,D:\Research\FrequencyAssignment\SourceCode\Result2\pre_processing\SAT\PSE\preprocessing\tot_assumptions\TUD200.2.log
legacy_result2,POSE_INC,tot_assumptions,on,TUD200.3,OPT,14,1.11,legacy_last_total_or_time_taken,1.11,1.11,,legacy_last_time_line,,D:\Research\FrequencyAssignment\SourceCode\Result2\pre_processing\SAT\PSE\preprocessing\tot_assumptions\TUD200.3.log
legacy_result2,POSE_INC,tot_assumptions,on,TUD200.4,OPT,20,0.09,legacy_last_total_or_time_taken,0.09,0.09,,legacy_last_time_line,,D:\Research\FrequencyAssignment\SourceCode\Result2\pre_processing\SAT\PSE\preprocessing\tot_assumptions\TUD200.4.log
legacy_result2,POSE_INC,tot_assumptions,on,TUD200.5,INF,-,0.05,legacy_last_total_or_time_taken,0.05,0.05,,legacy_last_time_line,,D:\Research\FrequencyAssignment\SourceCode\Result2\pre_processing\SAT\PSE\preprocessing\tot_assumptions\TUD200.5.log
legacy_result2,POSE_INC,tot_assumptions,on,TUD916.1,OPT,18,13.07,legacy_last_total_or_time_taken,13.07,13.07,,legacy_last_time_line,,D:\Research\FrequencyAssignment\SourceCode\Result2\pre_processing\SAT\PSE\preprocessing\tot_assumptions\TUD916.1.log
legacy_result2,POSE_INC,tot_assumptions,on,TUD916.2,OPT,48,0.33,legacy_last_total_or_time_taken,0.33,0.33,,legacy_last_time_line,,D:\Research\FrequencyAssignment\SourceCode\Result2\pre_processing\SAT\PSE\preprocessing\tot_assumptions\TUD916.2.log
legacy_result2,POSE_INC,tot_assumptions,on,TUD916.3,OPT,24,4.36,legacy_last_total_or_time_taken,4.36,4.36,,legacy_last_time_line,,D:\Research\FrequencyAssignment\SourceCode\Result2\pre_processing\SAT\PSE\preprocessing\tot_assumptions\TUD916.3.log
legacy_result2,POSE_INC,tot_assumptions,on,TUD916.4,OPT,26,0.5,legacy_last_total_or_time_taken,0.5,0.5,,legacy_last_time_line,,D:\Research\FrequencyAssignment\SourceCode\Result2\pre_processing\SAT\PSE\preprocessing\tot_assumptions\TUD916.4.log
legacy_result2,POSE_INC,tot_assumptions,on,TUD916.5,INF,-,0.18,legacy_last_total_or_time_taken,0.18,0.18,,legacy_last_time_line,,D:\Research\FrequencyAssignment\SourceCode\Result2\pre_processing\SAT\PSE\preprocessing\tot_assumptions\TUD916.5.log
legacy_result2,POSE_INCSC,nsc_assumptions,off,scen01,OPT,16,116.64,legacy_last_total_or_time_taken,116.64,116.64,,legacy_last_time_line,,D:\Research\FrequencyAssignment\SourceCode\Result2\no_pre_processing\SAT\PSE\no_preprocessing\nsc_assumptions\scen01.log
legacy_result2,POSE_INCSC,nsc_assumptions,off,scen02,OPT,14,16.25,legacy_last_total_or_time_taken,16.25,16.25,,legacy_last_time_line,,D:\Research\FrequencyAssignment\SourceCode\Result2\no_pre_processing\SAT\PSE\no_preprocessing\nsc_assumptions\scen02.log
legacy_result2,POSE_INCSC,nsc_assumptions,off,scen03,OPT,14,76.31,legacy_last_total_or_time_taken,76.31,76.31,,legacy_last_time_line,,D:\Research\FrequencyAssignment\SourceCode\Result2\no_pre_processing\SAT\PSE\no_preprocessing\nsc_assumptions\scen03.log
legacy_result2,POSE_INCSC,nsc_assumptions,off,scen04,OPT,46,0.28,legacy_last_total_or_time_taken,0.28,0.28,,legacy_last_time_line,,D:\Research\FrequencyAssignment\SourceCode\Result2\no_pre_processing\SAT\PSE\no_preprocessing\nsc_assumptions\scen04.log
legacy_result2,POSE_INCSC,nsc_assumptions,off,scen05,OPT,40,0.44,legacy_last_total_or_time_taken,0.44,0.44,,legacy_last_time_line,,D:\Research\FrequencyAssignment\SourceCode\Result2\no_pre_processing\SAT\PSE\no_preprocessing\nsc_assumptions\scen05.log
legacy_result2,POSE_INCSC,nsc_assumptions,off,scen06,INF,-,0.23,legacy_last_total_or_time_taken,0.23,0.23,,legacy_last_time_line,,D:\Research\FrequencyAssignment\SourceCode\Result2\no_pre_processing\SAT\PSE\no_preprocessing\nsc_assumptions\scen06.log
legacy_result2,POSE_INCSC,nsc_assumptions,off,scen07,INF,-,0.46,legacy_last_total_or_time_taken,0.46,0.46,,legacy_last_time_line,,D:\Research\FrequencyAssignment\SourceCode\Result2\no_pre_processing\SAT\PSE\no_preprocessing\nsc_assumptions\scen07.log
legacy_result2,POSE_INCSC,nsc_assumptions,off,scen08,INF,-,0.9,legacy_last_total_or_time_taken,0.9,0.9,,legacy_last_time_line,,D:\Research\FrequencyAssignment\SourceCode\Result2\no_pre_processing\SAT\PSE\no_preprocessing\nsc_assumptions\scen08.log
legacy_result2,POSE_INCSC,nsc_assumptions,off,scen09,INF,-,0.07,legacy_last_total_or_time_taken,0.07,0.07,,legacy_last_time_line,,D:\Research\FrequencyAssignment\SourceCode\Result2\no_pre_processing\SAT\PSE\no_preprocessing\nsc_assumptions\scen09.log
legacy_result2,POSE_INCSC,nsc_assumptions,off,scen10,INF,-,0.06,legacy_last_total_or_time_taken,0.06,0.06,,legacy_last_time_line,,D:\Research\FrequencyAssignment\SourceCode\Result2\no_pre_processing\SAT\PSE\no_preprocessing\nsc_assumptions\scen10.log
legacy_result2,POSE_INCSC,nsc_assumptions,off,scen11,OPT,22,32.0,legacy_last_total_or_time_taken,32.0,32.0,,legacy_last_time_line,,D:\Research\FrequencyAssignment\SourceCode\Result2\no_pre_processing\SAT\PSE\no_preprocessing\nsc_assumptions\scen11.log
legacy_result2,POSE_INCSC,nsc_assumptions,off,graph01,OPT,18,84.35,legacy_last_total_or_time_taken,84.35,84.35,,legacy_last_time_line,,D:\Research\FrequencyAssignment\SourceCode\Result2\no_pre_processing\SAT\PSE\no_preprocessing\nsc_assumptions\graph01.log
legacy_result2,POSE_INCSC,nsc_assumptions,off,graph02,OPT,14,13.35,legacy_last_total_or_time_taken,13.35,13.35,,legacy_last_time_line,,D:\Research\FrequencyAssignment\SourceCode\Result2\no_pre_processing\SAT\PSE\no_preprocessing\nsc_assumptions\graph02.log
legacy_result2,POSE_INCSC,nsc_assumptions,off,graph03,OPT,20,6.4,legacy_last_total_or_time_taken,6.4,6.4,,legacy_last_time_line,,D:\Research\FrequencyAssignment\SourceCode\Result2\no_pre_processing\SAT\PSE\no_preprocessing\nsc_assumptions\graph03.log
legacy_result2,POSE_INCSC,nsc_assumptions,off,graph04,OPT,22,14.76,legacy_last_total_or_time_taken,14.76,14.76,,legacy_last_time_line,,D:\Research\FrequencyAssignment\SourceCode\Result2\no_pre_processing\SAT\PSE\no_preprocessing\nsc_assumptions\graph04.log
legacy_result2,POSE_INCSC,nsc_assumptions,off,graph05,INF,-,0.17,legacy_last_total_or_time_taken,0.17,0.17,,legacy_last_time_line,,D:\Research\FrequencyAssignment\SourceCode\Result2\no_pre_processing\SAT\PSE\no_preprocessing\nsc_assumptions\graph05.log
legacy_result2,POSE_INCSC,nsc_assumptions,off,graph06,INF,-,0.34,legacy_last_total_or_time_taken,0.34,0.34,,legacy_last_time_line,,D:\Research\FrequencyAssignment\SourceCode\Result2\no_pre_processing\SAT\PSE\no_preprocessing\nsc_assumptions\graph06.log
legacy_result2,POSE_INCSC,nsc_assumptions,off,graph07,INF,-,0.06,legacy_last_total_or_time_taken,0.06,0.06,,legacy_last_time_line,,D:\Research\FrequencyAssignment\SourceCode\Result2\no_pre_processing\SAT\PSE\no_preprocessing\nsc_assumptions\graph07.log
legacy_result2,POSE_INCSC,nsc_assumptions,off,graph08,OPT,18,19.27,legacy_last_total_or_time_taken,19.27,19.27,,legacy_last_time_line,,D:\Research\FrequencyAssignment\SourceCode\Result2\no_pre_processing\SAT\PSE\no_preprocessing\nsc_assumptions\graph08.log
legacy_result2,POSE_INCSC,nsc_assumptions,off,graph09,OPT,18,66.77,legacy_last_total_or_time_taken,66.77,66.77,,legacy_last_time_line,,D:\Research\FrequencyAssignment\SourceCode\Result2\no_pre_processing\SAT\PSE\no_preprocessing\nsc_assumptions\graph09.log
legacy_result2,POSE_INCSC,nsc_assumptions,off,graph10,OPT,22,40.0,legacy_last_total_or_time_taken,40.0,40.0,,legacy_last_time_line,,D:\Research\FrequencyAssignment\SourceCode\Result2\no_pre_processing\SAT\PSE\no_preprocessing\nsc_assumptions\graph10.log
legacy_result2,POSE_INCSC,nsc_assumptions,off,graph11,INF,-,0.61,legacy_last_total_or_time_taken,0.61,0.61,,legacy_last_time_line,,D:\Research\FrequencyAssignment\SourceCode\Result2\no_pre_processing\SAT\PSE\no_preprocessing\nsc_assumptions\graph11.log
legacy_result2,POSE_INCSC,nsc_assumptions,off,graph12,INF,-,0.1,legacy_last_total_or_time_taken,0.1,0.1,,legacy_last_time_line,,D:\Research\FrequencyAssignment\SourceCode\Result2\no_pre_processing\SAT\PSE\no_preprocessing\nsc_assumptions\graph12.log
legacy_result2,POSE_INCSC,nsc_assumptions,off,graph13,INF,-,0.82,legacy_last_total_or_time_taken,0.82,0.82,,legacy_last_time_line,,D:\Research\FrequencyAssignment\SourceCode\Result2\no_pre_processing\SAT\PSE\no_preprocessing\nsc_assumptions\graph13.log
legacy_result2,POSE_INCSC,nsc_assumptions,off,graph14,OPT,8,10.75,legacy_last_total_or_time_taken,10.75,10.75,,legacy_last_time_line,,D:\Research\FrequencyAssignment\SourceCode\Result2\no_pre_processing\SAT\PSE\no_preprocessing\nsc_assumptions\graph14.log
legacy_result2,POSE_INCSC,nsc_assumptions,off,TUD200.1,OPT,12,2.3,legacy_last_total_or_time_taken,2.3,2.3,,legacy_last_time_line,,D:\Research\FrequencyAssignment\SourceCode\Result2\no_pre_processing\SAT\PSE\no_preprocessing\nsc_assumptions\TUD200.1.log
legacy_result2,POSE_INCSC,nsc_assumptions,off,TUD200.2,OPT,46,0.19,legacy_last_total_or_time_taken,0.19,0.19,,legacy_last_time_line,,D:\Research\FrequencyAssignment\SourceCode\Result2\no_pre_processing\SAT\PSE\no_preprocessing\nsc_assumptions\TUD200.2.log
legacy_result2,POSE_INCSC,nsc_assumptions,off,TUD200.3,OPT,14,1.78,legacy_last_total_or_time_taken,1.78,1.78,,legacy_last_time_line,,D:\Research\FrequencyAssignment\SourceCode\Result2\no_pre_processing\SAT\PSE\no_preprocessing\nsc_assumptions\TUD200.3.log
legacy_result2,POSE_INCSC,nsc_assumptions,off,TUD200.4,OPT,20,0.17,legacy_last_total_or_time_taken,0.17,0.17,,legacy_last_time_line,,D:\Research\FrequencyAssignment\SourceCode\Result2\no_pre_processing\SAT\PSE\no_preprocessing\nsc_assumptions\TUD200.4.log
legacy_result2,POSE_INCSC,nsc_assumptions,off,TUD200.5,INF,-,0.18,legacy_last_total_or_time_taken,0.18,0.18,,legacy_last_time_line,,D:\Research\FrequencyAssignment\SourceCode\Result2\no_pre_processing\SAT\PSE\no_preprocessing\nsc_assumptions\TUD200.5.log
legacy_result2,POSE_INCSC,nsc_assumptions,off,TUD916.1,OPT,18,14.02,legacy_last_total_or_time_taken,14.02,14.02,,legacy_last_time_line,,D:\Research\FrequencyAssignment\SourceCode\Result2\no_pre_processing\SAT\PSE\no_preprocessing\nsc_assumptions\TUD916.1.log
legacy_result2,POSE_INCSC,nsc_assumptions,off,TUD916.2,OPT,48,0.78,legacy_last_total_or_time_taken,0.78,0.78,,legacy_last_time_line,,D:\Research\FrequencyAssignment\SourceCode\Result2\no_pre_processing\SAT\PSE\no_preprocessing\nsc_assumptions\TUD916.2.log
legacy_result2,POSE_INCSC,nsc_assumptions,off,TUD916.3,OPT,24,3.21,legacy_last_total_or_time_taken,3.21,3.21,,legacy_last_time_line,,D:\Research\FrequencyAssignment\SourceCode\Result2\no_pre_processing\SAT\PSE\no_preprocessing\nsc_assumptions\TUD916.3.log
legacy_result2,POSE_INCSC,nsc_assumptions,off,TUD916.4,OPT,26,0.79,legacy_last_total_or_time_taken,0.79,0.79,,legacy_last_time_line,,D:\Research\FrequencyAssignment\SourceCode\Result2\no_pre_processing\SAT\PSE\no_preprocessing\nsc_assumptions\TUD916.4.log
legacy_result2,POSE_INCSC,nsc_assumptions,off,TUD916.5,INF,-,0.8,legacy_last_total_or_time_taken,0.8,0.8,,legacy_last_time_line,,D:\Research\FrequencyAssignment\SourceCode\Result2\no_pre_processing\SAT\PSE\no_preprocessing\nsc_assumptions\TUD916.5.log
legacy_result2,POSE_INCSC,nsc_assumptions,on,scen01,OPT,16,119.14,legacy_last_total_or_time_taken,119.14,119.14,,legacy_last_time_line,,D:\Research\FrequencyAssignment\SourceCode\Result2\pre_processing\SAT\PSE\preprocessing\nsc_assumptions\scen01.log
legacy_result2,POSE_INCSC,nsc_assumptions,on,scen02,OPT,14,9.78,legacy_last_total_or_time_taken,9.78,9.78,,legacy_last_time_line,,D:\Research\FrequencyAssignment\SourceCode\Result2\pre_processing\SAT\PSE\preprocessing\nsc_assumptions\scen02.log
legacy_result2,POSE_INCSC,nsc_assumptions,on,scen03,OPT,14,65.31,legacy_last_total_or_time_taken,65.31,65.31,,legacy_last_time_line,,D:\Research\FrequencyAssignment\SourceCode\Result2\pre_processing\SAT\PSE\preprocessing\nsc_assumptions\scen03.log
legacy_result2,POSE_INCSC,nsc_assumptions,on,scen04,OPT,46,0.1,legacy_last_total_or_time_taken,0.1,0.1,,legacy_last_time_line,,D:\Research\FrequencyAssignment\SourceCode\Result2\pre_processing\SAT\PSE\preprocessing\nsc_assumptions\scen04.log
legacy_result2,POSE_INCSC,nsc_assumptions,on,scen05,OPT,40,0.4,legacy_last_total_or_time_taken,0.4,0.4,,legacy_last_time_line,,D:\Research\FrequencyAssignment\SourceCode\Result2\pre_processing\SAT\PSE\preprocessing\nsc_assumptions\scen05.log
legacy_result2,POSE_INCSC,nsc_assumptions,on,scen06,INF,-,0.22,legacy_last_total_or_time_taken,0.22,0.22,,legacy_last_time_line,,D:\Research\FrequencyAssignment\SourceCode\Result2\pre_processing\SAT\PSE\preprocessing\nsc_assumptions\scen06.log
legacy_result2,POSE_INCSC,nsc_assumptions,on,scen07,INF,-,0.19,legacy_last_total_or_time_taken,0.19,0.19,,legacy_last_time_line,,D:\Research\FrequencyAssignment\SourceCode\Result2\pre_processing\SAT\PSE\preprocessing\nsc_assumptions\scen07.log
legacy_result2,POSE_INCSC,nsc_assumptions,on,scen08,INF,-,0.27,legacy_last_total_or_time_taken,0.27,0.27,,legacy_last_time_line,,D:\Research\FrequencyAssignment\SourceCode\Result2\pre_processing\SAT\PSE\preprocessing\nsc_assumptions\scen08.log
legacy_result2,POSE_INCSC,nsc_assumptions,on,scen09,INF,-,0.01,legacy_last_total_or_time_taken,0.01,0.01,,legacy_last_time_line,,D:\Research\FrequencyAssignment\SourceCode\Result2\pre_processing\SAT\PSE\preprocessing\nsc_assumptions\scen09.log
legacy_result2,POSE_INCSC,nsc_assumptions,on,scen10,INF,-,0.01,legacy_last_total_or_time_taken,0.01,0.01,,legacy_last_time_line,,D:\Research\FrequencyAssignment\SourceCode\Result2\pre_processing\SAT\PSE\preprocessing\nsc_assumptions\scen10.log
legacy_result2,POSE_INCSC,nsc_assumptions,on,scen11,OPT,22,16.49,legacy_last_total_or_time_taken,16.49,16.49,,legacy_last_time_line,,D:\Research\FrequencyAssignment\SourceCode\Result2\pre_processing\SAT\PSE\preprocessing\nsc_assumptions\scen11.log
legacy_result2,POSE_INCSC,nsc_assumptions,on,graph01,OPT,18,66.73,legacy_last_total_or_time_taken,66.73,66.73,,legacy_last_time_line,,D:\Research\FrequencyAssignment\SourceCode\Result2\pre_processing\SAT\PSE\preprocessing\nsc_assumptions\graph01.log
legacy_result2,POSE_INCSC,nsc_assumptions,on,graph02,OPT,14,14.96,legacy_last_total_or_time_taken,14.96,14.96,,legacy_last_time_line,,D:\Research\FrequencyAssignment\SourceCode\Result2\pre_processing\SAT\PSE\preprocessing\nsc_assumptions\graph02.log
legacy_result2,POSE_INCSC,nsc_assumptions,on,graph03,OPT,20,5.9,legacy_last_total_or_time_taken,5.9,5.9,,legacy_last_time_line,,D:\Research\FrequencyAssignment\SourceCode\Result2\pre_processing\SAT\PSE\preprocessing\nsc_assumptions\graph03.log
legacy_result2,POSE_INCSC,nsc_assumptions,on,graph04,OPT,22,12.21,legacy_last_total_or_time_taken,12.21,12.21,,legacy_last_time_line,,D:\Research\FrequencyAssignment\SourceCode\Result2\pre_processing\SAT\PSE\preprocessing\nsc_assumptions\graph04.log
legacy_result2,POSE_INCSC,nsc_assumptions,on,graph05,INF,-,0.04,legacy_last_total_or_time_taken,0.04,0.04,,legacy_last_time_line,,D:\Research\FrequencyAssignment\SourceCode\Result2\pre_processing\SAT\PSE\preprocessing\nsc_assumptions\graph05.log
legacy_result2,POSE_INCSC,nsc_assumptions,on,graph06,INF,-,0.09,legacy_last_total_or_time_taken,0.09,0.09,,legacy_last_time_line,,D:\Research\FrequencyAssignment\SourceCode\Result2\pre_processing\SAT\PSE\preprocessing\nsc_assumptions\graph06.log
legacy_result2,POSE_INCSC,nsc_assumptions,on,graph07,INF,-,0.01,legacy_last_total_or_time_taken,0.01,0.01,,legacy_last_time_line,,D:\Research\FrequencyAssignment\SourceCode\Result2\pre_processing\SAT\PSE\preprocessing\nsc_assumptions\graph07.log
legacy_result2,POSE_INCSC,nsc_assumptions,on,graph08,OPT,18,38.64,legacy_last_total_or_time_taken,38.64,38.64,,legacy_last_time_line,,D:\Research\FrequencyAssignment\SourceCode\Result2\pre_processing\SAT\PSE\preprocessing\nsc_assumptions\graph08.log
legacy_result2,POSE_INCSC,nsc_assumptions,on,graph09,OPT,18,159.46,legacy_last_total_or_time_taken,159.46,159.46,,legacy_last_time_line,,D:\Research\FrequencyAssignment\SourceCode\Result2\pre_processing\SAT\PSE\preprocessing\nsc_assumptions\graph09.log
legacy_result2,POSE_INCSC,nsc_assumptions,on,graph10,OPT,22,60.55,legacy_last_total_or_time_taken,60.55,60.55,,legacy_last_time_line,,D:\Research\FrequencyAssignment\SourceCode\Result2\pre_processing\SAT\PSE\preprocessing\nsc_assumptions\graph10.log
legacy_result2,POSE_INCSC,nsc_assumptions,on,graph11,INF,-,0.15,legacy_last_total_or_time_taken,0.15,0.15,,legacy_last_time_line,,D:\Research\FrequencyAssignment\SourceCode\Result2\pre_processing\SAT\PSE\preprocessing\nsc_assumptions\graph11.log
legacy_result2,POSE_INCSC,nsc_assumptions,on,graph12,INF,-,0.01,legacy_last_total_or_time_taken,0.01,0.01,,legacy_last_time_line,,D:\Research\FrequencyAssignment\SourceCode\Result2\pre_processing\SAT\PSE\preprocessing\nsc_assumptions\graph12.log
legacy_result2,POSE_INCSC,nsc_assumptions,on,graph13,INF,-,0.24,legacy_last_total_or_time_taken,0.24,0.24,,legacy_last_time_line,,D:\Research\FrequencyAssignment\SourceCode\Result2\pre_processing\SAT\PSE\preprocessing\nsc_assumptions\graph13.log
legacy_result2,POSE_INCSC,nsc_assumptions,on,graph14,OPT,8,8.64,legacy_last_total_or_time_taken,8.64,8.64,,legacy_last_time_line,,D:\Research\FrequencyAssignment\SourceCode\Result2\pre_processing\SAT\PSE\preprocessing\nsc_assumptions\graph14.log
legacy_result2,POSE_INCSC,nsc_assumptions,on,TUD200.1,OPT,12,2.74,legacy_last_total_or_time_taken,2.74,2.74,,legacy_last_time_line,,D:\Research\FrequencyAssignment\SourceCode\Result2\pre_processing\SAT\PSE\preprocessing\nsc_assumptions\TUD200.1.log
legacy_result2,POSE_INCSC,nsc_assumptions,on,TUD200.2,OPT,46,0.08,legacy_last_total_or_time_taken,0.08,0.08,,legacy_last_time_line,,D:\Research\FrequencyAssignment\SourceCode\Result2\pre_processing\SAT\PSE\preprocessing\nsc_assumptions\TUD200.2.log
legacy_result2,POSE_INCSC,nsc_assumptions,on,TUD200.3,OPT,14,1.13,legacy_last_total_or_time_taken,1.13,1.13,,legacy_last_time_line,,D:\Research\FrequencyAssignment\SourceCode\Result2\pre_processing\SAT\PSE\preprocessing\nsc_assumptions\TUD200.3.log
legacy_result2,POSE_INCSC,nsc_assumptions,on,TUD200.4,OPT,20,0.09,legacy_last_total_or_time_taken,0.09,0.09,,legacy_last_time_line,,D:\Research\FrequencyAssignment\SourceCode\Result2\pre_processing\SAT\PSE\preprocessing\nsc_assumptions\TUD200.4.log
legacy_result2,POSE_INCSC,nsc_assumptions,on,TUD200.5,INF,-,0.05,legacy_last_total_or_time_taken,0.05,0.05,,legacy_last_time_line,,D:\Research\FrequencyAssignment\SourceCode\Result2\pre_processing\SAT\PSE\preprocessing\nsc_assumptions\TUD200.5.log
legacy_result2,POSE_INCSC,nsc_assumptions,on,TUD916.1,OPT,18,10.87,legacy_last_total_or_time_taken,10.87,10.87,,legacy_last_time_line,,D:\Research\FrequencyAssignment\SourceCode\Result2\pre_processing\SAT\PSE\preprocessing\nsc_assumptions\TUD916.1.log
legacy_result2,POSE_INCSC,nsc_assumptions,on,TUD916.2,OPT,48,0.34,legacy_last_total_or_time_taken,0.34,0.34,,legacy_last_time_line,,D:\Research\FrequencyAssignment\SourceCode\Result2\pre_processing\SAT\PSE\preprocessing\nsc_assumptions\TUD916.2.log
legacy_result2,POSE_INCSC,nsc_assumptions,on,TUD916.3,OPT,24,4.4,legacy_last_total_or_time_taken,4.4,4.4,,legacy_last_time_line,,D:\Research\FrequencyAssignment\SourceCode\Result2\pre_processing\SAT\PSE\preprocessing\nsc_assumptions\TUD916.3.log
legacy_result2,POSE_INCSC,nsc_assumptions,on,TUD916.4,OPT,26,0.51,legacy_last_total_or_time_taken,0.51,0.51,,legacy_last_time_line,,D:\Research\FrequencyAssignment\SourceCode\Result2\pre_processing\SAT\PSE\preprocessing\nsc_assumptions\TUD916.4.log
legacy_result2,POSE_INCSC,nsc_assumptions,on,TUD916.5,INF,-,0.18,legacy_last_total_or_time_taken,0.18,0.18,,legacy_last_time_line,,D:\Research\FrequencyAssignment\SourceCode\Result2\pre_processing\SAT\PSE\preprocessing\nsc_assumptions\TUD916.5.log
